Age,Tenure_Months,Monthly_Charges,Total_Charges,Support_Calls,Data_Usage_GB,Num_Devices,Satisfaction_Score,Payment_Delay_Days,Monthly_App_Sessions,Avg_Session_Duration_Min,Last_Login_Days_Ago,App_Crash_Count,Notification_Complaints,Features_Used,Competitor_Usage_Hours,Contract_Length,Internet_Service,Payment_Method,Churn
58,15,19.13,267.58,3,21.36,1,5,2,38,39.1,3,2,3,4,25.3,Monthly,None,Debit Card,0
62,70,84.22,,4,121.51,1,2,22,28,31.9,19,6,5,2,4.6,Monthly,DSL,Bank Transfer,0
69,6,135.41,821.29,6,12.28,3,,28,56,33.8,24,2,0,11,11.4,One Year,Fiber,Debit Card,0
42,36,89.81,3557.23,2,55.84,2,3,,60,62.2,9,5,8,12,12.2,One Year,DSL,Bank Transfer,0
58,72,51.24,3494.8,12,116.51,2,1,25,21,37.3,8,6,9,15,35.9,Monthly,None,Digital Wallet,1
59,59,38.57,2029.61,11,84.42,3,5,13,58,,46,7,2,9,24.7,Monthly,Fiber,Debit Card,0
68,,113.41,6021.92,9,149.42,5,3,17,,84.9,87,3,10,15,26.8,One Year,None,Bank Transfer,1
45,21,89.86,2143.97,11,39.88,5,2,16,59,11.4,80,9,10,9,30.4,Monthly,DSL,,1
67,68,166.55,11661.58,7,3.41,3,3,7,4,23.2,72,2,1,12,24.3,Monthly,None,Debit Card,1
48,71,42.25,3024.65,,63.76,2,5,24,47,62.7,39,12,10,11,18.7,Two Year,DSL,Credit Card,1
22,44,18.47,825.83,9,33.42,1,1,7,5,81.7,42,2,8,4,13.9,One Year,Fiber,Debit Card,1
54,61,55.09,,6,,1,4,11,28,38.2,6,3,0,7,36.4,Monthly,Fiber,Debit Card,0
46,18,84.61,,3,131.24,1,4,25,56,77.3,12,,10,9,41.8,Monthly,Fiber,Debit Card,0
48,28,157.67,4947.77,2,57.16,4,3,29,51,71.1,36,13,8,11,35.9,Monthly,Fiber,Bank Transfer,1
21,70,25.06,1656.11,0,87.83,5,5,5,4,86.5,10,5,1,10,3.4,Monthly,DSL,Credit Card,0
54,32,110.52,3048.31,1,63.17,5,5,16,,84.3,26,10,3,5,,Two Year,None,Bank Transfer,0
66,10,16.54,171.41,9,149.42,1,5,6,33,25.3,44,2,3,6,14.2,One Year,None,Bank Transfer,0
69,68,16.29,1213.1,4,139.8,1,2,8,8,80.3,70,4,4,5,,Two Year,DSL,Debit Card,0
34,65,95.61,6970.36,0,14.3,4,3,1,1,31.4,16,8,2,12,22.1,Two Year,DSL,Credit Card,1
62,20,105.02,2311.24,9,83.1,4,2,1,20,34.1,5,11,3,11,12.5,Monthly,DSL,Digital Wallet,0
65,20,167.75,3090.03,2,146.44,7,2,28,27,4.2,42,13,10,14,36.8,,DSL,Debit Card,1
24,49,158.91,8624.26,3,30.34,4,3,9,53,72.0,29,7,0,11,9.7,One Year,DSL,Credit Card,0
35,45,120.84,,8,50.01,1,,28,17,17.7,33,1,1,10,21.7,Two Year,,Digital Wallet,1
50,15,78.56,1205.48,4,7.14,4,1,16,60,73.0,87,6,5,7,3.5,Two Year,DSL,Bank Transfer,0
,39,98.68,4041.21,5,60.66,3,5,4,13,39.0,48,5,9,10,15.0,Two Year,Fiber,Bank Transfer,0
45,,91.72,3785.4,3,76.92,7,2,21,6,27.0,84,10,1,14,47.6,Monthly,None,Bank Transfer,1
30,19,19.03,333.89,7,91.89,7,1,14,27,80.0,73,6,6,8,20.0,Monthly,None,Credit Card,0
67,14,143.44,1838.78,12,143.72,5,4,1,36,23.9,15,14,2,13,23.2,Two Year,None,Bank Transfer,0
46,65,85.41,6229.26,7,134.63,6,4,14,17,68.2,81,8,8,8,31.3,One Year,DSL,Credit Card,0
,35,70.41,2754.92,1,21.19,2,,22,10,64.2,8,13,6,6,27.1,One Year,Fiber,Debit Card,0
42,3,156.36,506.46,6,71.81,3,3,24,25,77.1,53,7,7,4,13.6,One Year,Fiber,Digital Wallet,1
61,52,134.49,7707.88,2,147.12,5,1,29,26,54.1,84,0,1,11,21.4,One Year,Fiber,Credit Card,1
38,28,90.03,2397.95,6,42.1,7,4,8,54,9.2,2,1,5,4,32.5,Two Year,Fiber,Credit Card,0
30,3,117.52,324.91,7,100.58,5,2,14,45,24.5,47,5,9,10,48.2,Two Year,Fiber,Debit Card,0
24,4,168.27,688.39,6,59.8,6,2,2,38,62.8,80,7,1,12,38.6,Two Year,None,Credit Card,0
54,6,72.29,424.42,5,10.81,6,,0,55,39.0,62,3,6,6,31.8,One Year,None,Debit Card,0
64,67,174.3,10872.6,12,137.98,7,4,14,28,74.7,75,8,5,14,12.3,Monthly,DSL,Digital Wallet,1
47,49,70.51,3449.09,5,27.69,2,3,25,17,31.9,76,8,8,1,25.8,Monthly,Fiber,Debit Card,0
49,72,140.1,10664.01,10,106.92,4,1,2,19,21.5,88,7,4,11,29.1,One Year,None,Bank Transfer,1
65,71,69.58,5240.82,4,46.34,2,1,23,13,29.8,68,5,3,4,36.9,One Year,None,,0
30,38,,1804.18,0,106.35,2,3,1,,50.7,89,4,10,14,37.6,Monthly,Fiber,Bank Transfer,1
46,44,45.42,1729.51,7,17.56,1,4,15,5,52.8,87,1,2,,40.6,One Year,Fiber,Debit Card,1
66,54,115.04,6754.0,3,500,4,4,29,29,,75,13,,10,31.1,Two Year,None,Credit Card,0
31,28,58.67,1436.36,3,26.49,1,2,0,,41.6,76,15,4,1,11.6,Two Year,DSL,Digital Wallet,1
32,34,144.99,5114.61,10,120.68,2,4,3,35,21.8,19,8,2,2,3.0,,None,Bank Transfer,0
47,39,130.46,5763.63,8,81.23,4,1,19,3,80.3,41,8,,2,11.4,Two Year,None,Credit Card,0
61,35,110.08,,2,70.84,6,4,29,18,18.0,74,,10,14,24.6,Monthly,DSL,Bank Transfer,1
38,14,156.53,2079.53,11,74.57,6,4,26,49,50.4,58,2,5,5,16.2,One Year,None,Credit Card,0
52,60,83.19,4523.58,5,93.58,4,4,24,4,19.9,70,4,4,8,44.0,One Year,Fiber,Credit Card,0
56,31,132.11,3862.89,0,83.06,1,2,26,59,12.0,15,4,7,15,35.8,Two Year,None,Bank Transfer,0
48,61,55.22,3420.22,6,29.0,5,5,23,57,,8,8,6,6,46.7,Two Year,DSL,Credit Card,0
37,63,157.77,9780.12,7,52.1,5,5,12,30,84.1,24,7,9,7,11.7,One Year,,Bank Transfer,0
63,49,78.7,4045.67,10,147.13,4,1,4,33,87.0,42,3,7,2,26.3,One Year,Fiber,Debit Card,1
59,20,27.35,593.2,4,,6,4,,6,77.0,86,,5,11,35.9,One Year,None,Credit Card,1
33,37,179.58,7136.35,6,146.76,7,1,14,11,63.1,3,1,5,13,2.8,One Year,DSL,Digital Wallet,1
51,53,108.38,6248.22,2,26.67,5,4,19,44,23.2,74,,3,8,31.9,One Year,DSL,Credit Card,0
47,37,,4210.54,7,141.81,5,3,20,28,62.7,58,9,3,7,42.7,Monthly,Fiber,Digital Wallet,1
54,38,178.79,6376.66,10,59.67,1,5,27,44,70.5,6,15,4,13,39.9,,DSL,Debit Card,0
57,33,126.83,4462.79,10,102.29,2,1,28,41,58.9,39,14,0,10,,Monthly,Fiber,Bank Transfer,1
44,23,48.13,1202.14,5,79.86,3,2,8,59,74.6,61,9,5,13,5.8,,Fiber,Debit Card,0
64,51,174.6,9718.27,5,14.0,4,1,8,35,12.9,47,8,9,7,41.1,One Year,Fiber,Debit Card,1
57,72,69.12,5140.99,10,9.95,7,4,29,45,28.6,,3,2,1,47.3,,DSL,Credit Card,1
52,18,79.13,1369.22,11,104.62,5,4,18,48,65.9,53,3,7,10,20.4,One Year,Fiber,Bank Transfer,1
46,31,156.15,4258.83,10,55.42,6,3,1,26,26.3,15,14,1,11,10.6,Two Year,None,Credit Card,1
39,32,178.16,6191.95,3,10.76,7,5,6,38,21.0,29,10,2,13,45.0,Monthly,DSL,Debit Card,0
52,33,146.75,4276.04,0,20.2,3,2,18,21,3.4,33,1,2,12,21.0,Monthly,None,Credit Card,1
67,47,99.68,4135.49,8,33.62,5,1,23,51,82.0,84,9,7,11,48.2,Monthly,,Digital Wallet,1
24,63,132.55,8209.26,1,48.66,2,1,,,56.9,74,10,6,10,26.5,One Year,None,Digital Wallet,1
62,15,155.71,2441.4,12,82.92,7,2,13,29,80.2,52,10,7,7,20.8,,DSL,Digital Wallet,1
34,48,172.34,8735.95,7,10.54,,1,2,28,10.5,47,4,8,1,29.3,Two Year,None,Bank Transfer,0
44,46,159.15,8289.74,6,130.28,6,1,30,19,54.8,45,3,9,9,10.6,Two Year,DSL,Debit Card,0
40,72,75.65,,9,34.31,4,5,24,53,56.7,86,0,9,15,32.9,Two Year,,Credit Card,1
62,40,167.05,6383.36,2,130.54,5,4,2,10,67.2,3,2,8,4,18.8,One Year,DSL,Debit Card,0
64,42,143.18,6135.5,1,132.56,2,2,24,40,6.4,10,8,7,11,21.2,Two Year,DSL,Digital Wallet,0
,,33.78,2182.6,4,101.89,5,4,16,43,29.1,28,12,9,1,0.4,,Fiber,Debit Card,0
36,42,34.8,1460.45,6,26.77,4,5,22,15,46.0,85,11,1,7,43.1,Monthly,DSL,Credit Card,0
22,41,110.0,4609.31,11,96.2,3,1,12,2,87.0,21,14,5,2,21.8,Monthly,Fiber,Digital Wallet,1
51,11,80.3,833.02,5,33.63,7,2,2,33,57.7,67,6,5,6,36.4,Two Year,Fiber,Debit Card,1
34,26,43.63,1016.25,12,98.5,2,,14,,51.6,74,14,10,15,44.1,Two Year,None,Bank Transfer,0
58,41,39.91,1424.38,7,94.89,7,3,18,4,33.0,9,9,7,8,1.9,One Year,,Credit Card,1
23,65,78.44,5221.47,12,110.97,1,4,29,52,52.3,24,10,9,8,25.1,Monthly,DSL,Credit Card,0
39,11,98.25,974.59,3,106.29,4,5,16,40,16.0,,9,6,7,38.7,Two Year,None,Credit Card,0
59,43,25.88,977.46,10,58.29,3,5,27,10,31.3,74,4,5,5,48.4,Two Year,,Digital Wallet,1
63,11,66.08,699.99,12,49.61,2,5,2,42,61.0,65,11,0,6,15.4,Monthly,DSL,Digital Wallet,1
26,20,27.73,611.91,1,76.4,5,,1,43,31.6,79,4,9,7,7.7,,None,Debit Card,0
20,53,75.11,4243.07,7,,7,4,7,35,23.0,60,6,,11,47.4,One Year,DSL,Bank Transfer,0
50,68,84.08,5137.79,3,120.29,2,3,1,42,44.3,47,3,8,14,6.2,Monthly,Fiber,Bank Transfer,0
50,19,152.12,2536.26,3,122.6,3,1,13,4,36.9,47,7,6,2,,,DSL,Credit Card,1
59,43,145.58,5579.36,4,137.65,4,2,,46,43.3,78,0,1,1,12.8,Monthly,None,,1
36,31,64.69,1733.31,6,96.02,5,4,2,8,75.6,63,0,10,9,28.8,Two Year,Fiber,Bank Transfer,0
57,46,54.69,2452.77,10,100.4,5,,2,34,49.9,64,0,6,14,,Two Year,DSL,,1
,46,145.11,6364.27,11,98.74,1,5,23,49,31.3,5,11,8,6,40.7,Monthly,None,Digital Wallet,0
48,24,148.9,3105.21,12,141.57,1,3,6,3,71.6,5,10,4,9,19.9,Two Year,DSL,Bank Transfer,1
59,25,62.21,1724.21,0,129.94,3,3,3,52,34.4,51,14,6,6,48.7,One Year,None,Digital Wallet,1
69,67,59.01,3458.61,6,12.3,5,2,17,19,30.3,,10,10,5,15.3,Two Year,None,Digital Wallet,1
46,45,88.78,4266.94,5,92.42,4,3,20,51,85.4,9,12,5,9,40.1,Two Year,Fiber,Credit Card,0
56,57,20.74,1028.7,12,96.95,3,4,30,37,4.8,19,14,5,6,22.2,Monthly,None,Debit Card,0
43,41,122.18,4633.09,1,4.37,2,4,16,25,82.4,15,8,4,12,22.3,Two Year,,Digital Wallet,0
26,10,89.59,1003.05,7,149.59,7,3,21,23,64.4,70,9,4,14,7.9,Two Year,None,Debit Card,0
50,29,35.02,924.48,2,35.89,4,1,11,36,52.4,59,4,9,15,4.3,One Year,DSL,Digital Wallet,0
67,53,150.85,6972.68,5,96.53,4,4,21,34,32.3,70,5,2,7,25.1,Monthly,Fiber,Debit Card,1
28,42,169.23,6522.28,,134.29,7,1,8,13,57.9,70,100,2,11,15.1,Two Year,Fiber,Debit Card,1
55,20,43.25,897.3,9,50.97,5,1,26,56,4.5,5,8,10,4,38.3,One Year,None,Credit Card,1
58,70,62.8,4998.23,7,37.11,7,4,9,30,8.4,7,5,7,7,24.2,Monthly,DSL,Debit Card,0
63,41,136.14,6185.87,6,20.05,3,5,17,7,30.1,59,3,4,8,12.4,Monthly,Fiber,Bank Transfer,0
57,54,55.96,3353.01,2,,5,3,6,49,,65,14,7,15,15.4,Monthly,Fiber,Digital Wallet,0
33,,111.25,2693.22,4,74.49,7,4,9,35,2.7,13,13,2,15,13.2,One Year,DSL,Bank Transfer,1
21,72,47.12,3446.81,1,58.26,4,5,8,53,89.0,87,3,2,2,19.7,One Year,None,Bank Transfer,0
30,66,81.23,4621.75,0,20.99,3,4,16,30,15.1,65,4,5,15,30.7,Monthly,DSL,Bank Transfer,0
50,66,102.84,7212.48,4,71.5,1,3,10,44,11.6,53,40,10,1,29.8,One Year,None,,0
55,62,43.13,2777.57,9,116.3,4,2,26,44,23.3,73,3,3,1,22.1,One Year,Fiber,Digital Wallet,0
44,65,142.87,10458.11,11,109.25,6,2,16,14,51.4,84,15,8,7,15.7,Monthly,DSL,Bank Transfer,1
61,,115.66,3569.39,3,42.21,3,2,30,20,69.9,90,6,7,6,24.0,,None,Bank Transfer,1
54,70,77.65,6218.47,5,143.21,7,2,9,3,,10,11,7,11,12.8,One Year,Fiber,Debit Card,0
35,72,129.87,8333.12,9,111.26,2,2,1,43,81.7,28,7,0,2,20.7,Two Year,DSL,Credit Card,0
26,1,174.15,199.12,2,61.33,4,4,20,13,,36,10,,11,3.0,Monthly,None,Debit Card,1
64,5,165.68,747.65,2,140.12,1,,25,32,18.4,37,1,0,5,28.4,Monthly,DSL,Bank Transfer,0
59,,101.51,7935.49,2,127.73,,3,6,52,11.9,20,14,,5,35.9,Monthly,None,Bank Transfer,0
54,25,43.96,,6,124.13,5,3,2,26,60.9,23,4,7,6,46.8,Monthly,DSL,Digital Wallet,0
66,35,172.42,5676.14,11,86.15,3,3,22,16,7.5,15,14,4,3,20.3,Two Year,None,Bank Transfer,0
,38,75.64,2633.61,2,71.99,4,5,11,27,63.8,60,6,3,11,37.7,Monthly,None,Digital Wallet,0
,10,500,1469.97,8,135.48,2,5,17,10,16.5,66,14,1,,10.3,Two Year,DSL,Credit Card,0
46,8,89.82,721.42,7,,5,4,21,52,,2,12,4,14,0.2,Monthly,,Credit Card,1
40,9,104.29,814.79,1,147.93,4,1,9,27,17.8,17,13,5,15,19.1,One Year,DSL,,0
60,70,36.94,,1,27.18,5,4,16,9,66.1,28,0,0,5,23.2,Two Year,None,,0
70,30,55.84,1597.89,4,28.68,6,1,,52,60.1,78,0,3,4,3.4,Two Year,Fiber,Digital Wallet,0
63,7,55.38,334.66,7,35.53,2,1,4,33,89.4,29,,9,10,38.6,One Year,Fiber,Bank Transfer,0
60,67,51.47,3242.1,0,83.73,5,2,20,44,39.6,63,1,5,11,33.6,Two Year,DSL,Digital Wallet,1
37,49,45.34,2246.94,3,127.48,3,2,25,30,82.5,71,13,6,9,26.5,One Year,Fiber,Bank Transfer,1
59,11,167.17,2030.37,1,80.58,7,2,1,18,35.2,77,1,1,4,40.2,Two Year,None,,1
39,39,172.91,5762.99,3,144.33,1,4,29,16,63.2,90,6,6,15,12.0,One Year,DSL,Digital Wallet,1
59,46,,2903.32,7,70.17,7,4,24,,30.2,26,11,5,7,2.3,Monthly,None,Debit Card,1
53,,63.71,3126.78,3,57.29,7,2,15,36,59.6,,10,4,13,41.1,Two Year,None,Digital Wallet,1
64,46,42.93,2105.3,7,28.02,5,1,16,3,75.8,9,1,0,7,6.9,Two Year,,Credit Card,0
18,28,98.45,2651.74,9,95.84,5,4,21,32,3.4,68,13,0,1,26.5,One Year,None,Bank Transfer,1
70,56,148.02,9308.12,1,137.75,5,2,7,13,56.5,32,11,4,13,19.8,One Year,DSL,Digital Wallet,1
62,29,64.5,2054.59,1,98.23,7,1,2,26,35.4,70,15,0,11,0.5,Monthly,Fiber,Digital Wallet,0
59,43,108.37,5160.33,1,,1,2,6,58,78.4,72,15,4,1,46.2,Two Year,DSL,Credit Card,1
38,3,,534.52,12,123.19,7,4,29,5,28.3,72,7,9,14,42.5,Two Year,None,Bank Transfer,1
65,18,145.43,2766.41,1,75.37,3,1,3,28,22.4,9,10,9,13,30.7,Two Year,,Bank Transfer,1
35,58,95.95,5324.37,6,65.06,6,5,21,25,9.5,79,9,3,12,3.7,One Year,Fiber,Digital Wallet,0
58,20,137.04,2590.07,1,14.18,3,4,11,49,25.7,16,2,2,7,22.4,Two Year,None,Digital Wallet,0
23,46,106.45,5039.08,12,49.0,4,1,,27,36.1,10,7,9,,8.5,One Year,Fiber,Debit Card,1
35,64,39.08,2251.41,4,63.45,4,1,11,17,85.1,80,15,9,10,9.8,Monthly,Fiber,Bank Transfer,1
43,43,153.87,6378.0,5,66.31,4,5,4,20,30.2,88,6,7,6,8.9,One Year,DSL,Bank Transfer,0
58,63,174.68,11935.76,5,56.72,7,4,11,8,84.0,25,5,10,13,27.5,Two Year,DSL,Debit Card,0
36,9,150.13,1471.01,6,101.11,2,3,7,17,60.0,54,12,1,8,49.5,One Year,None,Digital Wallet,1
62,54,104.7,6146.9,5,105.39,7,5,19,41,82.5,13,7,10,11,17.8,Two Year,None,Credit Card,0
59,52,174.52,8616.56,12,64.85,1,1,8,15,46.9,66,7,7,6,19.6,Two Year,None,Debit Card,1
19,62,32.25,1949.1,1,17.85,6,2,11,20,32.2,26,15,5,8,4.9,Two Year,,Digital Wallet,0
37,6,148.68,789.07,5,97.37,6,2,29,48,23.5,22,5,5,9,21.3,One Year,Fiber,Digital Wallet,0
29,56,80.27,4815.25,3,67.71,4,4,0,46,20.9,35,2,9,2,40.0,Two Year,Fiber,Bank Transfer,0
47,15,58.29,969.47,8,144.9,3,5,12,40,36.5,14,,5,14,22.9,Monthly,None,Bank Transfer,0
55,11,125.9,1307.28,3,46.15,2,3,22,10,47.0,,4,9,7,21.2,One Year,None,Debit Card,1
49,37,38.15,1333.03,7,93.1,7,3,30,1,44.6,24,12,8,9,32.7,One Year,None,Digital Wallet,1
46,63,42.6,2736.45,12,114.28,3,1,8,15,49.3,21,14,9,12,38.6,One Year,,Credit Card,1
35,70,150.84,10137.07,12,6.72,6,4,17,14,89.1,365,7,4,14,,One Year,DSL,Bank Transfer,0
23,57,,7960.65,12,35.92,7,5,22,23,77.8,78,13,2,10,7.0,Monthly,Fiber,Credit Card,1
52,36,113.48,3678.85,11,44.25,5,3,30,55,47.3,86,3,2,13,39.3,Monthly,DSL,Debit Card,0
26,32,39.13,1185.33,3,114.34,6,4,15,10,52.8,34,13,6,8,3.8,Monthly,DSL,Bank Transfer,1
105,59,171.79,9610.45,0,,7,1,23,30,57.9,89,11,1,13,26.7,Monthly,DSL,Debit Card,1
38,37,70.73,2678.2,9,,7,3,28,44,,5,3,10,13,41.8,,Fiber,Debit Card,0
18,55,48.38,2811.45,2,132.38,3,2,27,60,79.1,11,11,4,2,18.6,Two Year,Fiber,Credit Card,0
37,30,85.82,2258.85,1,0.66,4,1,4,38,21.9,87,14,0,1,34.8,,DSL,Debit Card,1
32,50,29.74,1623.49,1,47.35,3,2,12,50,73.6,17,4,1,9,28.2,Two Year,None,Debit Card,0
64,28,118.63,2974.24,6,92.6,4,2,2,58,10.8,15,12,5,7,15.7,Monthly,Fiber,Bank Transfer,0
33,71,114.16,8643.18,4,,6,1,27,,59.9,38,6,8,10,25.5,Two Year,DSL,Bank Transfer,0
68,31,96.66,2648.34,7,95.89,1,5,,1,88.8,40,4,6,14,41.9,One Year,DSL,Debit Card,1
67,10,17.75,154.47,4,32.75,1,4,16,19,57.3,64,13,6,12,20.1,Two Year,None,Debit Card,1
37,11,99.37,,,23.73,3,4,18,41,69.2,83,2,4,12,21.9,Monthly,Fiber,Debit Card,1
45,15,89.81,1391.13,4,100.08,6,2,3,1,64.3,89,0,2,8,47.7,Two Year,None,Bank Transfer,1
26,35,135.93,4212.42,0,,4,3,16,5,25.1,73,2,7,8,25.5,Monthly,DSL,Debit Card,1
34,14,162.55,2394.57,1,34.65,5,1,1,55,77.9,31,1,7,6,19.1,Monthly,Fiber,Credit Card,1
63,54,52.05,2598.43,11,48.33,7,1,18,24,12.5,86,1,2,4,40.2,Monthly,DSL,Credit Card,0
36,40,69.0,2803.96,0,55.65,3,,25,20,,31,14,5,10,48.6,Monthly,,Debit Card,1
44,4,53.44,203.91,11,131.64,3,1,24,43,35.1,39,3,3,9,49.2,One Year,DSL,Credit Card,0
27,36,30.35,,8,62.25,3,4,23,6,53.1,64,4,10,14,19.7,Two Year,None,Credit Card,1
26,31,63.13,2163.05,12,59.25,7,3,10,29,25.9,9,6,2,13,38.5,Monthly,Fiber,Credit Card,1
47,41,82.07,3401.13,12,31.54,3,4,8,55,12.6,20,9,9,,10.8,One Year,Fiber,Credit Card,0
40,51,99.72,5356.05,4,123.1,2,1,30,26,77.2,71,,1,8,5.1,Monthly,Fiber,Credit Card,1
67,29,36.57,1163.51,5,103.1,,1,18,38,24.8,9,0,1,4,45.1,One Year,Fiber,Credit Card,0
69,43,35.22,1715.4,0,25.61,,4,26,47,36.8,3,12,10,7,8.6,Monthly,Fiber,Bank Transfer,0
27,5,116.33,602.06,10,44.62,4,5,15,4,9.7,49,4,6,4,,Two Year,Fiber,Credit Card,0
68,46,94.15,4696.56,5,136.95,5,3,12,18,17.8,40,7,0,15,40.5,One Year,Fiber,Digital Wallet,0
67,30,175.71,4638.96,10,36.55,5,1,24,15,52.7,49,11,2,3,11.8,One Year,None,Bank Transfer,1
,46,171.35,8032.51,9,142.28,7,4,17,20,17.4,4,2,0,4,30.1,Monthly,None,,1
57,26,148.06,3665.66,2,137.86,7,3,1,2,15.0,90,4,1,14,26.3,One Year,Fiber,Bank Transfer,0
60,51,111.69,5416.9,5,20.9,2,4,25,41,180,83,10,2,12,48.4,Two Year,None,Bank Transfer,0
55,23,77.43,1905.91,4,19.54,6,1,30,45,85.5,50,1,,10,15.9,Two Year,Fiber,Credit Card,0
27,43,137.98,5466.79,5,25.6,1,3,14,,25.3,31,2,5,5,39.4,Two Year,Fiber,Credit Card,1
64,54,174.9,10534.18,7,132.32,3,5,12,7,74.9,73,7,2,8,3.7,Monthly,DSL,Credit Card,1
24,10,71.4,797.09,2,109.93,5,1,10,39,88.7,61,0,6,11,8.2,One Year,Fiber,Credit Card,1
31,25,82.53,2096.74,11,81.25,6,,9,16,10.4,50,15,2,1,18.0,One Year,Fiber,Bank Transfer,0
58,62,47.95,2549.92,2,95.91,1,4,27,8,29.1,50,15,7,15,33.1,Monthly,None,Digital Wallet,1
42,48,45.79,1897.65,7,70.03,2,3,18,4,15.3,89,3,1,11,17.2,Two Year,,Debit Card,1
42,67,84.07,5692.7,7,86.12,2,4,9,6,36.7,4,4,1,13,22.5,Monthly,Fiber,Debit Card,1
45,11,178.07,1920.81,10,22.61,5,3,10,59,,8,2,6,9,19.9,One Year,DSL,Digital Wallet,0
18,67,143.98,8525.29,2,22.66,5,5,24,7,83.4,72,3,4,14,26.8,One Year,DSL,Bank Transfer,1
49,61,21.18,1204.93,2,92.93,6,4,1,26,80.3,42,7,0,12,23.8,One Year,DSL,Credit Card,0
68,39,66.31,2852.08,11,102.89,7,2,4,20,,56,10,4,12,20.8,Two Year,,Debit Card,1
70,53,137.26,7841.11,5,123.24,5,2,2,20,,51,4,8,15,28.4,Monthly,Fiber,Debit Card,0
33,5,90.31,508.18,11,30.27,3,4,16,26,57.9,15,0,3,6,24.4,One Year,Fiber,Digital Wallet,0
40,45,41.98,,11,124.72,1,3,0,25,6.4,73,6,3,11,11.3,Monthly,DSL,Digital Wallet,1
67,2,93.23,165.89,2,90.37,1,2,8,39,72.8,39,8,6,15,18.8,One Year,,Bank Transfer,1
37,67,151.01,9805.5,1,1.6,6,3,17,42,54.3,36,9,10,2,24.1,One Year,DSL,Bank Transfer,0
34,39,46.08,1806.44,,135.0,7,5,12,43,30.1,17,0,10,8,49.9,One Year,DSL,Digital Wallet,0
20,25,71.62,1905.11,10,80.43,7,4,29,43,33.5,38,5,30,15,27.9,One Year,Fiber,Digital Wallet,1
34,72,140.88,9178.93,10,134.99,6,1,7,23,21.7,39,13,5,6,13.0,One Year,DSL,Credit Card,1
58,10,92.92,844.05,1,130.19,4,5,9,27,6.8,19,4,3,6,20.5,Two Year,DSL,Debit Card,0
63,24,143.53,3431.89,10,148.0,,1,0,29,26.1,21,5,7,13,38.2,Monthly,Fiber,Digital Wallet,1
43,55,174.28,9249.86,0,80.3,6,3,30,,,67,6,0,11,0.2,Two Year,Fiber,Debit Card,0
40,40,36.27,1400.12,9,46.26,1,1,9,19,42.1,66,10,6,15,34.3,,DSL,Digital Wallet,1
30,22,171.43,4244.63,6,3.36,2,2,6,,3.9,64,5,1,6,35.6,Monthly,,Bank Transfer,0
57,7,113.0,683.73,1,98.21,1,1,22,8,38.7,48,3,8,5,23.7,Monthly,Fiber,Credit Card,1
60,13,,1504.51,9,105.26,4,1,16,47,56.4,36,3,1,8,9.9,Monthly,,Debit Card,1
44,38,41.46,1598.23,3,103.39,4,3,7,1,3.1,11,3,9,11,24.7,Monthly,None,Credit Card,0
24,33,121.32,3951.62,4,39.99,1,1,26,12,78.9,37,11,10,6,21.3,Monthly,Fiber,Credit Card,1
26,22,69.23,1703.33,9,40.61,6,1,11,53,32.2,14,12,6,8,13.6,One Year,None,Digital Wallet,0
59,22,,783.87,0,147.24,7,2,3,27,82.2,61,14,2,10,19.0,,None,Credit Card,0
64,17,94.71,1604.33,6,66.38,,3,20,21,3.1,86,7,10,14,16.9,Two Year,None,Credit Card,1
64,32,94.52,3173.19,10,58.04,7,5,28,40,6.8,82,,8,14,23.5,One Year,Fiber,Credit Card,0
38,31,69.6,2014.01,8,33.79,6,4,12,53,22.7,58,14,9,8,4.4,One Year,DSL,Bank Transfer,1
49,3,31.94,93.3,8,82.59,7,1,25,39,86.8,81,9,8,9,10.3,Two Year,DSL,Bank Transfer,1
21,29,154.31,4249.41,12,93.15,4,3,22,29,12.0,,7,0,6,17.8,Two Year,DSL,Bank Transfer,1
20,22,96.25,2321.95,11,108.37,1,3,19,13,18.5,50,6,7,,39.1,Two Year,DSL,Credit Card,1
,,142.4,2244.57,10,88.6,5,2,30,32,2.4,6,13,9,8,46.2,Monthly,None,Debit Card,1
26,14,78.92,1138.21,5,75.86,4,4,19,59,62.9,31,8,,6,48.5,One Year,Fiber,Debit Card,1
62,66,64.32,4501.73,5,106.93,5,,6,14,56.9,37,11,10,3,49.1,Two Year,Fiber,Bank Transfer,0
66,46,107.78,5081.04,10,,6,5,9,57,76.6,1,3,0,7,7.3,Two Year,Fiber,Debit Card,0
68,21,,,2,125.99,6,3,6,49,49.6,45,14,1,10,43.4,Two Year,None,Debit Card,0
53,50,54.2,2941.14,12,104.57,6,1,29,25,,87,10,8,1,0.6,One Year,Fiber,Digital Wallet,1
58,48,139.59,6794.02,9,29.87,6,2,9,29,17.6,87,2,2,3,36.8,Monthly,DSL,Credit Card,1
53,34,36.46,,4,1.34,4,2,1,10,83.7,76,1,10,10,,One Year,DSL,Bank Transfer,1
63,41,101.69,4740.88,8,10.69,5,2,13,35,49.3,11,11,3,15,10.7,One Year,DSL,Bank Transfer,0
66,68,93.35,6464.6,12,147.18,1,1,21,23,41.2,82,,0,11,44.3,One Year,Fiber,Digital Wallet,1
64,37,19.08,709.53,12,56.56,,5,14,32,5.9,83,6,5,9,4.1,Monthly,Fiber,Credit Card,0
31,28,157.72,4315.75,1,31.23,7,4,20,53,84.7,87,4,0,8,35.8,Monthly,Fiber,Credit Card,1
68,33,107.08,3613.11,3,136.69,4,4,14,41,37.6,40,0,6,11,5.9,Monthly,None,Credit Card,0
55,6,130.65,683.39,8,16.37,7,3,19,6,26.8,56,12,6,14,,One Year,Fiber,Debit Card,1
43,70,63.67,4636.13,4,101.75,7,3,30,1,50.7,71,4,1,1,0.3,Two Year,DSL,Credit Card,1
65,45,49.94,2520.77,8,21.8,2,2,19,54,24.2,14,5,10,13,28.4,Monthly,None,Digital Wallet,0
22,38,125.83,4423.91,3,108.98,4,3,11,9,61.1,30,3,4,10,3.5,Monthly,DSL,Digital Wallet,1
57,40,129.42,4636.96,9,800,3,4,5,1,29.6,28,,4,14,18.0,Two Year,None,Bank Transfer,0
47,58,74.19,4051.9,8,16.77,6,5,2,54,26.7,17,6,4,12,44.3,Monthly,None,Credit Card,0
50,4,149.09,610.48,12,88.71,1,5,8,35,80.7,69,15,10,13,7.4,One Year,Fiber,Bank Transfer,1
50,66,29.94,1895.34,0,99.57,7,5,21,11,68.6,17,14,2,3,28.3,Two Year,None,Debit Card,0
48,46,21.67,1075.01,3,9.9,3,2,1,43,,46,12,7,15,22.7,Monthly,Fiber,Bank Transfer,1
51,36,152.75,5108.54,8,85.74,4,4,11,38,59.5,9,8,6,15,100,One Year,DSL,Bank Transfer,0
,1,97.8,87.21,2,34.88,5,3,,10,18.4,46,3,10,4,20.7,One Year,None,Credit Card,1
48,62,49.77,2772.15,6,3.86,1,2,18,38,16.2,,1,,3,2.8,One Year,Fiber,Digital Wallet,0
54,3,159.95,512.67,4,142.11,2,4,19,31,78.3,21,7,6,10,7.1,Two Year,Fiber,Bank Transfer,1
61,44,167.19,7569.4,1,34.86,4,2,3,2,19.8,64,13,2,10,4.8,One Year,None,Credit Card,0
52,65,139.14,7940.33,10,19.98,5,5,26,1,80.9,86,13,8,7,18.5,Monthly,None,Digital Wallet,1
69,62,145.28,8686.44,9,120.79,7,5,3,28,13.8,61,7,1,5,29.9,Two Year,DSL,Bank Transfer,1
63,1,110.37,97.72,0,56.57,2,3,13,24,11.4,54,8,4,14,26.8,Two Year,DSL,Bank Transfer,0
43,27,83.18,2437.06,7,27.22,5,5,15,17,89.0,73,11,6,12,6.9,,Fiber,Debit Card,1
62,21,31.55,664.21,12,51.1,5,5,22,44,64.2,20,12,10,1,40.2,Monthly,DSL,Digital Wallet,1
34,,76.19,2281.78,11,57.96,4,5,20,34,,76,1,2,11,24.7,Monthly,Fiber,Bank Transfer,1
68,66,,6075.38,2,101.27,3,2,20,1,87.9,11,8,6,6,33.5,One Year,None,Debit Card,1
65,9,166.66,1522.26,11,124.55,5,3,11,53,26.3,77,6,7,15,20.2,Monthly,DSL,Debit Card,1
24,72,26.94,,1,120.54,3,5,26,51,52.6,88,14,6,10,24.2,Monthly,DSL,Digital Wallet,0
55,4,94.53,350.65,6,95.23,2,2,25,21,38.3,45,0,4,4,14.4,One Year,None,Bank Transfer,1
29,61,66.79,3730.21,,40.73,6,2,15,48,19.6,30,8,3,4,10.1,Monthly,None,Bank Transfer,1
24,16,166.83,2810.07,,,1,5,30,3,76.6,47,10,7,15,49.3,Two Year,DSL,Digital Wallet,1
66,66,61.24,3704.86,9,,5,4,15,35,4.9,44,12,10,13,8.7,Monthly,None,Digital Wallet,1
18,2,126.23,243.33,1,49.15,5,3,5,36,25.1,34,15,9,,18.3,One Year,DSL,Debit Card,1
66,48,75.24,3503.82,7,27.39,2,5,21,15,73.6,34,7,8,7,42.8,Monthly,Fiber,Debit Card,1
18,23,84.55,1731.4,10,77.79,6,3,25,32,28.4,71,1,6,2,34.5,Monthly,Fiber,Bank Transfer,1
58,13,89.23,1102.45,5,54.37,5,3,11,2,38.2,44,6,9,10,32.5,Two Year,Fiber,Bank Transfer,1
61,66,95.44,6746.01,1,57.47,3,4,20,10,78.4,81,10,6,11,30.6,One Year,Fiber,Credit Card,1
32,41,,2585.82,,91.01,4,3,,29,70.7,46,14,6,3,9.2,Monthly,Fiber,Debit Card,0
65,11,49.74,530.24,1,10.04,4,5,1,2,69.8,67,2,1,5,30.9,Monthly,None,Digital Wallet,1
33,37,88.12,2895.02,8,125.86,1,1,21,23,77.7,41,15,7,14,27.0,One Year,None,Digital Wallet,1
,70,44.21,3185.3,10,112.46,5,4,16,41,58.3,39,11,7,9,11.4,Monthly,DSL,Bank Transfer,1
34,20,65.09,1106.57,12,127.27,3,3,15,35,2.7,62,15,4,1,38.3,One Year,None,Debit Card,0
53,48,46.11,2467.03,6,59.52,2,4,26,25,21.4,10,13,10,4,25.8,Two Year,None,Bank Transfer,0
65,69,,9975.41,1,27.77,3,1,20,30,56.4,34,15,3,6,1.0,Monthly,None,Credit Card,1
24,37,59.42,2340.48,11,1.73,,2,0,32,21.1,53,9,7,6,23.2,Monthly,DSL,Credit Card,0
27,8,58.97,456.53,8,70.79,2,,26,25,74.9,15,7,6,13,48.7,Monthly,None,Credit Card,1
65,13,100.99,1502.76,7,58.67,3,3,5,41,66.1,70,3,4,8,31.9,Monthly,DSL,Credit Card,0
31,15,53.93,792.97,0,25.52,3,5,3,26,71.4,1,1,9,13,34.5,Two Year,None,Debit Card,0
23,32,41.02,1151.74,9,51.09,7,1,1,23,58.7,89,3,2,8,11.6,Two Year,,Bank Transfer,0
,25,18.52,446.02,11,20.64,1,4,22,29,51.2,69,15,3,,9.3,One Year,DSL,Digital Wallet,1
56,71,41.46,2971.16,7,44.7,3,5,11,30,2.1,81,12,2,15,0.9,One Year,,Debit Card,1
22,69,150.14,9395.81,10,74.88,5,2,19,19,30.4,82,10,1,2,26.2,Monthly,Fiber,Debit Card,1
20,26,,770.6,0,85.87,7,4,21,32,48.3,89,8,0,6,11.0,Two Year,Fiber,Credit Card,0
31,63,168.19,11651.58,7,120.25,1,3,17,48,84.6,53,11,0,14,30.8,Two Year,Fiber,Credit Card,0
22,28,173.5,4270.84,11,35.04,4,2,6,34,59.8,72,5,,12,27.9,Two Year,Fiber,Bank Transfer,1
62,55,160.67,7953.54,2,82.72,5,3,21,11,49.0,76,14,5,15,15.8,One Year,DSL,Digital Wallet,0
45,42,115.39,4938.19,,56.57,5,3,11,29,41.4,50,0,0,5,29.8,Two Year,Fiber,Bank Transfer,1
32,28,156.19,3745.79,11,123.44,5,5,17,37,83.5,19,3,0,8,17.8,Monthly,DSL,Bank Transfer,0
33,30,57.28,1615.45,9,60.27,2,1,23,21,71.8,22,15,9,14,45.4,Two Year,,Bank Transfer,1
69,49,27.95,1187.09,12,50.49,7,4,13,60,78.4,,0,10,13,31.6,Monthly,,Credit Card,0
54,20,68.93,1460.39,2,8.05,6,4,14,49,54.4,64,2,3,7,14.5,One Year,Fiber,Debit Card,0
48,,105.45,685.57,6,75.52,7,2,24,9,44.3,25,15,6,11,28.6,Two Year,None,Debit Card,1
35,56,68.36,4315.26,1,17.32,4,4,11,23,18.8,44,0,4,3,49.4,Two Year,,Debit Card,0
70,30,47.95,1384.05,12,109.41,1,1,23,4,23.4,79,4,4,1,17.2,Monthly,DSL,Digital Wallet,1
39,27,137.1,3381.73,8,78.73,3,5,15,40,66.2,18,,6,10,45.3,,Fiber,Bank Transfer,0
36,26,145.22,3909.34,0,70.01,1,1,12,43,25.9,84,11,1,1,14.6,Two Year,DSL,Debit Card,0
50,13,164.14,2124.0,9,79.97,2,2,16,30,51.3,2,1,3,15,26.5,One Year,DSL,Digital Wallet,0
19,45,127.91,5506.22,4,35.81,5,3,25,4,57.1,49,0,8,5,11.3,One Year,,Debit Card,1
42,67,173.5,12016.65,10,103.14,4,2,18,10,39.5,39,40,7,9,6.6,Two Year,Fiber,Debit Card,1
37,68,165.08,10989.92,12,22.2,5,2,10,5,51.0,,5,5,14,44.0,Two Year,Fiber,Bank Transfer,0
,53,65.05,3701.68,10,140.02,3,2,24,13,11.4,23,0,9,10,13.3,Two Year,None,Debit Card,0
32,4,74.28,313.89,7,20.55,7,5,15,46,59.2,23,12,7,8,6.9,Monthly,Fiber,Credit Card,0
18,35,171.78,5511.87,10,148.24,7,2,2,12,83.6,56,15,5,14,22.9,Monthly,DSL,Digital Wallet,1
56,49,133.83,6349.43,,86.0,5,5,20,57,64.0,4,3,7,8,41.4,Monthly,Fiber,Digital Wallet,0
20,72,78.92,6134.25,0,28.88,4,4,28,20,70.1,36,14,2,7,14.7,Monthly,None,Debit Card,0
,58,29.92,1735.7,2,116.92,6,5,4,26,38.4,57,0,2,,29.5,Two Year,Fiber,Digital Wallet,0
38,21,133.53,,1,106.08,6,3,2,34,64.2,65,5,6,9,19.0,Monthly,DSL,Debit Card,1
27,23,141.91,2824.58,4,46.77,7,4,9,41,17.9,16,6,0,10,38.3,Monthly,DSL,Digital Wallet,0
52,1,115.32,115.09,3,88.53,4,4,13,29,9.0,76,,3,15,27.4,Two Year,None,Debit Card,1
27,8,122.79,845.79,0,100.22,7,5,9,22,83.0,6,3,6,3,8.1,One Year,None,Debit Card,0
65,47,168.69,6960.67,4,,4,1,24,28,,8,9,7,3,6.1,One Year,DSL,Digital Wallet,1
62,27,115.99,2764.66,11,146.91,5,,15,47,62.6,,9,6,10,42.4,One Year,None,Bank Transfer,0
57,64,100.75,6703.07,,121.29,5,2,22,19,88.2,0,3,0,8,31.3,Monthly,None,Debit Card,0
44,53,22.51,1139.22,12,95.81,1,2,22,19,24.4,8,9,4,9,27.5,Monthly,Fiber,,1
64,4,152.29,553.24,5,138.38,4,,25,3,58.8,61,4,10,8,44.6,Two Year,DSL,Digital Wallet,0
44,8,152.79,1148.74,11,101.89,5,5,0,14,,,11,1,3,14.0,Monthly,DSL,Digital Wallet,0
28,50,45.92,2032.08,12,112.86,6,,22,3,25.9,11,15,3,6,22.6,One Year,Fiber,Bank Transfer,1
41,5,143.34,805.58,7,76.15,7,4,28,33,15.6,43,15,,5,38.8,Monthly,Fiber,Debit Card,1
20,59,78.95,5167.84,1,1.11,1,5,27,6,31.3,5,3,8,13,32.9,One Year,Fiber,Bank Transfer,0
31,42,48.09,1890.45,8,48.21,4,1,8,10,15.9,14,0,,9,25.7,Monthly,None,Bank Transfer,1
35,,170.64,3537.85,9,37.1,1,3,,58,31.8,56,1,2,1,23.5,Two Year,Fiber,Credit Card,1
23,55,79.67,4650.91,9,94.61,6,4,19,23,29.5,25,2,7,10,6.6,Two Year,DSL,Credit Card,0
61,60,92.64,6304.53,2,129.23,5,3,29,24,36.5,89,10,5,8,24.4,Monthly,DSL,Credit Card,1
47,22,61.57,1293.02,9,19.55,1,4,26,46,72.1,41,2,4,9,23.0,Two Year,DSL,Debit Card,0
53,21,175.69,3560.89,5,31.63,6,5,13,51,88.3,72,10,8,12,11.8,Two Year,None,Credit Card,0
,63,33.86,2194.66,5,83.49,,4,5,20,86.1,8,3,10,14,29.8,One Year,DSL,Digital Wallet,0
21,12,50.91,544.74,9,135.54,6,1,24,10,60.2,57,9,6,10,28.9,Monthly,Fiber,Bank Transfer,1
68,39,166.55,7346.37,11,147.4,3,1,18,1,55.8,65,12,2,14,,One Year,None,Credit Card,1
53,46,33.1,1423.12,0,35.67,6,,12,41,30.0,48,12,6,7,27.3,Two Year,Fiber,Digital Wallet,0
53,50,154.15,7384.45,6,23.56,7,2,4,1,8.3,2,4,7,11,21.8,Monthly,Fiber,Debit Card,0
44,59,162.44,10145.74,6,93.68,,5,13,36,74.2,49,11,3,3,21.2,Monthly,None,Digital Wallet,0
33,65,,4357.29,9,55.36,,5,15,46,34.4,74,15,1,3,36.5,Two Year,DSL,Digital Wallet,0
51,12,55.46,691.61,10,144.08,,5,25,38,29.5,6,10,8,,0.5,One Year,None,Digital Wallet,0
39,54,73.23,4521.2,4,43.74,1,5,23,20,66.0,72,8,0,11,23.7,Monthly,None,Credit Card,0
36,4,62.32,218.06,8,11.99,7,3,8,9,56.2,35,8,0,12,5.6,Monthly,None,Debit Card,1
41,23,58.11,1417.03,7,27.53,5,1,10,6,87.1,76,4,7,13,49.7,One Year,Fiber,Digital Wallet,1
28,27,110.33,3284.4,0,96.52,7,1,1,11,42.8,60,9,7,12,47.4,Two Year,Fiber,Digital Wallet,1
42,61,58.33,3590.63,6,2.27,7,4,12,44,29.8,67,1,1,15,26.6,One Year,DSL,Bank Transfer,0
35,13,57.13,761.45,7,116.09,6,2,23,44,53.8,24,10,10,12,49.7,One Year,None,Credit Card,1
22,2,82.86,166.98,10,67.17,2,3,8,13,5.0,79,2,0,10,32.8,Monthly,None,Credit Card,0
25,12,156.31,1667.46,10,114.7,6,5,25,12,80.8,89,5,4,5,23.3,Monthly,None,Digital Wallet,0
35,55,129.22,7464.4,12,48.85,2,1,8,50,7.5,49,10,0,5,47.8,One Year,Fiber,Digital Wallet,1
,51,44.44,2261.04,2,81.32,4,2,19,42,11.3,56,,1,1,3.6,Two Year,None,Bank Transfer,0
19,64,39.56,,0,99.86,3,2,22,22,81.6,73,0,8,12,47.0,One Year,DSL,Digital Wallet,1
64,9,104.12,,11,122.79,4,1,18,35,84.3,45,10,10,5,20.0,Two Year,None,Credit Card,1
39,11,153.79,1823.87,4,97.34,2,,1,25,60.1,38,12,1,11,34.4,One Year,Fiber,Digital Wallet,0
26,5,46.86,249.75,9,36.15,4,1,25,35,58.6,63,14,0,1,17.0,One Year,None,Credit Card,1
31,,90.63,,8,22.77,5,2,,5,5.2,18,15,10,1,23.6,Two Year,Fiber,Debit Card,0
26,2,,75.12,4,123.2,1,4,19,11,,8,3,1,8,29.7,Two Year,Fiber,Credit Card,0
45,,148.9,7499.34,10,60.6,1,5,17,9,30.3,27,1,9,3,16.8,Monthly,DSL,Debit Card,0
28,48,106.31,5008.98,9,,1,5,12,50,15.9,62,2,0,1,9.0,Monthly,None,Bank Transfer,0
69,61,129.24,7188.68,10,41.01,4,4,7,12,55.7,4,5,7,10,47.5,Two Year,DSL,Bank Transfer,0
53,31,46.66,1657.62,1,93.03,7,5,16,15,42.9,80,6,4,1,9.7,Monthly,None,Digital Wallet,0
28,6,,137.62,3,65.48,3,5,25,57,68.7,,3,0,15,26.9,Monthly,Fiber,Digital Wallet,0
22,31,134.03,4270.49,5,63.15,6,3,7,50,11.7,29,3,3,12,20.6,Monthly,DSL,Debit Card,1
55,63,23.97,1481.05,3,139.22,4,2,12,24,14.0,24,11,4,4,16.8,Monthly,None,Credit Card,0
25,60,90.67,,5,33.37,3,5,5,51,71.9,78,5,9,9,42.8,Monthly,DSL,Digital Wallet,0
31,61,153.1,8720.4,11,64.5,7,2,7,21,40.2,28,4,9,15,0.3,Monthly,Fiber,Digital Wallet,0
50,5,85.24,412.69,12,119.8,7,1,14,32,23.2,71,0,6,4,6.6,One Year,Fiber,Credit Card,1
60,40,41.7,1647.63,9,112.22,1,4,14,50,14.2,90,12,2,13,43.6,Two Year,DSL,Credit Card,0
22,50,162.42,7713.91,0,44.84,7,3,22,40,49.7,26,2,9,15,16.8,Monthly,None,Bank Transfer,0
25,50,75.32,3900.6,5,55.28,6,5,22,5,51.3,26,4,5,,27.0,Two Year,DSL,Debit Card,0
66,29,67.88,2203.52,8,102.19,3,1,2,24,32.4,62,3,7,12,26.6,Two Year,DSL,Digital Wallet,0
69,9,46.08,462.49,1,12.49,2,3,30,5,11.6,35,3,2,8,7.5,Monthly,None,Credit Card,1
61,70,168.73,11718.64,6,66.86,6,1,9,13,7.5,29,10,6,10,17.1,Two Year,,Digital Wallet,0
62,68,153.91,10294.0,4,85.3,7,3,5,51,24.9,61,11,4,13,42.3,Monthly,DSL,Bank Transfer,1
28,,350,2602.25,2,125.98,6,,5,16,12.3,40,4,7,5,18.5,Monthly,None,Credit Card,1
40,19,76.53,1471.46,2,80.28,1,1,12,60,45.9,18,14,5,3,0.2,Two Year,None,Bank Transfer,0
36,61,162.84,11332.65,12,147.11,5,2,25,37,66.1,56,10,1,12,23.9,Monthly,,Credit Card,1
43,29,,2255.02,0,91.42,2,5,16,15,70.8,35,6,0,2,26.9,One Year,None,Credit Card,0
43,25,95.93,2472.48,8,141.54,6,3,12,10,65.0,54,11,6,6,0.6,One Year,DSL,Bank Transfer,0
53,,50.59,677.71,11,148.89,7,4,9,,,54,13,2,14,29.4,Monthly,,Debit Card,1
51,43,25.91,1267.91,12,56.68,1,4,20,59,26.1,22,,9,,45.7,,Fiber,Digital Wallet,0
49,6,150.76,850.83,9,45.94,5,4,7,2,,19,8,4,11,41.7,One Year,Fiber,Bank Transfer,1
49,32,19.69,680.12,7,149.15,1,5,23,24,53.1,72,13,4,11,34.3,Two Year,Fiber,Bank Transfer,1
54,3,154.47,416.54,0,22.35,4,2,11,11,6.7,46,13,10,15,47.8,Monthly,DSL,Bank Transfer,1
22,66,46.98,3219.77,12,14.63,7,2,17,21,78.8,87,9,4,11,34.9,One Year,Fiber,Bank Transfer,1
18,18,100.5,1740.08,,62.09,2,1,6,10,46.3,24,3,6,8,45.8,Monthly,Fiber,Credit Card,1
37,47,37.94,1752.12,9,78.71,3,2,22,20,4.5,15,7,2,14,34.7,Two Year,Fiber,Bank Transfer,1
26,11,85.09,1009.85,,12.12,7,4,24,28,5.7,13,1,10,9,29.7,One Year,Fiber,Bank Transfer,1
37,2,139.5,302.63,9,31.21,2,2,21,23,4.6,18,,,6,17.6,Two Year,None,Debit Card,1
22,13,150.23,2107.22,8,32.94,2,3,5,58,68.4,0,,3,15,,Two Year,DSL,Bank Transfer,0
29,57,126.13,6342.48,5,147.2,4,2,16,15,37.9,,3,7,2,26.0,One Year,DSL,Bank Transfer,1
20,11,69.14,672.86,4,68.81,6,3,21,54,41.1,70,13,4,14,21.4,Monthly,DSL,Bank Transfer,1
61,63,125.9,7685.11,8,98.95,1,1,4,26,37.3,75,3,2,2,18.2,Monthly,DSL,Debit Card,1
43,16,53.42,835.41,7,42.14,6,5,18,18,68.6,,12,5,8,33.3,One Year,DSL,Bank Transfer,1
47,14,35.16,490.67,3,94.44,2,1,3,48,6.7,8,100,10,1,48.6,One Year,None,Bank Transfer,1
57,13,140.43,1913.81,8,115.25,7,4,,19,60.3,62,8,8,6,40.5,Two Year,,Credit Card,0
20,56,160.22,7947.14,7,47.53,4,4,14,3,4.9,71,9,2,8,21.5,One Year,None,Digital Wallet,1
25,63,123.91,8240.46,9,70.74,5,2,16,4,36.4,63,12,9,11,17.6,One Year,DSL,Credit Card,1
20,17,153.09,2484.54,11,87.8,7,3,12,7,39.7,45,13,5,1,33.1,Monthly,Fiber,Bank Transfer,1
62,9,158.38,1260.56,2,3.45,3,1,14,43,78.0,72,13,4,1,34.8,Two Year,Fiber,Bank Transfer,1
42,42,109.47,5023.02,1,103.78,2,3,15,33,73.4,85,10,2,10,15.0,One Year,Fiber,Digital Wallet,0
68,,153.66,1553.12,4,40.14,3,5,12,52,21.9,11,3,9,6,13.7,Two Year,None,Digital Wallet,0
40,10,,1152.18,12,45.34,6,5,10,13,38.5,32,14,10,13,27.4,Monthly,,Debit Card,1
31,60,59.21,3699.6,12,92.36,7,4,29,37,65.9,7,6,5,8,7.4,Monthly,None,Bank Transfer,0
44,41,,7227.72,10,30.93,4,3,26,19,58.9,32,7,6,4,5.7,Monthly,Fiber,Debit Card,1
37,60,95.09,6546.31,6,97.21,,2,5,18,14.0,33,8,10,9,8.8,Monthly,None,,0
21,11,66.79,690.16,1,135.14,4,3,21,43,79.9,50,4,3,2,28.5,Two Year,Fiber,Bank Transfer,0
23,31,113.97,3822.63,5,49.73,5,4,25,48,67.5,54,6,2,2,8.8,One Year,DSL,Digital Wallet,1
55,8,,738.44,1,47.82,4,4,21,16,86.8,18,11,7,12,18.4,One Year,Fiber,Credit Card,0
60,7,128.96,980.93,3,,4,3,20,45,33.9,87,3,8,14,11.8,One Year,DSL,Credit Card,0
43,33,64.65,2412.71,12,,2,2,29,29,57.6,82,13,0,5,43.3,One Year,DSL,Digital Wallet,0
39,55,159.67,9625.54,2,104.92,5,1,11,27,55.0,70,10,7,12,1.4,Monthly,None,Debit Card,1
68,18,15.51,254.06,4,47.4,1,1,5,16,47.4,83,4,9,11,20.5,One Year,DSL,Digital Wallet,0
26,34,43.62,1524.47,5,120.03,,1,13,24,18.0,48,7,0,1,46.2,Two Year,None,Debit Card,0
47,26,58.19,1672.63,,60.45,4,5,8,,9.8,47,5,9,2,,Two Year,DSL,Digital Wallet,0
49,16,52.04,758.49,12,500,6,4,12,9,40.0,26,6,4,12,33.9,One Year,Fiber,Digital Wallet,0
19,38,176.06,6159.38,7,136.15,3,5,21,42,42.3,1,15,2,14,16.2,Two Year,DSL,Debit Card,0
63,55,136.46,6956.42,1,83.77,1,3,29,16,43.4,200,1,0,5,25.2,One Year,DSL,Digital Wallet,0
26,,21.79,1417.97,2,75.81,3,4,4,6,29.9,67,13,2,5,5.8,Monthly,Fiber,Digital Wallet,0
35,47,167.83,,4,92.13,7,3,16,21,40.3,21,10,7,13,47.5,Two Year,None,Digital Wallet,1
27,7,52.93,318.92,4,24.95,,4,3,58,83.6,5,14,5,12,28.0,One Year,DSL,Credit Card,0
27,16,72.68,1059.52,4,27.51,2,5,26,,51.6,84,6,9,1,26.3,Two Year,Fiber,Digital Wallet,0
33,64,126.69,9050.41,0,43.0,6,1,12,24,53.9,13,10,2,1,4.1,Two Year,None,Digital Wallet,0
35,1,69.36,59.87,9,142.66,3,5,4,14,78.0,82,9,5,13,2.8,Monthly,None,Digital Wallet,1
34,23,54.61,1358.1,6,13.83,7,2,5,25,70.6,36,4,1,5,24.5,One Year,None,Bank Transfer,0
56,17,74.24,1109.16,5,77.14,4,4,28,25,43.9,72,13,1,13,21.1,One Year,None,Debit Card,1
45,12,21.67,247.69,7,101.63,6,2,29,32,48.4,82,2,4,8,21.9,One Year,DSL,Debit Card,0
61,39,153.85,6041.72,4,85.5,5,,29,3,47.2,65,13,6,2,23.2,Two Year,,Bank Transfer,1
55,11,141.83,1333.72,11,99.41,2,2,26,26,,53,9,5,10,36.2,Two Year,DSL,Bank Transfer,1
69,24,49.83,1044.6,9,39.27,6,1,13,35,3.6,50,3,0,3,32.8,One Year,None,,0
65,63,64.96,4476.93,9,54.43,6,,25,20,9.7,17,0,3,2,40.8,Two Year,Fiber,Credit Card,0
59,19,122.21,2277.26,10,128.8,5,2,2,20,69.7,,15,6,1,5.8,Monthly,None,Digital Wallet,0
48,3,156.87,482.64,3,44.58,7,4,1,22,2.7,80,13,6,14,24.8,Two Year,None,Bank Transfer,1
43,63,99.7,6704.35,10,135.81,7,4,7,46,7.3,2,13,9,6,27.7,One Year,None,Digital Wallet,0
25,64,117.74,7865.82,7,104.78,1,2,9,,18.9,44,14,3,9,11.0,Two Year,DSL,Digital Wallet,1
36,50,173.37,9534.69,10,98.05,3,4,25,,16.3,26,9,1,11,24.1,,Fiber,Debit Card,0
24,54,170.6,9195.06,3,31.81,1,1,11,57,25.0,86,5,2,14,43.0,Two Year,Fiber,Credit Card,0
25,30,34.91,960.61,4,149.05,7,3,24,3,69.8,71,,2,14,34.5,Two Year,,Credit Card,1
46,59,173.84,11043.54,1,117.36,5,1,26,36,,13,,10,2,43.5,One Year,Fiber,Bank Transfer,0
66,65,97.23,7022.4,2,,3,2,3,55,19.8,53,,3,14,40.5,One Year,DSL,Debit Card,1
41,54,74.51,4222.7,2,113.1,5,4,25,15,14.1,54,13,6,15,22.9,Two Year,None,Bank Transfer,0
46,19,142.08,2875.77,8,141.57,1,3,10,26,88.4,21,13,0,7,38.0,Two Year,None,Debit Card,0
21,67,175.49,11473.19,10,105.27,7,3,23,48,29.6,44,0,4,15,26.4,Monthly,None,Digital Wallet,1
31,70,118.02,8554.32,7,104.77,7,4,24,13,79.5,10,1,8,6,,Two Year,None,Debit Card,0
52,37,50.27,1866.5,4,78.44,7,2,0,2,80.3,69,8,3,14,38.7,Two Year,DSL,Credit Card,0
41,34,118.45,3851.48,0,113.61,1,4,9,37,66.8,,10,3,13,37.3,Two Year,None,Debit Card,0
36,18,132.87,2405.77,3,16.23,5,5,6,53,70.5,58,3,2,12,21.3,One Year,Fiber,,1
26,61,50.44,2687.38,10,79.18,5,5,16,50,36.7,33,15,10,7,49.8,Two Year,DSL,Digital Wallet,0
27,65,35.98,2486.85,,145.22,5,5,3,45,20.7,60,1,2,9,18.5,Monthly,None,Digital Wallet,0
41,38,21.65,737.13,5,46.09,3,3,9,32,4.5,,4,9,7,2.4,One Year,DSL,Debit Card,0
65,63,15.34,980.2,1,130.63,4,4,18,20,51.8,43,12,7,14,36.0,Two Year,Fiber,Debit Card,0
47,58,125.09,6491.21,11,49.12,7,5,21,40,38.0,29,12,5,9,2.3,Two Year,DSL,Bank Transfer,0
28,4,109.38,476.39,11,46.67,6,1,20,36,9.5,79,1,9,9,100,One Year,,Credit Card,1
52,24,173.79,3889.37,3,37.17,6,5,14,6,73.0,77,10,6,10,2.2,Monthly,DSL,Digital Wallet,1
19,68,67.37,4247.44,1,146.98,5,2,9,10,18.1,11,4,4,7,33.9,Monthly,None,Bank Transfer,1
63,8,64.17,451.56,2,62.22,3,3,12,53,,6,6,3,13,29.9,Monthly,DSL,Digital Wallet,0
35,8,,548.85,1,72.88,4,2,29,57,3.6,70,3,3,,27.7,Monthly,DSL,Digital Wallet,1
58,65,48.57,3600.22,5,81.3,2,2,17,28,86.6,71,14,0,1,40.6,Two Year,DSL,Debit Card,1
48,35,113.65,4382.87,6,149.89,,2,18,54,46.9,5,5,8,10,3.5,Monthly,DSL,Credit Card,0
64,72,179.81,14415.52,3,,7,3,28,44,85.2,81,,,5,,One Year,DSL,Debit Card,1
56,43,17.62,801.27,10,138.38,5,4,0,58,2.8,22,13,8,15,34.8,One Year,DSL,Credit Card,0
59,10,103.88,1161.14,10,67.05,1,3,26,25,74.8,45,12,,14,38.4,Two Year,Fiber,Credit Card,1
30,57,16.54,,12,42.53,6,3,6,6,73.8,80,9,3,4,49.0,One Year,Fiber,Bank Transfer,1
63,27,16.18,500.33,10,59.71,7,3,18,33,45.5,70,6,10,12,,Two Year,None,Debit Card,1
26,9,36.03,366.45,,132.21,6,3,6,55,61.7,88,8,10,9,44.2,Monthly,DSL,Credit Card,0
38,56,154.32,8400.49,1,102.19,4,4,11,34,68.8,28,1,4,15,21.0,One Year,DSL,Credit Card,0
39,11,160.22,1925.09,11,34.23,6,4,,5,82.7,25,5,5,5,3.1,Two Year,Fiber,,0
69,4,112.77,468.17,5,126.16,2,1,15,16,,6,,8,13,11.8,Monthly,None,Digital Wallet,0
,58,110.52,5613.12,0,137.55,4,3,28,55,63.0,16,1,,1,15.1,Two Year,DSL,Credit Card,0
21,72,23.61,1878.38,6,14.83,7,4,7,56,54.8,84,0,7,7,23.2,One Year,None,Credit Card,0
61,4,89.92,,3,16.65,1,5,22,5,54.2,24,4,10,9,12.8,One Year,DSL,Digital Wallet,1
26,6,24.98,141.41,6,77.21,6,3,9,38,79.9,18,4,7,5,30.2,,,Credit Card,0
60,19,24.46,465.73,8,128.88,4,3,6,13,58.4,25,2,5,4,33.4,Two Year,None,Digital Wallet,0
39,43,116.66,4894.02,2,16.17,7,1,15,15,83.0,81,7,3,8,31.2,Monthly,DSL,Bank Transfer,0
42,27,81.05,2402.43,0,54.74,1,3,0,36,12.1,37,14,3,11,29.3,One Year,Fiber,Credit Card,1
36,23,51.13,1092.02,2,51.3,5,2,5,13,3.9,33,3,0,14,33.9,One Year,None,Credit Card,1
31,40,90.27,3469.59,5,99.31,5,5,28,,79.3,8,3,2,15,46.2,Monthly,Fiber,Digital Wallet,0
38,55,176.2,8948.33,0,114.58,5,2,27,35,27.9,,10,3,1,31.5,One Year,Fiber,Digital Wallet,1
23,61,145.51,9182.03,2,76.54,7,5,11,32,47.7,22,10,5,9,34.7,Two Year,DSL,Digital Wallet,0
,5,49.19,275.09,7,129.54,4,2,9,28,80.2,73,5,5,5,27.5,Monthly,Fiber,Bank Transfer,1
40,30,111.35,3305.68,9,50.79,,4,13,27,34.3,63,10,4,7,1.2,One Year,Fiber,Bank Transfer,0
40,11,63.6,,8,96.73,7,3,29,15,10.7,9,11,0,9,10.0,Monthly,None,Bank Transfer,1
65,36,46.46,1724.76,2,149.76,7,5,29,17,2.8,38,9,5,13,49.8,One Year,None,Credit Card,1
50,20,157.8,2898.07,11,112.5,4,2,16,38,,59,14,5,13,4.3,Monthly,DSL,Digital Wallet,1
,72,19.97,,2,46.18,6,1,15,52,60.0,45,10,3,7,21.3,One Year,None,Bank Transfer,1
19,5,167.15,748.92,5,85.44,7,5,29,39,52.5,50,12,3,7,3.2,One Year,Fiber,Digital Wallet,1
54,58,120.44,6576.12,2,16.09,5,,1,53,62.6,62,0,2,4,3.5,One Year,DSL,Debit Card,1
60,68,26.55,1565.71,8,2.15,3,4,12,11,89.1,16,,7,12,3.4,Monthly,Fiber,Debit Card,0
70,61,41.2,2569.82,4,88.33,5,4,8,13,2.7,18,14,1,14,20.0,Monthly,None,Bank Transfer,0
49,59,91.34,4643.89,1,43.54,4,3,22,54,,38,12,9,14,40.5,Monthly,DSL,Debit Card,1
57,56,90.54,5695.15,2,104.93,1,4,22,3,23.1,20,8,,9,14.6,Monthly,None,Debit Card,0
44,71,35.0,2387.14,12,16.23,7,3,13,29,16.5,26,,7,1,3.7,Two Year,None,Digital Wallet,0
65,,156.2,7870.62,0,37.97,6,2,10,43,67.9,62,14,1,2,27.4,Monthly,None,Digital Wallet,1
70,36,153.86,4991.58,0,,2,3,3,35,67.2,21,2,10,13,0.6,One Year,Fiber,Digital Wallet,0
31,5,162.29,819.31,7,104.66,7,5,20,43,65.0,13,12,4,8,2.6,Monthly,Fiber,Digital Wallet,0
33,48,164.94,7204.55,0,63.54,1,3,26,13,61.8,8,7,1,13,41.8,,Fiber,Debit Card,1
50,14,149.58,1982.72,10,28.84,2,5,12,28,180,27,3,5,6,8.7,One Year,None,Bank Transfer,1
31,59,51.32,3171.37,4,97.67,3,1,,57,21.2,38,15,1,12,26.8,Two Year,Fiber,Bank Transfer,0
56,42,176.93,7868.71,10,138.72,7,2,10,12,57.9,88,10,10,8,3.4,Monthly,None,Digital Wallet,1
58,30,98.06,3122.39,0,,5,1,9,16,,31,2,,3,18.7,One Year,Fiber,Debit Card,1
59,5,54.28,289.74,7,111.02,,2,8,21,58.6,5,13,10,14,14.4,Monthly,Fiber,Bank Transfer,1
31,70,23.92,1884.21,3,120.32,6,2,19,56,35.6,41,,7,11,0.3,One Year,Fiber,Debit Card,1
27,27,35.72,870.02,8,124.77,2,2,16,6,39.5,59,9,2,12,9.9,One Year,Fiber,Debit Card,1
54,58,174.67,9223.34,12,72.44,3,4,12,11,43.4,54,13,2,14,47.7,One Year,,Digital Wallet,1
23,39,113.21,3955.3,11,26.77,4,4,9,30,26.9,71,15,1,6,6.8,One Year,Fiber,Debit Card,0
18,2,157.17,336.06,5,73.97,4,4,23,24,35.8,39,2,6,15,1.9,Monthly,DSL,Debit Card,1
45,33,142.26,5048.9,5,76.69,4,3,22,4,59.3,54,7,3,8,1.7,One Year,None,Credit Card,1
59,19,,1089.53,10,22.53,2,5,18,43,76.1,1,3,,11,35.6,One Year,DSL,Credit Card,0
30,,42.36,2278.69,,45.68,5,4,18,20,66.6,11,3,10,10,38.8,One Year,Fiber,Bank Transfer,0
65,51,130.34,5663.04,2,122.55,1,1,2,50,63.3,67,13,10,5,36.7,Monthly,Fiber,Bank Transfer,1
26,26,500,2478.96,1,67.87,,2,5,13,,23,6,4,15,43.6,One Year,None,Credit Card,0
28,11,63.37,,4,10.11,1,5,7,31,44.7,12,,0,5,37.6,Monthly,None,Credit Card,0
51,1,76.98,,12,40.24,4,4,24,22,55.2,43,11,10,15,17.2,One Year,,Bank Transfer,1
,8,175.93,1564.97,12,15.48,4,4,23,54,80.1,17,0,9,,43.5,One Year,None,Debit Card,0
57,61,99.96,6390.66,0,147.93,7,3,0,41,33.7,,10,10,8,11.7,One Year,DSL,Credit Card,0
48,13,136.16,1660.62,3,106.94,7,5,28,37,71.1,64,1,2,8,39.8,One Year,None,Digital Wallet,1
46,15,94.56,1435.71,3,32.14,7,1,,28,89.4,3,5,5,,19.2,One Year,Fiber,Bank Transfer,0
60,16,124.8,2250.04,10,108.95,1,3,27,15,84.0,76,,10,6,18.9,Two Year,None,Digital Wallet,0
68,72,174.43,12321.45,3,,1,3,2,8,,75,6,1,10,18.4,One Year,DSL,Credit Card,1
55,69,46.33,3089.5,6,48.29,3,2,16,43,54.9,28,3,6,1,26.9,One Year,DSL,Debit Card,0
,29,97.47,2789.14,9,42.87,6,1,19,21,29.2,88,3,4,14,35.3,One Year,None,Debit Card,1
63,49,24.7,1322.93,2,124.27,2,2,,,6.6,22,15,6,5,49.2,Two Year,Fiber,Credit Card,0
39,55,126.85,8002.99,12,59.01,1,5,23,19,26.8,24,12,1,3,16.2,Two Year,Fiber,Bank Transfer,0
28,18,87.91,1574.04,,,7,2,23,,2.8,73,3,10,,49.4,Monthly,DSL,Digital Wallet,1
28,8,30.85,281.91,,141.79,1,5,20,22,54.2,19,12,3,1,5.9,One Year,DSL,Bank Transfer,0
29,49,143.02,8040.6,10,98.95,7,4,27,53,59.2,35,14,5,1,6.0,Monthly,Fiber,Digital Wallet,0
50,29,18.8,557.14,9,72.19,6,1,25,38,17.9,61,13,4,10,6.3,One Year,Fiber,Debit Card,1
62,3,79.98,262.79,12,121.92,4,1,,54,53.5,83,3,3,11,44.9,Monthly,None,Debit Card,1
,41,35.3,1286.14,3,98.07,1,5,8,,68.3,10,,8,5,18.2,Two Year,Fiber,Digital Wallet,0
60,1,,48.36,8,135.74,3,5,14,9,52.8,88,10,8,15,49.3,One Year,None,Debit Card,1
60,6,54.12,294.33,4,128.48,2,2,19,36,21.0,45,8,2,12,31.1,Monthly,None,Bank Transfer,1
59,21,81.01,1488.52,4,101.64,6,2,17,14,8.2,34,6,5,10,32.9,Two Year,None,Debit Card,1
27,41,178.75,7182.82,,144.62,2,1,8,8,48.8,87,13,1,6,32.0,One Year,DSL,Bank Transfer,1
105,29,60.15,1533.95,3,57.11,1,,5,34,66.1,39,15,1,9,17.4,Two Year,DSL,,0
21,22,67.47,1596.5,2,52.1,6,5,17,39,79.6,51,15,9,3,13.0,Two Year,None,Debit Card,0
,49,108.65,4952.3,11,96.06,3,2,21,39,38.8,58,5,7,6,39.9,Two Year,DSL,Bank Transfer,0
51,30,65.36,2171.34,4,61.27,3,1,20,6,8.7,30,2,2,10,2.9,Two Year,DSL,Digital Wallet,0
18,55,126.71,7873.16,2,72.21,5,5,22,8,37.7,78,,0,12,21.2,Two Year,None,Bank Transfer,1
65,68,127.87,7501.37,7,144.71,6,5,28,15,17.4,46,4,8,6,47.6,One Year,DSL,,1
,44,165.82,6748.36,8,127.69,7,1,9,,44.5,33,6,0,12,31.6,One Year,Fiber,Bank Transfer,0
59,66,151.25,8591.23,7,133.93,7,4,,23,2.5,58,10,4,6,5.4,One Year,None,Debit Card,1
18,13,86.08,1017.5,8,77.39,2,4,3,59,44.9,19,8,3,8,19.8,One Year,DSL,Digital Wallet,0
52,35,32.93,1131.31,7,24.69,3,4,0,23,,90,6,1,4,14.2,Monthly,DSL,Digital Wallet,0
20,21,124.92,2976.19,10,147.45,1,4,15,36,,87,4,5,13,38.2,One Year,None,Digital Wallet,1
24,3,35.81,102.41,0,115.22,2,1,21,54,32.1,,0,6,8,14.5,One Year,Fiber,Digital Wallet,1
27,66,45.83,2826.18,1,129.69,,2,21,53,39.8,60,3,8,10,9.1,Two Year,None,Debit Card,1
26,52,21.33,1272.34,2,64.23,5,2,2,56,6.5,52,9,10,4,11.1,One Year,DSL,Credit Card,1
59,7,65.21,424.87,4,141.48,6,4,7,21,80.8,23,1,0,1,33.0,One Year,Fiber,Bank Transfer,0
56,13,86.1,,7,54.86,3,1,3,43,3.2,70,4,5,6,37.1,One Year,None,Bank Transfer,1
35,27,111.41,2635.58,1,20.01,6,5,3,3,53.6,83,6,,12,22.3,Monthly,Fiber,Bank Transfer,1
48,26,,2400.69,2,29.16,5,3,28,57,68.8,71,11,5,8,31.5,Monthly,DSL,Credit Card,1
51,65,145.5,8512.51,4,104.66,2,3,1,37,7.3,88,6,6,8,34.2,Two Year,Fiber,Debit Card,0
50,50,107.81,5213.01,9,41.09,2,1,5,37,21.2,89,,8,8,25.2,Two Year,None,Bank Transfer,1
32,38,131.86,5089.07,2,33.98,,2,9,3,58.3,35,4,4,14,39.5,Two Year,Fiber,Debit Card,1
18,45,119.39,6133.66,5,12.95,6,5,8,47,13.8,78,9,5,1,31.3,Monthly,DSL,Debit Card,0
35,23,57.24,,10,146.82,7,5,3,47,67.6,48,8,10,11,30.2,Monthly,DSL,Debit Card,1
31,51,40.68,1907.7,,65.37,2,4,2,32,18.0,23,5,3,10,24.5,Two Year,Fiber,Bank Transfer,1
28,23,149.89,,3,10.88,1,4,7,30,82.0,51,3,8,3,36.3,Monthly,None,Credit Card,1
19,15,151.38,2450.16,10,,,2,24,6,,80,0,0,13,5.3,Two Year,,Credit Card,1
48,57,149.55,8031.77,7,23.6,1,5,22,18,57.2,15,0,0,2,27.2,Monthly,None,Digital Wallet,1
32,4,52.4,202.39,5,98.48,2,4,21,57,64.9,14,15,2,2,11.2,One Year,DSL,Credit Card,0
25,47,167.35,8856.2,0,90.87,2,4,16,22,54.8,86,13,2,15,33.4,One Year,None,Bank Transfer,1
24,35,166.18,6098.5,4,,6,1,25,1,77.8,19,,5,3,,Two Year,DSL,Credit Card,1
45,36,,1325.04,2,27.69,4,3,10,32,39.3,88,,9,13,31.8,Monthly,None,Debit Card,1
53,64,103.89,6634.2,8,123.3,4,1,18,46,39.1,73,7,1,4,18.1,Monthly,Fiber,Bank Transfer,1
26,15,24.83,355.62,12,122.94,3,4,4,54,77.1,53,7,3,14,11.2,Two Year,Fiber,Credit Card,0
63,,77.28,1259.68,6,56.07,6,1,21,38,8.5,76,5,0,3,18.3,Monthly,Fiber,Credit Card,1
70,54,39.7,1939.55,11,,5,3,15,27,,56,0,4,2,7.8,Two Year,Fiber,Debit Card,0
18,51,152.39,8191.35,7,83.35,7,3,29,37,46.2,90,7,6,15,7.8,Monthly,None,Digital Wallet,0
26,28,81.07,1967.6,6,27.96,6,5,19,54,8.8,88,14,7,6,32.6,One Year,DSL,Debit Card,1
41,55,47.13,2287.62,1,54.72,7,3,0,16,26.8,69,3,1,4,29.9,One Year,Fiber,Debit Card,0
20,31,59.41,2105.07,9,7.21,7,4,1,4,29.7,39,0,5,13,14.1,One Year,None,Debit Card,1
43,46,175.69,8573.09,1,50.03,6,5,3,33,73.1,19,0,9,13,19.1,Two Year,Fiber,Bank Transfer,0
61,60,27.99,1742.86,11,35.12,2,2,24,46,16.2,64,10,7,,6.6,One Year,DSL,Digital Wallet,1
63,50,54.45,3128.43,9,11.71,2,5,20,32,10.6,1,,4,9,43.4,Monthly,DSL,Credit Card,0
28,38,41.64,1477.94,5,800,1,2,22,50,42.5,60,8,7,11,46.2,Monthly,None,Digital Wallet,1
36,52,82.49,4443.49,10,19.78,3,5,27,40,85.8,47,2,10,7,25.3,One Year,None,Credit Card,0
,8,137.27,1014.09,8,1.69,7,1,9,25,15.9,51,2,3,7,43.7,Two Year,Fiber,Bank Transfer,1
59,69,163.52,11163.91,1,27.45,1,4,24,28,19.6,42,60,5,6,49.8,,Fiber,Digital Wallet,1
47,5,104.94,595.3,2,96.21,3,5,1,39,70.1,7,11,6,8,10.7,Monthly,Fiber,Digital Wallet,0
58,23,28.79,576.6,6,12.72,7,4,27,27,48.2,85,8,2,14,2.7,One Year,DSL,Bank Transfer,1
40,,94.47,5155.72,12,24.52,6,4,11,59,63.0,49,0,8,13,44.7,Monthly,Fiber,Debit Card,0
70,,17.34,795.51,2,75.17,3,1,25,44,37.8,66,0,7,14,42.9,Two Year,,Credit Card,1
65,25,84.33,2137.4,2,90.34,2,3,6,13,87.5,73,0,5,14,18.2,One Year,DSL,Credit Card,0
59,59,83.32,4697.22,8,64.16,7,3,3,60,17.5,54,11,2,9,29.7,Two Year,DSL,Digital Wallet,0
60,56,119.63,7105.44,1,149.31,7,1,2,42,3.4,52,3,7,12,37.6,Two Year,Fiber,Digital Wallet,0
69,5,125.17,691.88,3,33.82,,5,12,8,19.2,60,3,5,13,45.7,One Year,None,Digital Wallet,1
41,29,98.75,2664.1,10,40.04,7,4,21,16,2.4,53,1,0,1,7.7,One Year,None,Bank Transfer,1
54,56,54.9,3511.11,3,92.63,4,1,25,60,52.9,16,12,2,7,45.2,Two Year,Fiber,Digital Wallet,0
63,17,98.2,1735.23,12,59.11,7,3,26,36,16.0,41,6,,2,1.3,Monthly,None,Debit Card,1
63,70,166.9,10206.64,6,4.28,6,2,14,41,57.6,45,,3,11,44.9,One Year,,Debit Card,0
69,49,142.11,7296.08,4,12.9,2,1,20,38,78.3,14,14,9,2,5.4,One Year,DSL,Debit Card,1
49,,165.6,7101.33,1,73.91,1,4,2,32,86.4,9,6,10,7,18.8,One Year,None,Digital Wallet,0
29,39,16.67,,9,94.87,7,1,3,22,89.4,61,0,2,9,37.1,Monthly,Fiber,Credit Card,1
51,66,140.56,8487.42,5,17.66,2,1,10,9,21.3,88,4,4,5,24.1,Monthly,DSL,Bank Transfer,1
,64,86.95,6309.95,3,37.89,2,3,30,26,,75,9,2,13,10.3,Two Year,,Digital Wallet,0
45,35,149.62,5429.79,9,57.77,2,5,11,24,81.0,8,14,2,15,1.7,Two Year,DSL,Digital Wallet,0
70,68,73.12,4271.0,2,121.45,4,2,11,16,8.4,84,11,5,3,39.0,Monthly,Fiber,Bank Transfer,1
63,43,50.27,2205.36,5,134.86,5,1,12,19,55.0,67,6,1,9,13.9,Two Year,None,Credit Card,0
59,54,127.55,,5,30.12,1,4,,3,89.1,53,3,1,8,8.6,One Year,None,Digital Wallet,1
19,37,17.94,720.2,9,148.2,4,3,4,54,87.1,4,1,5,11,0.8,One Year,Fiber,Digital Wallet,0
35,,139.36,,8,116.3,4,5,1,,28.3,58,15,10,15,6.1,One Year,None,Credit Card,1
21,2,37.89,87.0,11,108.78,2,2,2,13,65.7,47,0,0,5,44.2,Monthly,Fiber,Credit Card,0
22,34,69.34,2437.3,12,57.24,6,2,29,9,53.3,15,4,5,14,7.4,Two Year,DSL,Digital Wallet,0
51,68,54.69,3694.29,7,146.46,3,4,7,6,25.2,37,2,5,,41.8,Monthly,None,Debit Card,0
22,64,24.94,1363.02,3,70.49,4,2,15,7,32.0,75,10,4,12,22.7,Monthly,None,Credit Card,0
32,47,78.62,3642.41,9,77.26,7,4,6,5,26.4,21,,9,11,5.1,One Year,Fiber,Credit Card,1
47,24,59.01,1406.15,8,68.17,3,1,29,,9.4,55,6,2,7,25.1,Two Year,DSL,Credit Card,1
41,13,23.11,289.84,6,29.49,2,4,5,39,26.3,,15,8,7,5.5,Monthly,None,Debit Card,0
32,15,23.77,306.88,4,36.2,5,1,8,15,79.7,89,12,6,7,5.1,Two Year,None,,1
28,27,72.36,1829.46,9,43.55,1,1,5,,81.9,79,15,4,14,45.3,Monthly,Fiber,Bank Transfer,1
28,24,69.81,,0,100.07,4,3,0,12,87.7,9,5,50,13,42.7,Two Year,DSL,Digital Wallet,0
49,32,92.97,2569.1,0,85.31,3,2,16,33,16.7,18,3,1,5,40.2,One Year,DSL,Digital Wallet,0
52,33,124.46,3803.5,7,2.53,3,3,22,22,80.4,84,15,1,5,34.3,Two Year,None,Credit Card,1
44,29,123.8,,7,5.12,5,,11,14,67.5,,12,10,2,48.3,Two Year,None,Digital Wallet,0
51,23,58.78,1424.57,5,58.96,4,3,9,13,5.6,66,10,9,2,21.7,One Year,None,Bank Transfer,1
18,64,167.99,9613.21,10,22.96,3,5,17,43,16.3,62,9,1,13,14.7,One Year,Fiber,Debit Card,1
55,16,23.78,358.32,6,,7,1,1,17,,36,4,1,12,13.5,Two Year,Fiber,Digital Wallet,0
23,,51.11,1926.55,,37.68,6,4,13,,87.1,12,8,4,10,15.5,Two Year,DSL,Bank Transfer,0
26,26,56.25,1425.78,3,45.51,1,3,18,60,57.3,69,5,,13,43.8,One Year,Fiber,Debit Card,0
62,41,98.13,4246.82,5,70.52,4,4,,27,42.6,71,0,6,,,Two Year,DSL,,0
41,17,117.45,,,8.5,7,,4,26,61.0,59,14,0,2,2.7,Two Year,Fiber,Bank Transfer,0
70,38,108.3,4350.71,,18.66,5,5,23,46,,26,4,8,12,48.4,Monthly,Fiber,Debit Card,0
37,1,147.93,153.42,3,17.65,1,2,19,57,12.7,12,7,3,2,23.7,Two Year,DSL,,1
25,39,81.75,3649.94,3,126.34,5,3,26,40,62.0,84,3,6,3,31.8,Monthly,Fiber,Debit Card,1
65,70,48.06,3344.49,4,100.3,5,4,11,43,26.2,49,3,7,7,40.7,Monthly,Fiber,Bank Transfer,0
54,50,16.82,791.24,10,97.74,6,5,14,,81.9,45,4,7,15,36.2,One Year,Fiber,Debit Card,1
50,27,72.56,2080.33,6,77.2,2,2,11,42,65.3,43,14,2,5,39.2,Two Year,DSL,Digital Wallet,1
59,62,77.13,4741.54,10,27.47,6,5,24,43,48.2,16,10,9,10,17.4,Two Year,DSL,Credit Card,1
64,21,53.23,1173.25,7,140.17,4,3,24,15,88.4,,3,2,,44.6,One Year,Fiber,Credit Card,1
25,5,154.72,674.47,12,56.46,6,1,29,12,30.3,89,14,6,3,49.4,Two Year,None,Debit Card,1
,57,127.01,6643.38,11,24.73,7,5,25,51,18.9,74,0,10,11,4.8,Monthly,Fiber,Credit Card,1
44,70,157.64,10507.48,10,109.63,6,5,15,13,75.3,73,15,8,6,17.8,Two Year,Fiber,Credit Card,1
58,49,159.21,7963.13,2,117.47,3,1,3,32,22.3,76,10,0,4,41.1,One Year,DSL,Digital Wallet,1
22,21,174.74,,9,36.59,5,5,16,20,37.1,7,3,9,8,46.8,One Year,None,Credit Card,1
44,34,48.08,1825.02,0,21.32,5,3,29,49,60.4,7,,7,2,40.3,Two Year,None,Credit Card,0
22,54,113.69,6346.34,1,133.18,4,2,8,47,5.7,4,15,8,4,32.5,One Year,DSL,Bank Transfer,0
32,3,168.66,434.08,12,121.8,5,5,27,25,62.0,2,15,0,7,38.3,Two Year,Fiber,Digital Wallet,0
53,18,34.07,542.98,9,147.39,3,3,6,22,40.4,7,7,3,2,29.4,Monthly,DSL,Credit Card,0
18,32,149.08,4164.62,2,66.06,3,1,10,23,55.0,31,9,2,10,19.9,Two Year,Fiber,Credit Card,1
52,27,96.66,2793.98,5,134.7,7,2,14,46,28.6,46,9,10,4,26.3,One Year,DSL,Credit Card,1
44,63,61.16,3510.41,2,126.29,5,2,9,48,50.7,15,11,2,1,48.9,Two Year,DSL,Digital Wallet,0
19,64,152.99,9116.63,9,57.93,7,1,1,18,,49,15,0,14,19.1,One Year,Fiber,Debit Card,1
29,56,102.86,6037.34,0,81.46,3,1,29,39,68.4,43,8,9,4,37.9,One Year,None,Digital Wallet,0
68,8,148.22,1204.72,11,139.9,3,5,14,28,52.4,72,8,2,7,23.4,Monthly,Fiber,Credit Card,1
61,36,29.11,969.34,8,44.73,,4,1,40,26.1,34,,10,,38.6,Monthly,Fiber,Bank Transfer,0
38,34,154.85,5176.15,0,66.27,4,1,30,23,44.3,71,6,6,1,29.0,Monthly,DSL,Bank Transfer,0
46,24,57.57,1500.53,4,130.42,2,2,20,12,14.9,79,1,3,2,32.7,Monthly,None,Digital Wallet,1
20,71,133.36,8221.02,,148.8,,1,21,55,77.5,45,1,9,4,17.5,Monthly,None,Digital Wallet,1
22,31,48.67,1540.62,10,62.69,6,4,28,19,14.6,41,11,5,7,44.9,One Year,DSL,Bank Transfer,1
28,48,22.36,1211.83,9,4.32,5,2,25,21,47.0,65,11,3,7,,Monthly,None,Debit Card,1
59,11,172.6,2159.82,3,85.03,5,5,23,27,49.4,15,1,9,8,,Two Year,DSL,Bank Transfer,0
54,38,165.33,5959.65,12,115.26,3,2,14,21,67.8,14,7,7,12,,One Year,DSL,Credit Card,1
50,10,165.91,1735.42,9,34.94,7,4,7,37,74.8,16,7,6,11,29.2,Monthly,None,Bank Transfer,0
39,41,34.46,1374.08,,147.5,5,4,20,57,70.0,23,,0,3,6.0,One Year,,Digital Wallet,0
26,5,152.59,653.99,2,148.5,2,5,27,34,82.8,54,11,2,7,34.8,Monthly,None,Bank Transfer,1
70,44,112.59,5127.29,11,7.26,6,3,30,29,82.1,80,14,6,5,37.9,Two Year,Fiber,Debit Card,0
55,66,28.83,2128.6,9,,6,4,12,21,40.6,65,8,1,4,14.9,One Year,Fiber,Digital Wallet,1
42,41,139.95,6518.62,0,122.19,6,2,13,34,26.5,78,10,1,6,14.2,Monthly,DSL,Bank Transfer,1
32,22,62.6,1549.77,9,113.14,2,3,4,7,20.2,65,5,0,10,45.1,Two Year,None,,1
70,4,75.97,283.99,9,64.26,4,5,,54,41.9,14,3,7,15,21.6,One Year,Fiber,Debit Card,0
64,15,174.79,2860.68,11,119.1,6,1,10,11,46.6,35,14,10,12,25.6,Monthly,None,Bank Transfer,1
20,56,31.57,1876.7,8,47.97,,5,21,54,79.2,4,0,3,3,29.3,Monthly,None,Debit Card,0
27,63,149.29,10064.28,4,20.2,6,1,30,34,77.4,,0,6,2,24.5,Two Year,Fiber,Debit Card,1
62,34,116.21,4106.45,3,95.84,4,5,,12,79.3,29,9,10,8,24.5,Two Year,DSL,Bank Transfer,0
36,13,51.12,,12,114.71,4,4,10,16,60.3,14,5,7,6,33.0,One Year,None,Digital Wallet,0
67,62,153.62,10564.54,9,62.09,2,1,9,18,46.7,52,1,8,13,16.2,Two Year,,Digital Wallet,1
46,55,80.78,4992.53,,73.08,2,3,20,53,6.0,,13,3,10,,Two Year,Fiber,Credit Card,0
57,43,36.32,1580.39,11,3.66,4,1,24,,31.3,45,2,10,1,25.9,One Year,None,Debit Card,0
52,51,156.85,7349.81,12,24.63,3,3,13,14,50.7,31,0,0,14,1.0,Two Year,Fiber,Digital Wallet,0
20,21,61.71,1110.95,10,115.98,2,1,8,48,12.9,48,12,2,14,,One Year,Fiber,Credit Card,1
64,54,18.33,1061.87,8,90.93,2,1,23,38,71.8,24,9,5,7,25.6,Monthly,DSL,Bank Transfer,1
24,34,174.93,6083.58,6,44.04,1,2,30,27,51.4,61,9,8,9,12.2,Monthly,DSL,Digital Wallet,0
,70,132.91,9170.48,9,,4,2,14,24,44.0,13,9,5,3,40.5,Monthly,Fiber,Debit Card,1
49,32,28.84,896.08,7,78.75,7,5,,15,7.2,63,8,6,5,37.0,Monthly,Fiber,Bank Transfer,1
56,53,158.79,7830.49,3,113.38,7,4,,,29.5,83,7,5,8,35.4,Two Year,None,Credit Card,0
45,10,76.99,829.23,2,78.23,1,2,6,29,78.5,14,1,6,8,8.5,Two Year,DSL,Debit Card,0
53,54,80.9,4102.23,6,149.36,6,3,16,21,56.1,47,5,2,5,,Monthly,None,Bank Transfer,0
,61,91.38,6303.62,11,108.16,7,2,5,34,64.9,60,0,5,7,9.0,One Year,,Credit Card,1
30,26,129.52,3405.64,5,14.66,5,4,19,11,7.9,81,7,5,11,0.7,Monthly,DSL,Bank Transfer,0
45,40,75.6,3266.21,4,84.39,6,2,,38,15.4,27,8,2,5,28.2,Monthly,None,Digital Wallet,0
67,36,174.5,6729.15,9,100.44,4,2,5,1,,,2,9,3,7.2,One Year,Fiber,Bank Transfer,1
21,18,99.43,,10,71.02,3,5,24,8,23.2,50,12,6,12,23.7,One Year,None,Bank Transfer,1
56,28,172.63,,4,106.85,7,4,,29,45.1,32,3,8,15,21.8,One Year,,Credit Card,0
47,45,135.2,5561.59,8,131.51,2,4,11,12,84.1,1,6,7,6,,Monthly,None,Bank Transfer,0
41,33,,2760.38,4,5.51,3,4,12,3,89.6,90,8,4,11,2.9,Two Year,Fiber,Digital Wallet,0
58,59,95.9,5613.03,10,112.71,7,1,1,24,4.5,19,5,2,2,21.0,Monthly,Fiber,Digital Wallet,0
21,41,31.08,,3,98.44,6,1,10,54,61.1,40,5,9,12,47.2,Two Year,Fiber,Digital Wallet,0
60,8,25.72,225.82,8,22.55,3,1,5,29,5.9,77,6,8,7,8.6,Two Year,Fiber,Bank Transfer,1
40,16,71.34,1164.78,11,13.37,,1,3,59,10.0,11,5,5,10,31.3,Monthly,Fiber,Credit Card,1
41,59,28.41,1788.97,3,46.51,6,2,23,49,67.0,39,1,6,12,14.4,One Year,Fiber,Bank Transfer,1
30,35,,5082.52,4,39.27,4,3,2,32,33.3,46,11,10,9,22.5,Two Year,None,Debit Card,1
55,50,40.69,2076.44,11,65.36,6,3,6,22,63.6,64,8,1,9,38.7,One Year,Fiber,Digital Wallet,1
25,67,123.62,7503.38,2,70.35,3,3,18,25,59.9,4,10,1,11,17.9,Monthly,Fiber,Digital Wallet,0
39,13,45.87,570.91,2,70.29,2,1,14,52,56.3,,13,6,8,41.7,One Year,None,Bank Transfer,1
48,52,64.53,3829.46,3,114.59,5,1,13,28,70.1,73,12,9,1,8.2,Monthly,DSL,Debit Card,0
54,18,36.43,622.92,0,145.56,3,2,25,23,42.4,21,14,0,11,7.4,Monthly,DSL,Bank Transfer,1
33,27,87.03,2507.81,2,102.86,7,3,0,31,16.0,12,15,8,11,19.7,Monthly,DSL,Digital Wallet,0
63,32,140.9,3962.1,2,48.09,2,4,24,21,81.0,86,13,9,7,26.7,One Year,DSL,Credit Card,1
56,23,141.69,3130.93,5,75.47,1,5,19,49,37.0,9,,,8,9.4,Monthly,DSL,Digital Wallet,1
42,24,85.24,1913.79,6,101.45,4,,8,27,17.8,50,3,7,13,4.1,Two Year,None,Credit Card,0
43,2,41.55,73.84,8,57.91,4,,15,42,86.5,51,13,0,5,21.2,Two Year,None,Credit Card,1
69,58,97.84,6153.1,11,50.59,5,3,3,51,17.7,54,12,10,2,7.5,One Year,None,Bank Transfer,1
70,59,86.76,5064.73,0,18.67,4,4,11,4,80.2,87,11,4,7,16.9,One Year,Fiber,Bank Transfer,1
40,54,17.89,915.24,10,5.82,1,3,23,3,48.8,50,7,2,2,26.7,Monthly,,Debit Card,1
45,36,71.99,2559.01,9,36.99,,5,18,30,5.6,41,11,0,3,30.5,Two Year,None,Credit Card,1
64,11,70.73,809.95,4,63.67,1,2,30,48,24.6,83,2,6,2,39.7,Two Year,DSL,Bank Transfer,0
52,32,129.55,3584.49,9,71.2,7,4,8,48,62.6,23,8,8,11,2.3,One Year,Fiber,Bank Transfer,0
44,27,18.09,475.88,2,41.58,4,5,25,41,30.0,28,7,0,12,16.2,Monthly,None,Bank Transfer,0
56,59,112.01,6875.79,5,81.45,4,5,0,22,32.0,44,14,2,8,42.7,One Year,Fiber,Debit Card,0
34,52,20.32,1168.31,1,94.89,5,3,2,14,67.8,67,11,4,,37.5,One Year,None,,1
57,22,118.0,2646.54,6,149.38,1,3,17,48,45.2,30,12,8,3,18.9,Monthly,Fiber,Digital Wallet,1
25,38,,1517.05,,147.67,4,5,13,23,68.1,53,8,5,13,18.2,Monthly,None,Bank Transfer,0
52,51,52.14,2582.53,12,69.86,7,4,5,60,78.9,51,9,0,9,41.5,One Year,None,Debit Card,0
24,50,110.73,5400.47,6,61.84,6,1,19,15,14.2,79,2,9,10,36.6,Monthly,DSL,Debit Card,1
58,61,127.92,8860.86,0,111.57,7,4,17,33,78.0,20,14,5,12,43.7,,DSL,Debit Card,0
36,9,162.58,1334.61,7,69.15,6,5,14,16,,59,3,9,14,16.6,,Fiber,Digital Wallet,0
22,1,138.52,146.08,6,130.13,4,4,2,51,,33,3,9,11,49.5,Two Year,Fiber,Digital Wallet,0
64,8,63.34,491.27,11,115.43,3,4,22,60,47.0,83,14,6,13,6.2,Monthly,DSL,Credit Card,0
41,53,123.33,5834.37,3,119.44,2,3,,22,58.5,9,14,7,13,12.2,One Year,DSL,Bank Transfer,0
39,58,130.43,7719.79,9,5.84,2,2,16,19,4.3,47,11,4,5,47.2,Monthly,None,Bank Transfer,1
46,38,40.48,1679.08,2,22.41,3,4,8,41,22.1,27,9,2,10,0.6,One Year,None,Digital Wallet,0
28,45,121.24,5598.42,8,47.49,3,4,27,60,44.7,21,15,2,8,44.9,Monthly,None,Credit Card,0
37,27,52.01,1310.88,12,109.45,1,2,11,32,42.4,81,0,8,15,11.4,Monthly,DSL,Credit Card,1
24,43,98.72,3953.93,8,127.07,5,1,25,4,41.3,66,7,3,5,39.9,Monthly,None,Debit Card,1
63,59,44.28,2988.23,4,83.02,1,2,23,54,82.7,16,9,0,4,,Two Year,None,Digital Wallet,0
52,7,,492.28,3,72.01,4,1,15,13,,75,6,9,8,15.0,Monthly,None,Digital Wallet,0
25,57,143.27,7418.67,12,95.42,7,4,0,17,68.4,76,8,7,11,8.8,,DSL,Bank Transfer,0
37,34,158.1,4970.67,4,101.84,5,3,20,29,400,23,15,0,6,44.7,Two Year,DSL,Digital Wallet,1
22,56,126.04,6199.75,7,51.69,6,5,26,12,19.0,13,7,3,5,25.1,One Year,None,Digital Wallet,1
37,27,109.22,2643.37,2,29.19,4,2,27,11,55.7,20,10,8,8,,One Year,None,Bank Transfer,1
34,61,169.16,11354.06,5,22.18,3,3,26,48,29.8,39,13,9,7,38.1,Monthly,DSL,Credit Card,0
40,,175.87,3419.28,,122.87,2,2,21,46,24.5,47,0,5,7,39.5,One Year,None,,1
57,65,87.62,5309.1,1,36.85,3,4,30,47,54.2,5,12,7,4,14.0,Two Year,None,Digital Wallet,0
21,44,60.55,2559.86,4,17.1,2,1,10,50,66.5,19,4,9,5,28.7,Two Year,Fiber,Digital Wallet,0
54,,140.86,9152.39,8,122.69,6,,,50,69.8,89,10,5,15,38.6,Two Year,Fiber,Debit Card,1
32,59,74.76,4012.52,11,39.22,5,1,4,8,58.5,54,12,7,13,2.4,Two Year,Fiber,Bank Transfer,1
45,5,173.37,963.87,5,118.63,4,3,18,22,57.8,9,,8,13,5.6,Monthly,None,Credit Card,0
47,,139.06,3755.09,6,122.75,4,4,28,57,89.5,19,10,1,3,,One Year,DSL,Digital Wallet,0
43,38,16.05,669.95,0,1.78,3,4,4,17,77.3,74,10,8,8,32.7,Monthly,None,Bank Transfer,0
63,20,46.16,825.79,4,27.65,1,5,19,55,5.5,16,11,1,6,43.5,Monthly,None,Debit Card,0
28,55,178.52,9032.07,3,115.97,1,2,28,58,85.1,15,12,0,8,,Two Year,Fiber,Digital Wallet,1
46,52,47.78,2686.54,9,122.27,1,2,16,59,52.9,66,3,2,13,10.5,One Year,None,Bank Transfer,0
38,54,46.51,2877.08,12,76.28,4,3,16,8,85.2,2,0,6,13,21.0,Monthly,DSL,Bank Transfer,0
22,56,171.08,10017.36,3,149.96,1,4,28,31,3.4,35,10,0,,42.4,Monthly,None,Credit Card,1
27,18,129.69,2518.11,0,89.63,2,3,11,40,38.5,20,13,2,,46.8,Monthly,None,Debit Card,0
25,21,19.95,381.76,6,93.98,7,3,19,21,4.5,3,10,,15,23.5,Two Year,Fiber,,1
42,68,43.01,2573.82,5,134.63,1,4,2,8,87.2,59,13,8,8,6.7,Two Year,None,Credit Card,1
48,33,36.15,1248.91,5,143.56,6,1,15,32,67.9,73,6,2,4,25.7,Monthly,Fiber,Credit Card,1
63,52,61.58,3312.65,3,,2,3,,46,87.7,85,8,2,6,21.1,Two Year,Fiber,Credit Card,0
69,50,119.26,6489.29,2,2.64,6,1,26,51,22.9,50,10,0,10,24.0,One Year,Fiber,Digital Wallet,1
31,59,117.52,7029.11,1,111.87,6,5,29,22,31.7,23,8,5,13,43.6,Two Year,DSL,Credit Card,0
39,67,58.37,4241.59,6,96.52,5,2,3,15,87.8,14,3,8,12,14.8,One Year,DSL,Digital Wallet,0
23,65,45.13,3215.08,8,29.63,7,2,24,2,19.5,45,4,9,14,26.5,Monthly,None,Bank Transfer,1
62,68,42.51,2594.75,10,25.26,6,5,7,54,83.9,19,13,3,5,2.4,One Year,,Digital Wallet,0
44,61,92.22,5011.33,4,0.55,3,5,21,20,20.4,78,,0,,20.5,Monthly,DSL,Debit Card,0
69,32,79.55,2285.52,6,58.95,2,2,,23,8.2,35,4,6,2,36.3,Two Year,None,Debit Card,1
27,36,140.5,4315.64,1,78.33,5,1,24,41,54.7,29,14,4,14,6.2,Two Year,None,Digital Wallet,1
66,,159.41,7959.86,0,57.53,3,1,20,30,39.5,21,15,4,4,26.1,Monthly,None,Bank Transfer,1
60,64,153.06,11157.2,6,8.97,1,3,26,47,66.5,32,10,6,11,41.8,One Year,Fiber,Credit Card,1
69,63,55.05,3462.92,9,,3,1,24,53,64.4,,12,9,9,43.5,Two Year,DSL,Credit Card,1
55,13,109.98,1265.67,12,36.17,5,5,13,53,36.6,150,11,10,13,22.0,One Year,None,Credit Card,0
70,56,125.4,6023.06,9,27.52,,3,3,19,83.0,3,14,,6,40.9,One Year,DSL,Debit Card,1
68,,68.54,508.44,10,39.84,7,2,6,36,69.8,70,10,6,13,17.4,Monthly,DSL,Credit Card,1
57,69,137.08,10412.61,3,47.82,3,1,29,47,,51,10,9,8,32.0,One Year,Fiber,Bank Transfer,0
49,45,70.61,3118.13,5,113.34,2,3,0,8,18.7,39,9,8,9,,Two Year,None,Credit Card,1
23,52,155.61,7231.81,5,80.16,4,2,29,25,11.1,37,2,,4,22.1,Monthly,Fiber,Debit Card,1
35,4,96.59,424.99,3,37.18,2,4,20,52,21.0,1,9,3,1,42.9,One Year,DSL,Digital Wallet,0
54,,83.03,2292.4,9,60.24,5,4,23,17,64.2,46,8,6,6,18.2,Monthly,DSL,Bank Transfer,1
62,18,68.07,1345.62,11,37.41,5,5,4,7,88.3,64,15,8,6,5.2,Two Year,Fiber,Bank Transfer,0
59,71,150.48,9799.32,4,86.35,1,4,19,29,45.7,55,2,2,1,28.0,Two Year,None,,0
48,19,25.52,463.7,11,41.78,3,1,22,39,45.2,90,4,6,4,33.1,One Year,None,Bank Transfer,1
54,66,171.13,10089.11,8,147.04,5,3,27,1,87.4,6,11,9,,38.7,,None,Credit Card,1
,21,135.87,2638.25,9,116.17,2,2,0,42,83.7,15,10,1,2,47.3,Two Year,None,Digital Wallet,0
42,61,37.85,2200.31,1,47.02,2,4,28,17,46.0,23,8,6,4,11.3,Two Year,None,Credit Card,0
66,13,101.44,,9,9.6,5,1,21,24,10.4,0,,0,6,,Monthly,None,Bank Transfer,0
29,25,120.02,2998.88,8,,3,1,27,44,82.3,76,11,9,3,44.6,Two Year,Fiber,Debit Card,1
46,4,117.64,532.01,12,141.14,7,3,29,19,11.5,87,5,9,,8.4,Monthly,DSL,Debit Card,1
57,44,169.74,8428.88,8,124.85,7,4,30,8,60.8,8,10,3,6,7.1,One Year,Fiber,Digital Wallet,1
21,62,148.8,10359.43,11,,5,1,27,34,,83,10,8,10,28.8,Two Year,None,Digital Wallet,1
59,26,61.62,1426.92,12,30.11,6,4,,28,35.2,62,0,7,2,16.1,One Year,None,Digital Wallet,1
68,37,142.19,5574.96,8,124.77,2,1,9,58,,73,5,10,6,37.0,Two Year,Fiber,Credit Card,0
,25,73.04,1846.69,10,131.12,6,5,16,55,17.7,47,1,3,2,22.9,Monthly,Fiber,Bank Transfer,1
31,64,49.11,3275.44,0,,4,2,28,45,12.2,,0,3,11,40.7,One Year,Fiber,Digital Wallet,0
41,52,22.38,1038.66,3,,3,4,21,37,64.5,80,9,3,15,32.7,One Year,DSL,Credit Card,0
44,49,60.88,3342.06,12,73.49,5,1,20,45,36.8,89,14,2,11,34.5,Monthly,None,Credit Card,1
68,63,25.97,1654.24,2,141.55,3,4,9,35,27.2,72,8,1,13,6.0,Monthly,Fiber,Digital Wallet,0
51,5,92.38,407.77,3,6.19,4,2,2,49,63.0,8,7,6,10,18.5,Two Year,Fiber,Digital Wallet,0
20,65,141.52,8340.47,3,108.87,1,5,0,10,32.0,32,5,5,8,10.0,Two Year,Fiber,Digital Wallet,0
90,65,,1500.35,,50.72,6,4,0,56,,31,9,8,3,7.2,One Year,Fiber,Credit Card,0
44,67,103.16,7157.61,2,108.75,3,3,1,10,81.3,87,7,0,7,0.2,Monthly,DSL,Credit Card,0
66,5,108.0,470.98,10,123.69,4,5,20,25,26.9,78,12,7,15,37.4,Two Year,DSL,Bank Transfer,1
58,59,94.06,6213.12,7,80.7,3,2,4,19,58.1,22,12,4,15,8.0,Two Year,,Digital Wallet,0
27,6,90.89,579.81,8,127.83,4,2,,41,33.1,,13,6,8,36.7,One Year,DSL,Digital Wallet,1
38,52,36.96,1939.18,3,32.94,2,5,6,56,66.2,79,11,7,,43.1,One Year,DSL,Bank Transfer,1
27,61,32.93,2100.47,4,135.75,7,5,13,4,19.5,43,5,10,7,46.9,One Year,Fiber,Digital Wallet,1
31,,108.62,4897.14,11,102.25,7,2,,26,52.6,25,4,6,,23.4,Two Year,Fiber,Digital Wallet,0
66,68,136.33,10315.91,10,15.01,1,1,0,1,83.0,6,10,1,6,46.6,One Year,Fiber,Debit Card,0
37,9,74.89,756.76,9,135.73,4,4,10,46,17.4,38,3,8,3,45.0,Monthly,Fiber,Digital Wallet,1
57,53,41.12,2213.57,7,105.13,3,2,3,43,85.2,56,3,0,3,44.0,One Year,DSL,Digital Wallet,1
19,47,168.61,8126.49,2,67.38,1,4,30,43,51.9,43,2,5,2,8.9,Two Year,DSL,Digital Wallet,0
25,26,173.66,4272.29,11,119.02,7,1,11,39,88.6,63,0,9,15,29.5,Monthly,DSL,Bank Transfer,1
35,67,164.21,9429.14,5,135.92,1,2,22,20,25.2,55,10,0,5,37.5,Two Year,DSL,Credit Card,1
20,17,158.89,3046.78,0,110.33,1,3,12,13,81.6,48,12,0,12,,Two Year,,Bank Transfer,1
50,55,82.19,4306.36,5,108.01,5,2,15,19,25.5,57,2,10,15,15.9,Two Year,Fiber,Credit Card,0
69,,55.09,696.55,1,23.52,7,2,24,6,78.0,1,0,5,14,45.4,Monthly,Fiber,Digital Wallet,1
39,14,116.07,1408.61,2,30.33,6,1,5,6,65.2,11,0,6,13,34.3,Monthly,Fiber,Credit Card,1
58,68,46.79,3484.83,11,148.2,5,2,15,19,66.4,75,,7,3,25.4,Monthly,Fiber,Debit Card,1
52,25,130.49,3460.79,1,28.64,7,,24,15,16.3,81,9,9,7,25.3,One Year,Fiber,Digital Wallet,1
40,31,102.54,3326.4,10,38.12,7,2,,4,7.5,44,1,9,13,40.9,Monthly,None,Digital Wallet,1
65,12,67.54,876.47,5,104.86,5,1,18,17,66.0,40,14,5,12,40.5,One Year,DSL,Bank Transfer,1
38,70,179.85,11419.75,9,26.0,6,3,13,30,79.4,41,12,7,14,45.0,One Year,Fiber,Debit Card,1
42,,171.69,10309.72,12,47.85,7,2,12,24,3.2,84,5,2,10,47.3,Monthly,Fiber,Credit Card,1
27,35,70.66,2118.22,6,24.17,7,5,8,15,18.7,77,15,6,,47.4,Monthly,DSL,Credit Card,1
24,9,172.24,1645.97,9,43.75,2,5,30,32,72.7,53,15,0,5,31.6,,None,Bank Transfer,1
45,16,113.85,1837.8,5,108.85,7,2,11,37,87.4,8,0,7,6,20.9,Monthly,DSL,Debit Card,0
38,61,144.82,8979.77,9,119.18,6,2,28,9,87.0,80,7,9,10,11.9,Monthly,DSL,Digital Wallet,1
38,66,160.32,10213.35,2,93.73,1,5,15,30,55.0,34,2,7,7,38.9,One Year,None,Debit Card,1
67,8,93.17,683.5,0,49.42,7,5,15,36,14.9,34,10,7,6,30.2,Two Year,Fiber,Debit Card,0
56,16,63.78,885.95,3,78.76,5,3,7,51,35.1,89,0,4,5,10.2,One Year,Fiber,Credit Card,0
66,54,27.99,1495.56,2,67.28,4,5,5,39,41.1,40,3,4,8,13.8,Two Year,None,Digital Wallet,0
55,17,68.26,992.26,0,130.23,5,4,11,10,29.7,48,0,10,7,32.3,One Year,Fiber,Bank Transfer,0
66,5,121.2,574.01,12,85.5,5,1,23,46,64.8,63,2,1,3,7.6,Two Year,Fiber,Debit Card,1
,46,,,12,10.9,4,5,1,34,38.6,50,4,8,14,4.5,Monthly,DSL,Debit Card,1
34,30,54.48,1705.38,8,4.12,6,2,15,3,5.7,29,4,2,9,16.0,One Year,None,Digital Wallet,1
66,38,96.22,3842.44,11,62.53,1,1,6,38,5.2,29,15,,6,35.1,Two Year,DSL,,0
,69,,,,42.57,5,3,16,25,16.1,25,8,5,4,16.4,One Year,DSL,Credit Card,0
46,4,88.51,403.72,10,77.01,4,2,5,8,,13,6,3,13,28.5,Two Year,DSL,Debit Card,0
70,39,74.55,2518.75,10,34.86,,3,6,33,4.1,1,6,2,14,16.7,One Year,None,Digital Wallet,0
47,51,114.3,5243.91,7,72.29,5,3,25,43,77.4,31,2,9,2,44.2,Monthly,None,Credit Card,0
35,1,65.07,62.76,9,144.2,1,1,11,14,58.8,54,11,1,5,20.9,Monthly,DSL,,0
37,19,58.35,,12,,1,1,28,60,84.0,22,0,1,2,36.2,One Year,None,Bank Transfer,1
62,62,,1668.04,3,10.24,6,4,0,3,45.8,59,13,2,1,28.8,Monthly,None,Credit Card,0
35,37,133.61,4502.65,4,4.15,3,2,7,,41.4,0,1,9,14,42.8,Two Year,None,Digital Wallet,0
63,7,62.28,382.13,5,68.71,4,5,5,24,60.0,47,4,5,12,32.0,One Year,Fiber,Digital Wallet,0
40,38,39.36,1573.15,7,101.52,4,3,30,28,9.6,,4,5,15,17.9,One Year,DSL,Debit Card,0
39,65,166.52,12391.24,2,90.02,5,2,27,52,52.5,26,12,1,14,20.9,Monthly,None,Credit Card,0
95,1,57.03,57.89,2,111.09,6,3,15,8,30.6,47,12,8,11,41.0,Monthly,None,Bank Transfer,1
62,14,52.26,763.23,2,125.24,7,2,22,1,80.6,64,3,7,3,45.8,Two Year,DSL,,1
37,27,104.42,2478.13,3,4.01,1,3,3,14,18.3,87,,1,5,22.6,Monthly,DSL,Bank Transfer,0
18,39,71.62,2688.37,4,64.56,5,4,20,40,54.2,86,15,0,,16.0,Monthly,DSL,Digital Wallet,0
42,69,142.01,9571.46,9,93.22,3,4,0,25,5.4,62,,7,5,27.2,Monthly,Fiber,Credit Card,0
65,44,54.83,,0,48.77,5,4,6,40,38.1,1,4,9,14,33.8,Monthly,None,Digital Wallet,0
29,60,60.33,3690.44,12,138.78,6,1,8,38,12.4,66,15,2,15,22.6,Monthly,Fiber,Bank Transfer,1
45,15,128.32,,1,30.27,4,2,0,25,70.3,83,5,6,1,15.1,Monthly,DSL,Digital Wallet,1
46,15,31.75,424.7,11,146.83,5,5,0,29,45.7,89,13,0,12,26.3,Two Year,DSL,Credit Card,0
20,36,86.99,3321.46,1,10.24,3,3,15,26,46.6,31,4,1,1,8.1,Two Year,Fiber,Debit Card,0
52,48,,5100.49,12,98.61,5,4,3,36,5.5,25,4,4,,37.3,One Year,Fiber,Bank Transfer,1
68,2,33.6,70.54,9,79.81,3,2,10,59,23.4,,6,3,11,23.7,One Year,Fiber,Credit Card,1
53,70,156.68,9555.8,10,19.48,5,2,27,,8.0,65,2,9,3,12.4,One Year,None,,0
70,34,82.05,3000.91,0,130.66,7,4,0,13,61.1,47,12,7,10,41.8,Monthly,None,Debit Card,1
68,66,,11135.64,12,,2,5,16,19,45.7,9,13,9,1,20.9,Two Year,Fiber,Debit Card,0
20,48,60.77,2725.17,10,121.12,3,3,26,35,55.3,39,15,8,8,19.3,Two Year,None,Debit Card,1
23,63,175.91,11191.18,9,94.89,3,3,29,18,79.0,76,7,5,15,45.3,Monthly,None,Debit Card,1
37,25,151.25,3801.3,,42.14,5,4,21,43,18.6,78,4,4,4,34.4,One Year,None,Bank Transfer,1
47,67,43.61,3118.74,4,95.97,2,5,25,41,75.1,23,15,5,4,19.6,Two Year,DSL,Digital Wallet,0
27,33,114.99,3512.96,6,122.06,4,1,,13,250,32,15,7,15,49.5,Two Year,DSL,Digital Wallet,1
21,55,118.64,6504.76,1,71.72,4,3,3,9,17.9,46,1,0,14,3.5,Monthly,None,Bank Transfer,1
24,55,48.81,2999.7,9,9.45,1,3,19,47,26.4,55,7,3,4,30.9,Two Year,DSL,Bank Transfer,0
27,3,106.36,301.54,3,26.19,7,,6,35,56.2,20,2,9,12,30.7,One Year,DSL,Credit Card,0
44,29,,1645.35,2,137.69,3,1,0,16,61.1,55,12,7,4,11.6,Monthly,DSL,Digital Wallet,1
65,50,155.35,8351.68,0,81.42,3,2,28,44,45.3,67,10,5,,25.0,Two Year,DSL,Digital Wallet,1
41,19,131.07,2565.75,11,102.65,2,4,6,14,29.7,51,8,3,12,14.5,Monthly,DSL,Digital Wallet,0
61,32,121.5,3380.26,11,120.12,4,5,11,24,35.5,62,13,7,15,21.2,One Year,DSL,Bank Transfer,1
41,34,93.96,2876.97,9,96.93,5,5,25,13,76.4,48,11,0,13,11.4,,Fiber,Credit Card,0
53,7,,397.16,4,68.24,3,2,,28,26.5,23,7,6,5,8.3,Monthly,,Credit Card,0
54,23,62.56,1426.04,6,134.29,2,1,25,13,55.0,9,2,1,5,40.9,Monthly,None,Credit Card,0
53,48,134.33,5776.08,2,37.22,1,3,27,11,69.4,65,0,8,9,44.7,One Year,Fiber,Debit Card,1
27,17,54.92,964.16,5,86.29,3,4,7,30,17.4,14,7,2,11,30.3,Monthly,Fiber,Digital Wallet,1
36,59,,6015.75,12,59.56,5,4,28,34,43.1,82,11,9,10,35.9,Two Year,DSL,Bank Transfer,1
44,22,98.02,2156.26,,5.94,1,5,11,54,28.3,77,13,6,7,15.0,Monthly,DSL,Digital Wallet,1
19,28,86.86,2533.1,2,67.77,5,2,20,51,28.6,31,4,0,15,11.4,One Year,DSL,Digital Wallet,1
63,60,76.31,4172.97,2,62.66,1,2,30,10,80.9,12,9,5,1,17.5,One Year,None,Digital Wallet,1
36,46,150.48,7029.25,0,140.13,7,4,2,23,31.2,39,5,0,2,,Two Year,None,Bank Transfer,1
50,28,119.06,3204.93,7,60.81,7,,14,23,56.7,36,11,0,13,25.8,Monthly,DSL,Digital Wallet,1
50,5,124.94,633.69,,,1,2,29,53,35.3,84,14,10,5,7.2,Monthly,Fiber,Digital Wallet,1
32,6,22.26,114.01,2,29.58,5,2,13,52,74.7,19,13,8,10,12.8,Monthly,Fiber,Credit Card,1
20,34,134.99,4984.85,3,70.51,2,4,3,6,60.9,43,11,7,5,28.9,Two Year,None,,0
38,,40.67,2916.52,11,88.67,6,3,25,39,70.5,31,7,0,7,24.2,One Year,None,Bank Transfer,1
64,52,23.46,1253.48,12,129.54,1,2,17,15,76.3,28,7,7,15,7.7,Monthly,None,Bank Transfer,1
43,54,108.48,5504.84,3,24.79,,1,24,21,83.5,7,13,6,14,21.6,One Year,DSL,Credit Card,1
41,16,65.82,1048.86,7,139.21,4,5,6,26,39.8,30,9,3,10,40.2,One Year,Fiber,Bank Transfer,1
,13,28.55,404.13,0,22.93,4,4,28,6,84.2,89,4,0,1,23.6,Monthly,Fiber,Bank Transfer,0
41,46,124.9,5034.44,2,133.99,3,1,1,38,,5,0,3,13,,One Year,DSL,Credit Card,0
36,68,26.83,1886.14,2,10.21,5,3,5,42,70.3,65,,7,10,11.2,One Year,,Digital Wallet,0
60,21,129.66,2976.31,5,142.78,3,3,20,46,73.7,53,7,4,11,16.3,Monthly,DSL,,0
20,11,24.69,302.16,2,,4,2,4,47,8.5,42,10,9,4,35.9,One Year,DSL,Credit Card,0
60,71,135.35,9040.6,11,300,4,1,11,11,36.4,44,2,0,1,42.1,One Year,DSL,Debit Card,0
47,51,144.31,8160.35,7,20.37,3,4,21,21,86.3,72,5,0,14,39.2,One Year,DSL,Credit Card,1
39,,21.93,371.71,8,90.79,3,,23,12,38.8,1,11,5,13,30.7,One Year,Fiber,Credit Card,1
70,65,48.28,2806.62,10,98.97,6,5,8,34,36.4,67,6,6,13,47.5,Monthly,DSL,Bank Transfer,1
66,59,22.34,1251.87,6,88.6,7,1,15,54,79.3,59,7,5,14,29.5,One Year,DSL,Bank Transfer,0
20,30,125.29,3848.42,6,40.17,5,2,1,15,85.8,57,7,6,1,21.5,Monthly,DSL,Digital Wallet,1
64,,141.87,5952.83,7,148.34,2,5,21,36,27.3,14,,6,,36.3,Monthly,,Debit Card,1
45,11,69.25,703.61,,,2,3,5,43,27.7,32,13,2,15,21.3,,Fiber,Bank Transfer,1
36,40,179.65,7598.96,10,10.75,2,1,27,60,2.3,30,2,4,3,5.7,One Year,DSL,Credit Card,1
67,69,91.77,5614.25,10,92.35,7,1,11,51,10.1,22,12,3,9,47.2,Two Year,Fiber,Credit Card,0
28,19,71.45,1366.55,11,80.45,4,3,0,22,77.1,55,3,8,13,40.6,,Fiber,Debit Card,1
48,9,,1700.84,10,140.1,7,4,17,50,42.3,,11,3,15,2.1,One Year,,Credit Card,1
,48,122.04,5709.48,0,145.45,7,4,2,9,76.2,76,3,9,3,23.7,Two Year,None,Bank Transfer,1
69,5,144.71,753.52,3,47.15,7,4,9,3,77.6,7,9,10,3,34.8,One Year,Fiber,Bank Transfer,1
44,10,175.9,1687.12,7,46.6,3,4,0,2,88.4,41,5,1,14,6.9,Two Year,None,Credit Card,1
24,34,141.72,4555.84,1,27.8,2,5,25,6,,35,9,8,13,27.1,Monthly,None,Bank Transfer,0
60,39,31.57,1195.64,0,47.13,4,,21,22,25.7,6,4,1,2,47.4,Two Year,Fiber,Credit Card,0
20,61,148.57,8807.17,1,40.01,5,5,28,51,23.8,42,5,2,11,45.9,Two Year,Fiber,Credit Card,0
64,17,42.95,830.32,10,76.7,4,1,21,34,79.0,73,6,7,9,11.9,One Year,Fiber,Digital Wallet,1
51,38,71.8,2650.25,9,62.03,5,3,8,16,56.2,15,13,4,11,30.3,Monthly,,Digital Wallet,0
65,33,129.06,4356.87,10,87.24,6,2,4,46,5.5,31,1,1,11,19.7,Monthly,DSL,Credit Card,1
59,27,133.34,3956.57,0,62.3,3,2,14,,14.9,,3,5,6,48.9,One Year,None,Bank Transfer,1
30,19,49.12,892.17,10,128.79,6,2,15,32,85.5,55,1,4,1,21.7,Monthly,Fiber,Credit Card,1
51,38,500,1631.96,4,21.53,3,2,13,50,3.2,67,2,9,8,17.4,Two Year,Fiber,Digital Wallet,1
35,62,173.98,,7,33.47,2,1,24,16,58.8,49,7,8,9,32.1,Monthly,,Bank Transfer,1
51,33,128.83,3960.36,10,77.71,,4,0,5,51.9,13,7,4,5,40.5,Two Year,None,Debit Card,0
51,1,39.6,33.89,12,103.6,5,4,18,22,2.1,24,5,1,12,15.3,One Year,DSL,Bank Transfer,0
58,,125.52,7429.05,9,,1,4,15,40,19.3,31,10,0,14,16.8,One Year,Fiber,Bank Transfer,1
,72,17.71,1113.03,9,134.44,2,4,27,3,20.0,52,2,1,11,49.5,Two Year,DSL,Debit Card,1
31,28,76.19,1836.76,0,137.77,4,1,8,42,53.8,57,6,1,6,46.2,Two Year,Fiber,Credit Card,0
68,,,10786.46,,7.1,6,3,17,11,59.8,89,0,7,14,49.6,One Year,DSL,Credit Card,1
,30,167.59,4692.36,6,104.61,3,4,17,45,16.5,12,0,10,5,9.6,Monthly,Fiber,Credit Card,0
30,27,47.61,1206.41,0,99.42,2,5,4,3,12.4,26,11,10,13,44.0,One Year,None,Digital Wallet,1
22,,93.17,1667.56,5,,2,4,3,6,69.3,27,2,2,7,5.4,Monthly,None,Debit Card,0
51,72,160.83,11686.99,9,134.9,5,3,28,29,15.9,76,6,7,7,8.6,One Year,DSL,Bank Transfer,1
31,3,47.38,133.42,12,,1,5,3,51,63.1,6,7,8,14,5.7,,DSL,Debit Card,1
,69,159.51,11993.26,3,136.25,5,5,17,57,8.5,68,2,5,9,26.9,One Year,DSL,Bank Transfer,0
,23,22.26,510.52,3,21.39,7,2,22,41,9.9,18,14,1,7,36.0,Two Year,Fiber,Bank Transfer,0
61,36,178.8,6123.36,0,114.94,7,1,24,43,62.8,3,2,5,3,37.9,Two Year,None,,1
30,62,172.26,9392.93,12,134.2,6,3,1,,57.5,77,0,2,6,15.6,Two Year,Fiber,Bank Transfer,0
34,21,29.03,666.83,9,100.39,5,4,9,32,48.0,9,4,2,14,,Two Year,None,Credit Card,0
48,6,98.68,586.27,0,90.08,1,3,28,16,,81,10,1,6,36.2,One Year,,Debit Card,1
54,16,53.91,771.8,4,77.0,3,3,21,4,34.2,21,12,0,9,35.7,Two Year,DSL,Credit Card,0
33,53,114.35,6268.2,7,92.9,7,1,24,40,70.5,67,5,2,2,3.0,Monthly,Fiber,Digital Wallet,1
51,16,161.88,2912.73,11,1.24,6,3,30,55,58.7,70,15,,15,46.5,,Fiber,Digital Wallet,1
30,68,121.88,8038.48,3,23.65,1,2,22,26,56.5,37,5,8,10,32.3,Two Year,None,Bank Transfer,1
28,3,55.05,161.18,11,20.01,6,,13,14,11.2,32,2,7,14,2.0,One Year,DSL,Digital Wallet,1
66,48,140.01,7458.94,,28.4,7,2,23,44,34.5,69,5,4,4,48.0,Two Year,Fiber,Credit Card,0
37,53,145.7,8563.23,8,86.57,7,5,16,59,82.8,28,3,5,4,27.8,Two Year,None,Debit Card,0
35,43,134.71,5156.95,9,124.85,1,3,1,19,62.4,7,9,,4,45.8,Monthly,DSL,Debit Card,0
34,41,160.77,5844.44,11,33.67,2,1,2,7,64.6,58,14,1,9,2.4,Monthly,Fiber,Credit Card,1
30,64,50.77,3156.67,5,149.92,1,4,27,3,65.7,10,15,5,7,4.8,Two Year,DSL,Credit Card,1
29,27,150.36,4665.34,0,88.12,3,4,3,36,13.3,76,0,30,12,18.9,One Year,None,Digital Wallet,0
36,16,,3115.01,,132.4,6,2,12,24,55.7,44,4,0,2,15.6,Monthly,Fiber,Bank Transfer,1
36,29,53.17,1555.76,5,125.79,5,2,24,27,19.1,20,6,9,10,25.3,Monthly,Fiber,Digital Wallet,1
39,54,27.66,,0,104.46,7,3,4,34,49.2,5,11,10,1,38.9,One Year,Fiber,Digital Wallet,0
45,56,174.44,10482.99,8,104.21,1,2,13,50,76.5,5,,0,9,44.2,One Year,DSL,Digital Wallet,0
23,4,78.74,332.43,1,48.4,6,2,3,12,69.5,32,,5,1,40.9,Two Year,None,Debit Card,1
24,63,118.35,7423.1,12,84.42,2,5,,34,,37,1,1,4,15.2,Two Year,Fiber,Digital Wallet,0
39,39,54.18,2343.02,8,110.63,5,2,13,3,20.7,82,11,9,12,6.2,Monthly,None,Bank Transfer,1
62,3,114.94,298.01,5,148.98,5,1,25,19,27.1,23,0,7,5,29.1,,DSL,Digital Wallet,0
54,49,158.48,8130.74,8,96.44,,5,23,47,61.5,58,2,8,5,7.3,One Year,None,Digital Wallet,0
54,32,39.24,1280.29,4,3.68,5,3,18,,71.7,24,5,3,2,9.2,Monthly,DSL,,0
45,52,108.05,6395.03,0,61.47,6,1,17,31,15.6,81,3,7,13,20.9,Monthly,None,Digital Wallet,1
31,40,107.67,4945.96,3,78.24,2,3,21,,55.0,46,7,8,3,32.9,Two Year,Fiber,Bank Transfer,0
40,53,161.4,7573.39,2,135.39,5,5,13,22,250,18,12,9,13,17.9,Two Year,Fiber,Digital Wallet,0
23,71,78.1,5342.64,6,94.74,7,2,0,36,44.4,54,3,10,14,34.3,Monthly,Fiber,Bank Transfer,0
66,16,56.57,821.5,4,60.1,2,2,18,51,70.0,65,8,10,15,2.0,Monthly,Fiber,Digital Wallet,1
18,1,125.17,125.69,9,58.91,4,1,1,8,75.4,49,6,1,2,33.4,Two Year,DSL,Credit Card,1
22,49,102.09,5170.59,4,12.48,6,5,2,55,66.9,6,14,6,13,8.9,Two Year,None,Debit Card,0
46,53,118.45,5430.9,5,33.47,3,3,0,58,45.6,56,9,6,3,2.9,One Year,Fiber,Digital Wallet,0
44,17,113.39,1837.74,8,119.9,6,4,23,41,74.7,49,1,2,10,35.0,Two Year,Fiber,Bank Transfer,1
51,69,58.36,4594.98,3,,2,1,29,9,86.0,40,11,2,4,17.2,One Year,Fiber,Digital Wallet,1
23,60,16.76,1111.05,2,101.87,1,5,5,1,35.4,28,13,3,14,25.7,Two Year,DSL,Debit Card,0
52,45,77.04,3144.79,7,11.61,6,5,9,20,25.3,6,5,9,6,,One Year,DSL,Credit Card,0
24,56,60.44,3887.19,3,68.03,6,3,,7,37.1,68,3,2,15,23.2,One Year,None,Debit Card,0
22,2,152.6,317.93,7,134.19,5,5,26,12,11.0,24,8,8,15,,Monthly,None,Bank Transfer,0
49,57,53.59,2986.84,3,131.27,5,2,28,8,76.6,22,10,6,1,16.9,Two Year,,Credit Card,1
62,70,133.67,9156.73,10,139.1,1,4,15,45,7.4,63,7,,,39.0,Monthly,Fiber,Bank Transfer,0
42,70,38.7,2838.15,2,27.48,6,3,10,44,16.0,50,11,0,13,16.8,One Year,Fiber,Bank Transfer,0
27,10,101.27,1094.76,2,11.38,5,2,10,37,37.0,58,1,8,10,26.7,Two Year,DSL,Debit Card,0
,70,62.65,4446.98,0,142.99,2,1,27,22,72.3,77,7,10,14,27.1,Two Year,None,Bank Transfer,1
36,17,64.19,1125.8,11,91.65,5,1,20,6,27.0,57,14,0,,32.7,Monthly,DSL,Debit Card,1
52,52,88.85,4589.15,8,,6,2,0,60,56.2,35,12,1,10,3.2,,None,Digital Wallet,0
52,64,78.44,4492.92,9,86.4,4,5,15,46,76.4,16,10,8,10,9.8,Two Year,Fiber,Bank Transfer,0
18,52,121.19,6646.6,12,36.0,1,3,28,2,60.4,46,12,6,12,31.0,Two Year,,Credit Card,1
25,22,61.13,1361.71,12,112.1,7,3,8,17,18.1,67,12,7,10,19.7,Monthly,DSL,Bank Transfer,1
33,18,127.78,2465.2,4,118.54,7,2,27,13,50.1,73,3,5,,8.2,Monthly,None,Bank Transfer,1
66,44,134.2,6670.35,2,137.14,3,4,5,37,17.1,75,7,3,6,26.5,Two Year,,Credit Card,0
50,14,107.39,1454.4,5,4.34,6,4,16,17,86.2,71,10,0,10,16.0,One Year,None,Bank Transfer,0
32,1,47.04,48.85,1,131.72,5,5,2,60,75.3,61,15,2,1,10.0,Two Year,DSL,Debit Card,0
20,12,153.36,1680.31,4,13.69,3,4,3,21,74.8,25,3,3,12,8.7,Two Year,Fiber,Digital Wallet,0
51,13,54.29,690.15,5,7.35,5,3,30,,15.2,82,3,4,13,39.6,Monthly,DSL,Debit Card,0
57,68,171.42,10334.75,9,78.8,5,1,19,47,75.5,61,0,4,6,6.5,Two Year,None,Bank Transfer,1
26,43,106.97,5169.47,12,64.51,1,3,27,50,53.4,53,14,8,8,14.0,Monthly,Fiber,Digital Wallet,0
50,44,177.22,8717.43,4,81.43,,5,13,24,72.1,40,9,2,9,6.4,Two Year,Fiber,Credit Card,0
45,43,,932.25,0,132.43,1,2,25,20,34.8,29,,1,4,6.6,Monthly,DSL,Bank Transfer,1
18,42,71.09,2568.18,3,95.2,,5,23,12,62.0,,9,4,14,26.0,Two Year,DSL,Digital Wallet,0
63,63,38.77,2781.84,11,148.57,2,4,14,58,58.1,56,9,10,7,7.5,Monthly,Fiber,Bank Transfer,0
65,22,166.67,3433.44,1,79.11,7,2,22,35,73.1,13,4,3,14,3.1,,,Debit Card,0
59,1,118.44,122.85,0,56.88,1,1,16,16,38.6,62,5,3,12,27.6,One Year,Fiber,Debit Card,0
43,67,131.52,9248.44,2,118.14,3,4,14,21,24.9,46,8,7,3,18.9,Two Year,Fiber,Bank Transfer,1
23,66,149.75,10935.73,11,68.31,6,5,7,47,11.0,,5,7,2,32.3,Monthly,Fiber,Digital Wallet,0
30,57,144.89,8824.38,9,98.48,2,1,10,12,17.2,73,,6,15,8.6,Monthly,None,Digital Wallet,1
60,10,120.66,1111.14,8,,2,3,20,24,63.8,31,6,5,,47.0,One Year,DSL,Credit Card,1
59,60,136.62,9137.84,3,24.65,4,3,7,2,52.3,33,8,9,13,47.7,One Year,None,Credit Card,1
46,57,15.44,898.84,7,10.95,1,3,7,43,81.3,59,15,1,4,24.5,One Year,Fiber,Debit Card,1
,13,37.23,464.29,11,118.69,7,1,17,,17.2,5,8,8,8,30.3,Two Year,DSL,Digital Wallet,1
31,48,125.11,5748.31,3,95.8,4,1,25,54,83.2,5,6,0,5,48.9,Monthly,DSL,Credit Card,0
68,42,33.06,1207.9,2,143.14,,5,28,60,78.3,2,4,10,10,,Two Year,None,Bank Transfer,0
23,39,47.81,1739.95,11,76.95,1,5,26,13,82.2,73,13,7,2,10.5,Two Year,DSL,Credit Card,0
25,19,80.64,1593.43,11,23.19,2,2,3,56,62.4,89,14,6,8,37.6,Monthly,Fiber,,1
,12,34.13,395.13,1,19.86,2,1,3,40,65.5,57,4,5,11,37.1,Two Year,DSL,Debit Card,1
57,28,21.11,603.83,6,57.35,2,5,0,43,17.7,83,9,8,2,7.5,One Year,Fiber,Credit Card,1
19,72,127.7,9540.15,2,138.33,7,1,18,43,30.7,17,,9,5,18.8,Monthly,None,Debit Card,0
41,45,134.06,6647.39,1,121.66,6,1,25,60,20.9,85,11,2,13,34.7,One Year,Fiber,Credit Card,1
47,,38.41,557.55,5,82.68,5,3,12,20,69.1,16,6,0,5,47.1,Two Year,Fiber,Credit Card,0
48,7,84.71,568.39,2,72.16,5,4,8,4,16.6,79,1,7,12,36.1,Monthly,DSL,Digital Wallet,0
19,53,,2477.77,4,79.89,1,3,10,17,85.9,20,0,3,12,,One Year,Fiber,Debit Card,1
19,47,164.82,7527.02,7,84.88,7,4,,28,80.6,39,2,5,8,29.5,One Year,DSL,Bank Transfer,1
29,32,56.46,,2,125.6,3,4,13,1,11.7,71,1,1,13,39.2,Monthly,Fiber,Debit Card,1
65,53,106.38,4962.2,6,41.79,1,4,5,28,47.4,,0,8,2,40.6,Two Year,DSL,Digital Wallet,1
55,4,158.29,558.73,5,105.79,4,1,6,33,5.7,57,3,3,1,23.1,Monthly,DSL,Credit Card,0
70,37,74.58,2784.87,4,74.06,2,4,5,8,64.0,3,0,9,7,9.1,Two Year,None,Bank Transfer,0
63,55,113.37,6228.19,3,18.51,1,3,6,43,72.7,25,,2,14,40.5,One Year,DSL,Digital Wallet,0
45,20,28.02,574.71,8,36.46,2,4,0,3,7.1,34,12,6,7,5.0,One Year,None,Credit Card,1
68,15,23.35,359.55,10,70.37,3,1,0,48,59.6,74,7,8,13,47.1,Monthly,None,Bank Transfer,1
38,32,125.17,4255.05,5,117.78,1,3,,39,46.2,75,9,,14,29.9,One Year,DSL,Digital Wallet,1
59,9,47.78,441.67,10,500,4,4,19,36,68.0,13,13,6,2,7.4,One Year,DSL,Credit Card,0
,35,55.96,2153.04,12,48.69,2,,,45,87.1,85,9,9,10,45.6,Two Year,DSL,Credit Card,1
70,34,42.25,1406.67,10,21.37,2,4,1,33,42.5,69,5,1,2,20.5,Monthly,None,Credit Card,0
60,34,30.69,1178.34,8,141.59,7,1,7,24,62.2,78,14,2,15,5.6,One Year,Fiber,Bank Transfer,0
50,4,149.53,661.17,8,139.25,3,3,17,9,,15,14,5,9,25.7,Monthly,None,Digital Wallet,0
41,57,168.86,9737.92,0,,3,5,1,27,43.7,60,2,2,14,9.4,Two Year,Fiber,Bank Transfer,0
23,11,169.13,1866.51,,101.31,5,,25,11,54.8,54,4,7,12,37.6,Two Year,None,Digital Wallet,1
21,35,22.12,740.44,11,18.13,7,,25,38,39.3,45,13,0,8,45.0,Two Year,Fiber,Debit Card,1
61,71,107.1,7223.83,6,53.43,7,,18,52,77.6,84,12,2,,32.0,Two Year,DSL,Bank Transfer,0
42,50,105.22,5608.79,9,64.68,3,4,16,20,15.3,,,2,9,16.9,One Year,Fiber,Debit Card,0
40,32,151.21,4703.18,,82.23,1,5,30,37,86.5,28,8,8,7,26.6,Two Year,Fiber,Credit Card,0
26,34,80.21,2441.89,12,79.32,5,5,2,28,3.9,8,2,4,2,10.7,Monthly,None,Debit Card,0
66,21,179.77,4197.76,11,61.4,2,2,15,47,37.9,0,10,2,4,2.2,One Year,DSL,Credit Card,1
67,3,165.15,474.69,4,112.7,4,2,8,8,56.2,54,10,10,1,43.7,Two Year,DSL,Bank Transfer,1
54,54,81.34,3816.76,12,111.18,6,1,24,34,13.2,33,1,8,9,47.8,Two Year,Fiber,Digital Wallet,1
53,19,30.99,514.55,4,62.35,7,1,25,15,75.9,79,5,6,11,18.8,One Year,None,Digital Wallet,1
52,,130.32,4272.54,11,92.97,4,3,29,33,35.5,39,2,5,6,,One Year,None,Credit Card,1
57,18,134.19,2545.51,0,126.8,7,4,11,16,63.3,,1,5,2,3.5,Monthly,DSL,Credit Card,1
56,69,139.2,9763.97,6,,3,2,13,46,59.0,12,8,5,,30.0,One Year,DSL,Credit Card,1
56,39,148.15,5428.95,9,37.91,1,3,29,25,89.9,87,8,8,10,21.7,One Year,DSL,Credit Card,1
,34,41.7,1553.99,4,47.55,7,3,15,49,41.0,68,0,9,8,39.1,One Year,DSL,Debit Card,1
50,,85.15,314.29,12,55.74,7,4,28,25,70.9,,5,6,6,35.0,Monthly,Fiber,Digital Wallet,1
56,45,52.77,2056.71,11,139.82,4,2,27,12,12.4,19,9,2,13,39.9,One Year,DSL,Digital Wallet,1
26,41,116.19,4606.79,1,12.32,3,1,2,24,82.1,64,8,8,13,25.9,One Year,Fiber,Credit Card,0
52,2,32.88,67.51,6,72.44,4,,4,13,79.0,22,11,7,15,39.3,Monthly,DSL,Digital Wallet,1
63,,145.77,8543.37,10,121.89,1,2,23,8,82.9,6,6,8,5,11.4,One Year,DSL,Debit Card,1
62,50,,7974.51,7,83.34,7,2,,17,85.4,,9,2,2,33.6,Two Year,Fiber,Bank Transfer,0
41,35,22.78,839.35,6,38.54,6,3,9,42,43.1,18,6,1,,7.0,Monthly,Fiber,Digital Wallet,0
52,63,127.56,8327.49,1,67.89,7,4,24,14,23.4,37,5,7,3,1.5,Two Year,None,Digital Wallet,0
70,10,163.13,1559.67,0,98.43,1,1,19,51,36.1,31,1,4,6,35.7,Monthly,Fiber,Digital Wallet,1
68,30,68.62,2086.59,2,40.38,2,3,27,15,79.5,1,1,10,12,5.2,Monthly,None,Digital Wallet,0
50,37,99.84,3214.18,6,52.13,2,3,8,17,82.7,46,8,4,,2.7,Two Year,Fiber,Bank Transfer,0
48,28,89.31,2713.95,1,2.83,6,3,7,42,54.4,18,14,8,9,33.1,Two Year,None,Digital Wallet,0
54,55,178.05,9874.11,12,23.67,7,5,1,20,89.4,40,15,9,12,6.6,One Year,Fiber,Bank Transfer,0
61,18,56.88,941.69,12,13.89,6,5,17,48,86.8,90,8,,5,6.6,Monthly,,Debit Card,0
28,67,53.85,3681.57,1,23.07,1,5,15,2,36.5,20,,2,9,43.3,Monthly,None,Debit Card,1
25,6,149.68,767.38,3,26.77,1,1,2,45,47.9,59,13,6,2,2.3,Monthly,None,Digital Wallet,1
25,2,105.38,230.86,3,56.21,7,1,9,4,82.7,30,9,5,11,12.2,Monthly,None,Credit Card,1
35,54,144.2,8409.2,,96.41,2,3,9,27,78.2,75,10,10,13,4.9,,Fiber,Credit Card,1
66,52,166.14,7352.48,4,141.55,6,5,12,29,75.4,42,0,0,7,21.6,Two Year,DSL,Digital Wallet,0
,2,164.32,318.09,5,45.21,1,1,22,54,80.5,28,9,0,13,22.4,One Year,Fiber,Digital Wallet,0
55,35,142.45,4940.03,8,92.47,3,5,24,13,39.8,70,6,4,9,7.0,Two Year,None,Digital Wallet,1
56,59,144.51,8597.59,8,65.3,5,5,28,41,51.8,60,15,9,2,18.2,One Year,None,Digital Wallet,1
47,10,108.94,1219.08,0,104.14,2,2,0,6,13.7,89,,,14,48.2,Two Year,None,Debit Card,1
37,11,106.29,995.86,9,55.6,2,1,25,30,33.8,65,10,1,8,24.3,One Year,None,Credit Card,1
26,63,63.97,4153.58,12,11.66,5,5,4,18,10.1,75,12,2,7,13.3,Monthly,Fiber,Digital Wallet,1
55,10,89.13,,4,108.29,3,3,29,9,11.3,70,11,10,5,18.6,Monthly,DSL,Digital Wallet,1
26,1,154.41,137.8,5,74.79,1,5,0,47,6.4,,12,3,15,35.2,,DSL,Bank Transfer,0
47,22,49.86,977.14,,148.79,5,2,29,36,55.8,35,0,,2,24.3,Two Year,None,Debit Card,1
34,58,54.66,2824.32,6,11.34,5,3,0,31,7.8,44,1,,2,28.7,Monthly,None,Debit Card,0
69,14,176.87,2592.76,5,28.3,1,1,23,24,22.0,56,1,9,3,10.0,Monthly,DSL,Credit Card,1
55,41,127.28,4442.91,7,38.84,6,1,28,33,52.5,39,10,,4,40.5,Monthly,None,,1
53,28,157.76,4300.83,2,89.48,3,4,24,8,38.4,,4,7,4,40.2,Two Year,Fiber,Debit Card,0
64,10,20.86,198.1,2,53.09,5,,12,15,62.2,8,14,4,4,48.5,Two Year,,Digital Wallet,0
66,31,70.67,2465.75,6,79.73,4,3,17,28,5.4,54,14,3,10,27.4,Two Year,DSL,Bank Transfer,0
50,,105.28,3001.27,5,120.13,4,3,12,59,14.1,,10,5,,22.3,One Year,DSL,Credit Card,0
46,43,73.15,3017.33,6,24.34,5,,23,53,2.9,4,10,5,2,2.1,Two Year,None,Bank Transfer,0
60,14,161.76,1992.7,1,149.52,4,5,30,25,10.3,87,0,2,6,40.3,Two Year,DSL,Digital Wallet,1
62,23,42.75,842.78,11,93.34,2,3,26,59,84.0,89,2,10,3,49.9,Monthly,None,Debit Card,1
38,46,158.87,6342.31,2,129.06,7,1,2,21,11.8,27,5,5,13,32.7,Two Year,None,Bank Transfer,0
57,44,20.28,834.1,7,15.43,4,2,27,9,42.8,70,1,80,12,37.2,Two Year,DSL,Credit Card,0
60,9,22.94,236.35,,143.63,5,2,9,50,65.5,26,3,0,5,17.4,Monthly,Fiber,Digital Wallet,1
57,37,25.63,960.48,10,92.21,1,2,20,22,79.5,78,5,8,6,17.3,Monthly,DSL,Bank Transfer,1
,50,26.66,1156.77,7,85.62,5,1,20,2,37.0,54,1,1,9,19.3,One Year,DSL,Bank Transfer,1
62,31,179.36,5561.75,11,102.19,6,2,21,13,52.2,36,9,9,12,48.2,One Year,Fiber,Credit Card,1
49,59,77.2,5030.41,2,50.46,1,2,5,41,,1,2,7,4,49.3,One Year,DSL,Debit Card,0
29,37,32.45,1214.06,2,87.53,6,2,21,37,63.8,19,7,3,5,16.6,Monthly,Fiber,Credit Card,0
20,6,121.12,812.26,10,7.44,2,1,20,49,86.4,71,,8,5,12.1,Monthly,Fiber,Credit Card,1
46,29,146.11,4384.98,0,42.6,6,3,30,60,82.3,42,14,5,14,28.3,Monthly,Fiber,Debit Card,1
55,55,66.43,3538.82,3,143.01,2,4,21,52,79.6,1,4,7,6,17.7,Monthly,Fiber,Bank Transfer,0
47,4,129.66,460.46,7,17.62,7,3,26,11,21.9,70,0,2,4,21.6,Monthly,Fiber,Debit Card,1
51,16,101.17,1817.75,11,1.14,3,5,3,28,11.4,14,13,3,9,18.6,Two Year,None,Credit Card,0
38,60,128.89,7664.83,11,103.76,4,5,16,3,64.4,43,7,7,9,38.3,Two Year,,Debit Card,1
42,20,98.91,,2,120.65,3,3,30,,29.4,6,3,8,3,8.4,One Year,Fiber,Credit Card,1
53,28,116.48,3297.3,10,139.03,2,2,21,,7.2,11,8,4,8,49.4,Two Year,Fiber,Debit Card,0
51,15,25.9,443.74,5,86.8,6,2,22,1,61.2,80,0,2,1,31.7,Monthly,DSL,Debit Card,1
26,17,133.3,2264.76,2,104.47,1,2,11,46,19.1,16,2,6,6,44.3,One Year,DSL,Digital Wallet,1
61,8,71.83,625.16,3,140.27,4,,14,23,37.0,74,3,9,9,11.2,Monthly,None,Credit Card,0
56,12,83.59,1118.47,10,146.75,1,4,9,25,78.1,5,5,9,,47.8,Monthly,Fiber,Credit Card,0
65,70,350,9165.52,6,59.09,2,5,2,52,78.4,15,13,7,1,25.1,One Year,DSL,Bank Transfer,0
44,51,,4992.35,0,57.78,6,4,29,10,9.4,65,12,5,6,3.0,Two Year,,Bank Transfer,1
20,57,174.28,9610.66,3,102.89,5,2,22,15,51.9,44,0,4,11,30.2,Monthly,DSL,Debit Card,1
28,50,37.22,2074.31,1,13.72,2,3,6,51,38.2,150,10,10,9,34.8,One Year,None,Debit Card,1
50,66,119.98,8999.48,8,110.38,5,5,3,48,56.8,52,4,10,4,36.2,Two Year,Fiber,Digital Wallet,0
30,72,70.91,4706.4,2,108.16,3,4,30,12,80.2,85,1,5,9,11.8,Monthly,DSL,Debit Card,0
20,31,27.8,915.16,5,127.33,5,4,12,2,34.9,34,11,7,13,36.4,Two Year,None,Bank Transfer,1
68,59,81.23,5097.53,11,119.72,3,3,30,13,33.7,30,13,5,10,23.6,One Year,DSL,Digital Wallet,0
56,65,78.08,5542.46,6,31.69,3,2,2,12,32.2,47,0,8,12,45.4,,DSL,Bank Transfer,0
70,44,,1945.24,2,48.8,3,5,12,26,28.6,57,5,1,14,46.1,Monthly,DSL,Bank Transfer,1
41,16,58.84,908.91,4,8.37,6,,20,35,53.3,31,5,6,14,5.8,One Year,DSL,Debit Card,0
21,58,,5763.35,12,68.96,1,1,0,35,58.8,15,15,8,14,17.8,Monthly,Fiber,Credit Card,1
64,71,88.69,7083.14,8,42.49,2,2,11,53,87.3,35,5,6,15,45.3,One Year,DSL,Bank Transfer,0
59,64,23.02,1472.05,10,144.75,7,1,22,34,38.2,43,4,3,15,22.2,One Year,Fiber,Digital Wallet,1
38,53,46.07,2418.29,1,42.16,1,1,29,49,57.4,45,4,7,15,26.9,Monthly,DSL,Bank Transfer,0
60,6,21.0,141.91,7,128.52,2,2,2,20,18.4,59,6,1,7,1.3,One Year,Fiber,Credit Card,1
31,51,102.3,5416.93,1,74.41,2,1,6,8,19.4,79,11,5,12,7.7,One Year,Fiber,Credit Card,1
29,63,144.38,8670.17,11,800,5,3,26,58,77.7,87,6,3,3,8.4,Two Year,None,Digital Wallet,1
57,25,162.45,4187.22,2,0.71,3,4,22,45,74.9,28,11,3,3,11.3,One Year,Fiber,Bank Transfer,0
48,51,30.12,1328.26,7,,2,4,19,32,71.3,15,5,3,7,1.9,Monthly,DSL,Credit Card,0
24,46,121.39,6341.37,8,33.73,5,5,20,12,64.1,63,,4,9,43.0,One Year,DSL,Debit Card,1
66,34,,1136.69,3,,2,2,30,11,82.9,65,0,10,2,37.7,One Year,DSL,Debit Card,1
60,20,133.36,2799.23,10,94.88,2,2,23,23,37.6,48,5,9,6,10.6,Two Year,Fiber,Digital Wallet,1
58,62,157.64,9024.94,10,17.65,1,3,12,44,71.8,35,3,3,1,24.3,,Fiber,Bank Transfer,0
59,72,68.45,4209.18,,11.22,7,4,5,26,60.2,65,9,10,7,11.5,Two Year,DSL,Bank Transfer,0
38,36,145.47,,5,38.09,1,2,29,41,60.1,47,2,6,12,13.4,Monthly,None,Bank Transfer,1
35,3,108.98,343.67,9,108.27,5,2,18,21,41.7,63,11,2,1,23.9,Monthly,Fiber,Credit Card,1
45,21,125.0,2287.26,10,74.67,2,1,4,20,8.4,25,7,6,15,47.3,One Year,DSL,Digital Wallet,1
54,67,93.3,5452.57,6,73.84,4,2,2,52,55.0,23,4,7,11,19.5,Monthly,DSL,Bank Transfer,0
51,69,117.57,8474.34,6,,7,2,30,41,62.3,,9,3,2,30.1,Two Year,DSL,Bank Transfer,1
19,66,125.9,9021.44,10,50.56,2,1,4,3,16.0,75,2,5,14,1.2,One Year,DSL,Digital Wallet,1
36,59,146.92,8106.82,0,106.79,1,2,13,36,42.9,39,9,8,11,38.1,One Year,DSL,Bank Transfer,1
55,58,167.35,10826.83,1,63.26,2,4,28,23,39.5,4,8,5,1,1.2,Monthly,DSL,Bank Transfer,0
48,26,21.21,591.02,4,84.97,5,2,30,30,40.8,14,11,2,10,34.8,Monthly,DSL,Debit Card,1
41,60,133.64,7246.82,5,16.96,5,2,14,27,61.3,54,9,3,2,42.7,Two Year,,Bank Transfer,1
40,37,83.3,3021.65,4,145.87,7,3,27,58,84.9,37,7,4,12,12.9,Monthly,DSL,Credit Card,1
56,32,139.24,4111.42,11,141.74,3,3,18,29,27.1,73,8,6,5,0.9,Two Year,None,Debit Card,1
21,43,97.58,3728.06,11,71.82,2,5,21,53,48.9,66,8,1,4,7.9,Monthly,None,Digital Wallet,1
62,23,34.0,777.01,0,72.1,3,5,11,13,27.3,90,13,5,6,23.6,Two Year,Fiber,Debit Card,1
18,6,64.79,396.52,4,57.53,1,2,23,40,21.7,6,0,2,15,36.9,One Year,Fiber,Debit Card,0
31,60,70.0,4065.79,5,79.55,5,4,6,22,,80,15,0,9,47.0,Monthly,None,Debit Card,0
34,47,106.17,4524.65,,49.42,4,2,2,5,21.6,69,11,0,15,10.2,Monthly,Fiber,Digital Wallet,1
60,18,20.53,341.68,4,68.9,2,3,13,,59.7,2,9,3,11,22.5,Two Year,DSL,Digital Wallet,0
52,4,20.39,88.69,10,47.41,6,2,18,56,26.7,74,1,2,,40.2,Monthly,None,Digital Wallet,1
36,9,91.86,749.44,0,45.66,7,3,1,10,22.1,46,1,,,40.8,Two Year,DSL,Digital Wallet,1
29,58,139.02,8619.11,12,138.38,2,,6,9,47.8,19,7,0,3,0.8,One Year,DSL,Credit Card,1
18,30,18.62,507.87,6,,1,1,21,58,39.6,58,11,0,8,42.8,Monthly,,Bank Transfer,1
38,32,163.28,4530.04,4,96.44,2,1,2,58,17.2,29,8,7,3,11.7,Monthly,DSL,Debit Card,1
52,38,90.64,3905.74,12,87.44,6,1,2,30,,20,4,4,1,44.1,Monthly,DSL,Digital Wallet,0
34,70,91.32,6922.05,1,124.84,4,4,10,53,24.9,13,5,4,1,19.3,Two Year,None,Debit Card,0
46,20,145.12,2875.55,2,51.25,7,1,5,10,29.9,5,10,6,7,37.9,One Year,None,Bank Transfer,0
64,19,171.28,3240.13,10,28.55,5,1,25,12,10.8,10,2,0,2,26.5,Two Year,Fiber,,0
62,71,83.63,6682.7,9,7.97,1,4,27,4,77.9,62,9,0,13,31.5,,None,Debit Card,1
55,33,129.58,3863.33,5,110.42,7,1,15,7,17.2,18,15,6,12,12.7,Monthly,None,Digital Wallet,1
19,47,156.43,6579.46,1,56.66,4,3,21,52,24.9,82,12,3,15,9.8,,Fiber,Debit Card,1
36,38,64.84,2742.74,0,46.06,7,5,15,33,54.7,42,0,4,8,1.0,Monthly,Fiber,Bank Transfer,0
42,65,127.92,7245.61,12,131.31,2,4,15,17,56.9,23,12,6,,32.9,Monthly,None,Bank Transfer,1
35,24,89.64,2150.07,5,119.32,2,3,18,10,3.5,10,12,5,9,4.2,Two Year,Fiber,Credit Card,0
,21,39.9,784.07,1,48.73,7,,6,3,15.3,40,10,10,12,,Monthly,DSL,Debit Card,1
64,20,121.55,2192.05,9,108.55,6,2,1,28,35.2,42,8,9,9,1.4,Two Year,None,Bank Transfer,1
,14,51.8,733.53,0,,5,5,27,55,21.8,20,2,10,2,8.8,Monthly,Fiber,Debit Card,0
41,38,99.37,4242.44,1,106.83,5,2,27,28,49.8,68,15,6,5,44.7,Monthly,None,Credit Card,1
34,72,103.64,,,112.64,7,1,1,51,36.2,72,15,7,11,26.2,Monthly,DSL,Bank Transfer,0
42,52,,3552.61,11,46.96,6,1,19,28,65.7,27,9,10,3,5.6,,None,Digital Wallet,0
29,10,750,401.06,11,10.06,3,2,19,,48.8,14,9,7,9,45.9,Two Year,None,Credit Card,1
57,58,40.32,2521.21,,91.61,5,3,18,45,48.4,83,5,,12,10.0,Two Year,None,Credit Card,1
45,55,82.62,4867.87,11,25.63,1,1,0,23,84.4,20,10,3,9,19.8,Monthly,Fiber,Bank Transfer,0
38,23,59.58,1529.15,3,82.7,1,3,17,45,16.2,53,5,10,13,28.2,Two Year,Fiber,Credit Card,0
52,56,42.06,2325.25,6,140.07,7,2,5,55,50.9,26,12,10,13,44.1,Monthly,Fiber,Digital Wallet,0
65,11,98.43,1126.58,10,144.54,7,4,5,26,42.0,31,13,8,5,48.3,Monthly,Fiber,Credit Card,1
60,65,145.53,8611.29,3,107.68,2,1,21,35,76.7,28,11,2,8,36.9,Two Year,Fiber,Digital Wallet,0
66,3,82.0,275.2,7,58.15,6,1,13,49,57.4,47,5,0,11,44.9,Two Year,None,Credit Card,0
70,35,55.81,1704.33,2,70.33,4,4,,30,82.8,88,3,5,10,20.9,Two Year,None,Debit Card,0
37,45,124.02,5042.11,10,2.99,6,2,22,26,35.2,89,,8,7,38.2,Two Year,DSL,Credit Card,1
46,27,65.83,1781.27,9,133.72,2,3,10,15,400,85,13,10,11,0.5,One Year,None,Bank Transfer,0
55,3,88.43,275.43,2,114.84,4,4,18,,7.5,56,12,7,1,28.1,Two Year,None,Digital Wallet,1
61,64,57.06,3489.64,9,127.67,3,4,8,5,85.9,24,9,1,7,23.1,One Year,DSL,Bank Transfer,1
,,148.39,9031.18,6,44.3,5,5,0,,27.5,1,5,10,11,25.7,One Year,Fiber,Bank Transfer,0
25,5,42.06,187.56,7,6.34,4,3,17,39,81.4,2,5,4,9,,One Year,,Credit Card,0
18,72,159.75,11754.36,3,131.3,7,1,10,31,28.9,69,,9,10,36.8,One Year,None,Credit Card,1
,31,17.4,608.25,7,118.35,1,1,0,14,6.0,44,12,10,7,5.1,Two Year,DSL,Debit Card,1
40,50,63.31,3220.54,12,85.02,7,4,17,43,76.3,37,13,7,10,2.6,One Year,None,Credit Card,0
51,,41.73,2834.34,12,5.72,1,2,13,24,,15,1,3,5,45.9,One Year,DSL,Debit Card,0
20,51,94.85,5077.18,,84.01,4,3,5,20,84.7,48,4,,2,16.2,One Year,None,Digital Wallet,0
26,41,168.85,7479.69,2,140.87,2,1,19,1,31.2,27,9,7,13,1.5,One Year,DSL,Digital Wallet,0
37,70,62.61,4758.04,,89.79,5,4,10,11,10.5,29,7,5,1,24.5,Monthly,Fiber,Bank Transfer,0
40,28,31.77,943.34,9,,6,2,12,9,59.9,11,2,7,,46.2,Two Year,Fiber,Digital Wallet,1
45,35,103.45,3670.26,3,92.81,5,3,22,44,30.3,41,5,2,10,33.4,Monthly,None,Bank Transfer,1
38,13,82.0,1218.7,5,73.64,5,1,14,5,6.8,6,1,5,5,30.0,One Year,DSL,Digital Wallet,1
48,30,141.17,4411.23,5,115.97,3,4,27,34,66.4,37,3,7,2,17.8,One Year,None,Digital Wallet,1
36,27,21.05,522.55,8,80.38,2,2,3,34,21.2,10,2,3,4,41.3,Two Year,None,Debit Card,0
20,66,93.28,6221.03,2,121.91,,1,11,51,17.3,69,15,3,1,14.3,Two Year,DSL,Debit Card,0
22,41,44.95,1812.64,4,61.58,7,2,29,21,66.1,61,1,1,9,28.2,Monthly,DSL,Digital Wallet,0
30,38,61.07,2238.17,1,110.42,4,4,29,11,54.1,50,2,4,4,10.5,One Year,Fiber,Bank Transfer,0
58,56,58.23,3658.09,0,91.63,5,5,25,2,62.7,14,1,8,10,27.7,One Year,Fiber,Credit Card,0
32,44,42.01,1961.72,8,89.37,6,,9,58,27.3,83,9,6,5,36.8,Two Year,None,Bank Transfer,0
60,59,111.17,6437.11,8,136.67,3,4,10,,64.5,44,4,8,12,5.6,Two Year,Fiber,Debit Card,0
46,60,135.64,8405.02,10,126.94,7,1,26,9,28.3,69,6,10,10,45.4,One Year,Fiber,Digital Wallet,1
39,68,64.38,4989.19,5,121.73,7,3,25,60,20.1,63,5,8,7,49.1,Monthly,Fiber,Debit Card,0
58,4,49.64,198.73,12,65.45,5,1,24,6,52.9,78,15,8,2,13.8,One Year,None,Credit Card,1
19,22,152.51,3300.16,9,7.53,3,2,17,56,39.4,54,6,3,14,39.5,Monthly,None,,1
52,3,139.5,414.07,11,2.28,7,3,6,9,61.3,2,3,1,10,12.1,Two Year,Fiber,Credit Card,1
52,17,155.72,3032.22,4,20.59,7,3,11,8,23.4,54,1,9,1,34.5,One Year,None,Credit Card,0
63,16,22.05,334.57,2,45.25,6,4,6,26,8.1,43,15,3,7,37.9,Monthly,DSL,Credit Card,1
40,66,133.9,8574.78,3,31.74,2,5,1,46,2.6,42,10,6,2,18.3,,DSL,Debit Card,1
39,50,150.37,6930.72,7,85.43,3,3,25,,12.2,48,9,3,7,47.8,Two Year,Fiber,Debit Card,0
33,61,95.22,5733.38,2,81.93,4,4,13,1,32.2,31,9,2,9,4.1,One Year,DSL,Credit Card,0
61,53,27.63,1637.17,9,149.88,4,3,20,58,20.0,68,9,6,14,13.3,One Year,Fiber,Credit Card,1
53,70,15.2,1060.94,3,1.74,2,4,13,14,39.2,65,3,4,11,13.0,One Year,DSL,Credit Card,0
55,30,112.68,3678.8,0,86.51,5,1,13,32,37.4,88,0,9,3,8.7,Two Year,DSL,Digital Wallet,0
38,45,33.46,1599.16,12,49.63,6,4,4,55,45.2,58,8,3,1,32.1,One Year,None,Credit Card,0
66,50,153.46,,12,108.27,7,1,6,20,85.3,75,2,8,8,10.3,One Year,DSL,Bank Transfer,0
32,30,50.38,1413.45,7,67.7,7,3,3,15,65.1,77,0,9,15,5.6,One Year,Fiber,Digital Wallet,0
,70,36.07,2247.09,4,118.23,1,3,2,42,76.6,29,2,9,1,36.2,,DSL,Digital Wallet,0
35,36,25.94,809.62,11,74.46,5,3,3,37,20.9,34,11,3,14,27.5,Monthly,Fiber,Digital Wallet,0
37,13,172.53,2527.91,2,112.72,5,4,0,38,66.3,,15,2,,19.5,One Year,None,Digital Wallet,1
29,48,,1337.12,4,119.12,2,3,0,,75.2,88,6,2,7,5.0,Two Year,None,Credit Card,1
37,49,101.76,,6,32.66,4,1,4,35,37.1,88,5,0,15,46.5,Monthly,Fiber,Bank Transfer,0
33,51,162.39,8068.48,2,10.98,3,2,13,35,53.3,1,10,,8,30.2,Monthly,Fiber,Credit Card,0
26,43,172.63,7563.58,0,4.39,4,2,19,30,9.9,4,14,2,3,4.7,Monthly,None,Digital Wallet,0
65,66,92.98,5355.3,6,74.59,2,1,0,,74.5,40,8,6,13,5.6,One Year,Fiber,Debit Card,1
22,61,152.65,9185.35,4,37.11,1,2,26,15,68.8,37,4,2,6,7.2,Two Year,DSL,Credit Card,1
29,28,165.38,4310.96,1,21.72,6,1,18,18,28.8,57,15,2,7,30.9,Monthly,None,Debit Card,1
58,46,67.11,2832.05,2,70.81,1,4,19,53,28.4,71,0,10,3,13.5,One Year,None,Bank Transfer,0
40,15,78.07,1041.56,1,86.46,1,3,30,60,,11,5,6,9,44.0,Two Year,DSL,Digital Wallet,0
53,55,145.54,8985.2,8,101.33,2,,14,25,89.9,1,8,4,8,12.9,Two Year,None,Debit Card,0
60,72,176.11,14493.35,1,86.0,4,3,19,55,51.9,10,13,4,1,2.5,Two Year,None,Debit Card,0
,17,152.54,2815.23,3,42.15,3,5,13,18,41.5,5,5,1,4,28.7,Two Year,DSL,Bank Transfer,0
29,19,132.88,2153.38,1,149.68,2,4,21,48,15.1,1,11,5,1,43.9,Monthly,Fiber,Credit Card,1
53,67,77.19,5626.76,11,107.29,4,4,7,38,11.8,0,0,8,9,28.6,Two Year,Fiber,Credit Card,0
43,1,18.82,21.39,1,57.98,7,2,26,16,14.2,63,6,7,12,41.6,Two Year,None,Digital Wallet,1
57,6,79.05,480.24,11,50.86,5,1,30,,78.3,70,13,7,5,19.4,Monthly,Fiber,Credit Card,0
70,66,60.76,3672.25,6,18.25,1,2,30,29,9.3,12,2,5,2,33.1,Two Year,None,Bank Transfer,0
39,65,38.35,2547.59,12,46.7,1,2,20,17,72.8,85,0,1,6,10.2,Monthly,DSL,Digital Wallet,1
46,42,76.89,3301.8,9,37.93,5,3,27,26,40.0,18,1,1,1,,One Year,None,Credit Card,0
63,70,165.19,12217.96,2,138.14,6,2,16,29,,36,0,2,15,19.6,Monthly,None,Bank Transfer,1
22,64,58.24,3531.41,2,70.4,7,3,20,13,38.2,20,7,5,8,0.9,,Fiber,Debit Card,0
67,72,171.82,12562.77,5,16.52,1,4,30,5,57.3,80,10,5,10,0.9,Two Year,DSL,Credit Card,0
21,60,114.27,6278.35,4,64.26,1,1,2,9,51.4,66,4,7,2,1.5,Two Year,None,Debit Card,1
26,55,26.33,1269.84,0,98.4,3,5,22,24,3.0,54,13,5,4,47.8,Two Year,DSL,Bank Transfer,0
20,40,123.09,5505.32,7,63.13,2,3,12,53,87.0,13,2,5,4,0.3,One Year,None,Debit Card,0
37,63,154.48,9029.98,5,83.97,4,1,15,27,49.1,20,10,1,12,34.0,One Year,None,Debit Card,1
18,66,79.68,5129.99,12,58.42,3,4,30,10,77.3,35,2,9,15,22.1,One Year,None,Digital Wallet,1
,38,93.1,3887.9,10,24.37,1,2,11,1,5.2,13,9,8,10,24.2,One Year,Fiber,Debit Card,1
35,27,65.75,1672.59,6,131.87,7,4,17,10,85.4,19,2,5,13,31.9,One Year,None,Bank Transfer,1
34,23,17.84,397.97,11,41.82,3,1,24,8,10.9,90,,3,9,27.5,Two Year,Fiber,Digital Wallet,1
60,55,53.53,2701.56,10,88.22,3,5,27,56,46.2,22,2,8,9,13.9,One Year,None,Credit Card,0
43,34,157.92,4593.34,1,122.58,1,2,2,,73.7,47,9,3,11,37.5,Monthly,,Debit Card,1
19,16,131.86,1825.55,9,111.72,5,4,0,53,85.2,63,4,1,12,36.5,Two Year,DSL,Credit Card,0
30,21,25.31,563.22,1,89.4,5,5,19,39,82.3,6,2,1,13,13.8,,Fiber,Bank Transfer,0
48,15,54.72,882.41,7,112.26,5,4,24,42,50.8,5,3,10,13,,Monthly,DSL,Credit Card,0
34,13,111.0,1349.88,10,70.27,5,3,27,24,83.1,80,3,1,4,47.9,One Year,Fiber,Bank Transfer,1
63,16,18.73,337.68,8,79.51,7,4,16,48,2.3,17,14,9,13,2.8,Monthly,DSL,Credit Card,0
24,55,19.54,1136.04,1,,4,2,4,58,19.8,76,12,4,8,24.5,Monthly,None,Debit Card,0
32,,88.82,520.01,1,135.0,1,2,25,19,50.1,86,11,5,8,43.4,Two Year,Fiber,Credit Card,1
34,38,47.04,1931.25,3,131.51,2,2,26,8,36.4,4,12,9,11,38.2,Two Year,DSL,Digital Wallet,1
60,61,18.29,1216.39,10,102.55,1,4,19,45,12.4,73,11,2,2,16.1,Two Year,Fiber,Digital Wallet,0
70,19,79.09,,0,33.03,3,1,30,53,59.1,33,5,4,14,10.6,Two Year,None,Credit Card,0
32,18,62.61,1247.1,8,10.36,1,1,9,,11.4,54,2,0,6,42.9,Monthly,Fiber,Credit Card,1
22,49,93.58,4399.34,12,107.29,4,3,12,46,71.9,29,10,3,5,27.5,Monthly,Fiber,Bank Transfer,1
25,36,165.49,5815.75,12,149.05,4,5,26,52,53.5,54,3,5,8,12.3,One Year,DSL,Credit Card,1
67,10,164.46,1845.71,5,121.17,2,2,18,24,69.3,,3,5,6,13.0,One Year,None,Credit Card,1
69,60,41.53,2666.99,0,23.45,7,3,13,49,67.0,47,8,6,13,23.1,Monthly,Fiber,Bank Transfer,1
24,4,91.01,316.11,8,69.84,3,4,25,17,68.4,61,7,7,11,36.1,Monthly,Fiber,Digital Wallet,1
32,68,17.63,1085.81,7,44.83,1,3,16,55,30.5,58,,6,1,8.1,Monthly,DSL,Bank Transfer,0
43,68,81.47,4954.11,7,28.3,5,3,1,29,38.7,32,4,0,8,32.6,One Year,None,Debit Card,1
22,27,170.61,4203.28,8,145.05,4,4,13,,14.2,77,4,3,15,26.5,,None,Digital Wallet,0
44,4,146.56,589.23,8,149.05,,2,5,4,63.1,47,7,4,1,17.3,Monthly,None,Debit Card,1
54,54,137.46,8440.5,5,89.63,4,4,30,17,70.3,40,6,10,11,36.9,One Year,DSL,Credit Card,0
50,60,97.47,5565.73,4,24.24,7,1,18,46,77.9,30,8,2,14,9.0,Monthly,DSL,Debit Card,1
31,24,24.84,538.22,10,22.51,1,1,24,,75.6,47,15,6,10,6.0,One Year,Fiber,Digital Wallet,1
67,38,41.01,1737.46,5,17.55,3,,12,37,50.7,,11,2,2,41.8,Two Year,Fiber,Debit Card,0
69,23,45.88,1181.39,11,62.27,5,,0,7,89.7,34,5,10,7,13.4,Monthly,Fiber,Digital Wallet,1
22,58,91.65,5932.95,0,138.28,7,1,12,,19.1,5,10,10,1,47.1,One Year,None,Debit Card,1
44,59,45.28,3005.58,6,86.85,7,1,27,52,40.8,72,8,7,7,48.9,Two Year,,Debit Card,0
20,51,139.78,6754.73,0,23.86,3,5,23,40,74.0,70,10,1,12,,Two Year,None,Debit Card,1
62,21,178.57,3742.38,8,129.25,2,5,3,53,36.1,44,1,4,13,,One Year,,Debit Card,0
63,54,89.67,5054.1,2,68.32,2,5,20,20,33.3,26,15,4,10,37.4,Two Year,DSL,Credit Card,0
,65,156.76,9990.25,0,63.1,4,3,24,27,76.5,2,5,0,9,0.5,Two Year,Fiber,Debit Card,0
28,24,142.32,3829.78,12,123.88,3,2,19,3,26.6,,1,9,4,8.7,Monthly,DSL,Debit Card,1
29,1,172.97,159.72,1,6.59,7,3,28,42,72.9,44,1,1,10,44.2,Monthly,DSL,,1
63,5,52.3,254.03,8,122.07,7,5,9,45,70.9,79,,3,4,43.8,One Year,Fiber,Digital Wallet,0
55,55,36.82,,0,52.35,6,5,20,15,12.8,34,8,1,3,,Monthly,DSL,Bank Transfer,0
43,41,164.77,6982.01,9,,1,1,4,16,87.1,51,6,1,8,23.0,Two Year,DSL,Bank Transfer,1
18,50,45.07,2439.33,4,,5,2,28,29,32.1,12,4,2,7,22.3,Two Year,Fiber,Credit Card,0
,52,36.14,1836.18,4,71.28,2,5,20,59,37.1,49,3,2,12,1.3,Two Year,,Credit Card,0
67,30,19.36,593.19,2,99.15,5,3,10,56,14.1,7,6,2,12,5.3,One Year,None,Debit Card,0
40,2,67.44,125.61,11,115.9,1,5,20,7,28.4,85,1,8,14,22.1,Two Year,DSL,Debit Card,1
56,17,76.77,1399.55,2,23.42,1,5,17,16,64.3,32,10,8,13,5.5,Monthly,None,Credit Card,1
52,62,96.29,5847.16,10,57.64,5,2,30,14,79.5,21,13,5,2,17.9,Two Year,Fiber,Debit Card,1
63,,124.81,9942.46,4,9.07,5,3,20,33,71.1,45,6,8,3,48.6,One Year,None,Digital Wallet,1
48,18,81.75,1326.66,11,76.43,4,4,4,43,53.4,21,11,4,15,10.8,Two Year,,Bank Transfer,0
,51,42.85,1961.8,2,130.5,1,,17,12,33.0,84,12,,13,44.1,One Year,DSL,Debit Card,1
30,33,160.33,5522.82,1,127.74,2,2,7,60,26.1,36,5,9,1,39.4,Two Year,None,Digital Wallet,1
62,57,21.56,1195.71,0,39.71,7,3,,54,6.6,74,11,6,4,9.3,One Year,DSL,Credit Card,1
32,10,23.23,250.44,9,33.33,3,2,17,40,17.6,20,9,7,2,4.3,Two Year,Fiber,Digital Wallet,0
62,6,84.28,433.05,8,21.96,4,1,10,,26.7,14,13,0,8,48.8,Monthly,DSL,Bank Transfer,1
51,46,16.7,784.9,3,69.72,2,3,13,6,41.1,54,4,3,11,5.6,Monthly,DSL,Credit Card,1
68,34,61.71,1842.05,6,45.3,2,1,12,23,26.3,36,3,3,8,8.9,,None,Digital Wallet,1
48,54,162.56,9442.01,6,128.87,2,3,19,19,17.8,,8,6,13,3.5,One Year,DSL,Credit Card,0
46,3,179.67,593.32,7,93.15,5,2,5,20,63.4,5,5,4,9,11.0,One Year,DSL,Bank Transfer,1
49,22,51.14,1072.88,12,50.62,,5,26,25,52.4,57,,2,6,43.7,Two Year,DSL,Debit Card,0
66,18,83.97,1542.21,4,103.39,2,2,16,,66.6,34,2,10,1,49.0,Monthly,None,Bank Transfer,1
39,41,94.48,4389.2,2,14.16,6,3,7,21,70.7,77,0,0,10,39.1,One Year,None,Credit Card,1
45,7,65.28,504.45,10,61.88,1,3,7,30,46.5,66,,4,4,,One Year,None,Digital Wallet,1
66,58,154.13,10181.29,5,131.83,3,4,27,30,13.6,49,7,6,9,46.2,Monthly,DSL,Bank Transfer,0
23,67,76.51,5153.13,9,85.9,1,2,14,31,,21,3,0,13,25.9,One Year,Fiber,Digital Wallet,0
53,50,18.37,1049.74,5,62.08,4,1,10,58,5.2,90,7,7,5,45.7,Two Year,None,Debit Card,1
43,62,121.36,7898.74,0,122.7,4,1,17,60,13.9,23,13,6,,42.9,Two Year,None,Bank Transfer,0
57,3,142.23,420.56,10,76.31,3,2,16,49,31.0,76,1,6,8,,Two Year,DSL,,1
70,22,129.9,3023.78,8,113.51,4,1,23,55,29.7,81,10,0,14,33.5,One Year,None,Debit Card,1
25,59,24.68,1520.73,8,63.68,6,1,17,56,37.3,56,0,6,,10.3,Monthly,Fiber,Digital Wallet,0
54,2,,211.43,9,87.41,7,5,26,40,9.0,72,5,7,2,28.1,One Year,None,Bank Transfer,0
67,27,142.48,3539.26,1,68.9,1,5,13,53,75.1,78,8,2,7,29.4,Monthly,Fiber,Debit Card,0
55,69,128.35,9294.18,1,101.35,2,3,9,44,89.1,76,0,1,5,17.9,Two Year,None,Digital Wallet,0
42,23,25.48,557.91,8,66.16,1,3,8,39,48.7,34,7,8,15,25.6,One Year,None,Debit Card,0
62,19,144.16,2898.24,11,11.76,6,5,3,27,43.5,0,12,10,7,47.7,One Year,None,Debit Card,0
39,68,110.68,8103.36,0,15.89,6,3,28,50,53.1,84,4,10,9,4.7,Monthly,Fiber,Digital Wallet,0
25,61,23.98,1506.26,2,62.13,3,1,14,57,6.2,3,1,8,11,44.9,Monthly,DSL,Debit Card,0
51,22,,2446.12,2,97.87,7,3,26,20,76.1,41,0,10,14,1.0,Monthly,None,Bank Transfer,0
29,60,119.17,6268.19,6,81.21,4,5,21,8,65.3,49,3,2,13,23.6,One Year,Fiber,Credit Card,0
51,18,153.71,2551.06,1,68.72,6,2,29,27,19.1,33,8,,4,16.3,Two Year,DSL,Debit Card,1
39,67,127.28,9487.25,0,12.64,1,3,25,43,83.9,18,9,2,11,43.8,Monthly,DSL,Credit Card,0
27,29,90.66,2430.88,2,,3,5,14,26,74.4,90,1,3,10,18.8,One Year,Fiber,Debit Card,0
36,32,76.95,2191.26,12,133.76,3,1,11,23,21.6,54,8,8,13,4.0,Two Year,DSL,Bank Transfer,0
35,3,175.2,584.53,11,41.16,5,5,4,8,33.0,72,14,7,4,25.9,One Year,None,Digital Wallet,1
30,17,53.09,777.56,6,121.12,5,5,16,27,27.0,9,4,5,10,15.5,One Year,None,Debit Card,0
21,33,45.69,,2,25.28,4,5,19,9,,53,12,1,8,47.4,Two Year,None,Digital Wallet,1
40,49,115.7,5822.39,9,98.77,2,5,29,48,55.1,70,7,3,,37.6,Two Year,DSL,Digital Wallet,0
47,64,89.41,5185.42,12,65.36,3,1,7,17,48.2,6,8,,14,12.4,One Year,Fiber,Debit Card,0
,11,40.54,395.91,0,4.88,1,3,9,4,59.4,84,,6,3,42.0,Two Year,None,Credit Card,0
37,30,155.73,5191.48,11,,1,2,9,8,3.5,66,15,5,3,45.1,Two Year,DSL,Debit Card,1
57,70,86.74,5757.08,10,57.87,2,2,9,59,3.0,79,4,0,9,9.1,One Year,Fiber,Credit Card,0
49,55,85.64,5335.35,1,93.55,3,5,28,40,37.3,72,1,10,14,18.5,Two Year,Fiber,Credit Card,1
60,47,55.59,2953.88,7,92.55,4,1,29,34,,42,15,2,13,38.2,Two Year,None,Bank Transfer,0
18,40,55.9,2530.73,7,39.02,6,2,10,15,86.9,84,6,7,11,30.9,One Year,Fiber,Credit Card,1
49,64,47.41,2733.45,,148.59,3,1,7,27,9.6,73,5,0,3,34.8,Two Year,None,Credit Card,0
51,62,46.91,2873.19,3,45.09,2,3,27,20,26.2,57,9,8,10,0.0,One Year,DSL,Digital Wallet,1
65,69,83.64,,3,47.62,1,1,22,54,43.4,41,2,9,2,39.3,Two Year,Fiber,Bank Transfer,1
62,31,173.57,4842.27,8,,1,,11,25,18.9,32,1,9,14,3.7,One Year,,Credit Card,1
52,11,135.27,1625.35,5,134.33,4,3,8,46,72.5,50,11,3,10,33.3,One Year,Fiber,Digital Wallet,0
18,7,62.03,445.65,12,2.38,3,3,28,20,12.3,35,0,3,10,46.2,Two Year,None,Debit Card,1
69,70,18.98,1212.62,6,59.35,2,1,7,33,34.7,69,12,10,5,31.4,Two Year,None,Credit Card,0
52,70,17.05,1154.74,2,91.41,3,1,28,25,26.9,55,6,3,12,11.8,Two Year,DSL,Debit Card,1
30,60,64.5,4276.35,8,136.23,1,4,15,3,46.5,77,15,0,10,8.4,Two Year,None,Credit Card,0
57,12,104.24,1334.52,11,94.57,3,2,2,6,19.6,18,12,6,2,,Two Year,DSL,Bank Transfer,1
39,21,147.06,2848.27,10,18.34,5,,1,19,89.5,87,5,2,1,15.7,Two Year,DSL,Credit Card,0
35,47,132.34,5839.81,11,104.88,,1,27,35,61.7,86,4,10,15,9.8,One Year,Fiber,,1
22,44,135.32,6090.87,6,131.52,4,4,13,9,78.8,23,7,5,12,37.9,One Year,Fiber,Bank Transfer,1
18,18,138.59,2175.56,8,45.53,2,3,15,53,50.9,57,0,3,15,19.4,One Year,Fiber,Bank Transfer,0
21,51,54.02,,3,65.38,1,3,1,9,66.3,82,2,10,11,21.4,Monthly,None,Credit Card,1
31,6,112.74,775.56,0,120.92,2,,4,24,13.9,77,8,5,3,34.4,One Year,DSL,Digital Wallet,1
41,30,156.48,4799.29,2,145.39,1,1,19,46,48.9,5,4,7,6,,One Year,DSL,Bank Transfer,1
35,18,22.23,374.43,8,144.42,3,3,29,22,21.8,11,3,,1,31.5,Monthly,None,Digital Wallet,1
40,68,49.87,3784.18,4,114.43,4,4,5,56,16.8,87,11,2,2,24.7,One Year,Fiber,Bank Transfer,0
42,2,53.73,117.51,1,121.72,7,2,9,35,39.2,57,0,4,8,43.2,Monthly,DSL,Digital Wallet,1
30,46,146.96,5873.68,8,55.09,1,3,30,13,61.9,8,14,3,11,36.3,Monthly,DSL,Digital Wallet,0
38,55,23.9,,9,9.74,2,2,8,20,8.6,31,,4,8,28.4,Monthly,None,,0
64,47,50.28,2490.78,5,104.31,4,5,1,21,65.6,15,2,10,15,26.2,Two Year,None,Digital Wallet,0
65,39,154.86,5866.72,3,64.74,4,1,17,16,19.1,41,15,4,11,33.5,One Year,DSL,Credit Card,1
47,7,142.38,1137.36,11,104.26,7,4,25,47,9.8,33,100,0,13,32.1,Two Year,Fiber,Debit Card,1
41,56,95.66,4902.18,2,103.69,5,4,6,51,62.1,26,12,4,5,2.0,Two Year,Fiber,Bank Transfer,0
28,51,169.24,9656.03,7,56.72,7,5,20,12,24.7,56,,3,10,46.7,Monthly,Fiber,Bank Transfer,1
20,18,54.32,884.59,9,14.54,6,1,2,28,56.3,29,5,8,5,14.7,Monthly,DSL,Digital Wallet,0
56,68,39.64,2782.94,12,,3,3,27,6,30.9,34,10,2,15,19.5,One Year,DSL,Digital Wallet,1
56,9,48.29,494.51,1,4.9,6,4,25,19,88.7,,4,2,13,37.9,,None,Debit Card,0
49,58,92.13,4892.03,1,62.42,6,5,22,3,86.0,51,9,7,1,46.3,One Year,Fiber,Debit Card,1
21,31,77.44,2065.43,9,,5,5,25,20,13.9,36,2,0,11,23.6,Two Year,DSL,Credit Card,1
49,35,18.05,659.8,6,71.25,7,3,,11,39.7,53,4,5,10,46.3,One Year,Fiber,Credit Card,0
33,52,46.5,2424.06,5,95.33,,,28,51,25.1,52,2,30,10,22.4,One Year,None,Digital Wallet,0
31,14,101.25,1297.4,9,105.0,5,4,23,,75.8,90,8,9,13,3.9,Two Year,None,Digital Wallet,1
65,41,149.29,5228.84,4,89.78,7,2,4,53,,55,9,3,3,6.6,Monthly,None,Bank Transfer,0
24,17,31.64,573.15,9,105.73,5,1,21,56,82.1,42,9,8,15,17.0,One Year,Fiber,Credit Card,1
29,58,87.09,5352.8,2,21.05,2,5,16,46,82.6,63,9,2,14,44.5,,Fiber,,0
47,65,129.85,7336.81,8,116.27,5,2,29,9,20.0,67,15,0,6,32.9,One Year,Fiber,Digital Wallet,1
42,10,177.93,1619.12,11,38.68,6,3,12,20,43.1,73,8,6,1,37.7,One Year,None,Digital Wallet,1
57,35,108.62,4140.18,3,132.6,,2,0,55,56.6,56,4,3,7,40.2,Monthly,None,Credit Card,0
27,54,28.81,1509.43,0,15.29,3,3,28,21,66.5,87,13,4,6,25.0,Two Year,DSL,Bank Transfer,1
66,46,161.6,7103.69,2,38.59,4,3,0,1,6.6,67,14,5,9,39.3,One Year,None,Debit Card,1
21,46,26.76,1187.61,4,49.1,2,2,28,17,77.8,33,2,8,10,30.6,One Year,Fiber,Debit Card,0
30,26,102.33,2989.55,6,3.04,7,2,,21,74.2,5,2,7,1,47.9,One Year,Fiber,Credit Card,0
37,35,40.39,1291.58,10,61.98,2,1,25,45,31.3,6,7,0,10,38.8,One Year,None,Credit Card,1
60,2,111.34,218.22,1,,4,5,15,56,76.3,73,15,2,14,13.6,Monthly,None,Bank Transfer,1
41,50,115.55,5823.65,4,48.01,1,4,6,23,68.3,48,15,4,9,48.7,Monthly,None,Bank Transfer,0
58,29,109.55,3345.48,5,87.88,6,,1,9,59.9,55,0,2,12,30.8,One Year,Fiber,Credit Card,0
23,46,165.37,7836.29,12,21.42,5,3,19,54,78.6,59,6,4,3,2.0,Monthly,None,Digital Wallet,1
48,37,102.88,3761.2,9,55.11,1,3,2,33,81.1,34,5,3,1,25.0,Two Year,Fiber,Bank Transfer,0
51,51,129.89,7232.47,4,16.35,4,2,7,42,69.4,21,13,0,12,32.1,Two Year,,Digital Wallet,0
66,36,42.35,1488.01,7,44.23,5,2,3,55,88.4,24,,6,7,9.1,Two Year,Fiber,Credit Card,0
69,68,167.35,12397.94,1,70.58,5,,9,50,14.9,48,11,5,10,15.6,Two Year,None,Credit Card,0
27,31,37.03,1225.39,3,98.24,1,4,19,33,85.2,3,4,2,4,,Two Year,Fiber,Credit Card,0
68,55,67.2,3444.01,12,107.31,,4,1,43,80.2,35,14,7,10,16.1,One Year,Fiber,,0
38,41,48.42,2000.01,8,81.35,6,1,26,29,67.9,59,2,5,10,3.2,One Year,None,Credit Card,1
37,48,99.14,4913.65,11,94.26,2,4,26,36,20.5,33,14,6,4,26.3,Monthly,Fiber,Digital Wallet,1
,31,112.96,3692.18,2,17.62,6,5,0,41,76.8,11,3,2,15,28.4,Two Year,None,Digital Wallet,0
68,13,99.27,1148.74,12,4.47,7,4,0,59,37.4,76,1,1,1,22.7,Monthly,Fiber,Digital Wallet,0
55,72,38.76,2835.33,3,33.97,6,5,21,60,,84,9,9,15,22.7,Monthly,Fiber,Bank Transfer,1
49,42,90.94,3950.32,8,117.55,7,2,6,22,33.2,57,0,7,8,11.8,Monthly,Fiber,Debit Card,1
39,44,119.3,5534.78,12,48.08,6,1,11,9,58.6,67,15,9,10,33.8,Two Year,Fiber,Bank Transfer,1
35,34,22.38,730.71,8,80.84,1,1,9,5,29.2,61,1,10,15,35.1,Monthly,Fiber,Bank Transfer,1
30,52,103.4,5286.42,5,,4,5,,5,67.4,74,14,7,10,22.3,Monthly,Fiber,Debit Card,1
37,35,73.93,2597.16,4,62.1,4,5,25,19,4.2,,13,6,5,40.7,Monthly,DSL,Debit Card,0
57,41,94.16,4159.81,8,99.45,7,1,11,38,85.2,46,14,2,10,45.5,Two Year,Fiber,Digital Wallet,1
50,51,173.69,9586.39,3,106.75,2,5,26,6,31.2,47,9,10,3,49.8,Monthly,Fiber,Debit Card,1
42,,26.38,1208.1,11,38.52,2,5,13,52,36.2,59,6,4,,39.7,One Year,None,Bank Transfer,0
64,16,71.99,1197.52,5,300,6,1,29,41,44.9,78,3,6,2,22.1,One Year,Fiber,Debit Card,0
22,66,124.63,7989.89,8,11.23,7,3,28,7,22.1,38,8,10,8,19.3,Monthly,None,Bank Transfer,1
31,63,148.79,8777.04,11,149.44,5,2,17,26,27.4,81,7,3,13,46.7,Monthly,DSL,Bank Transfer,0
65,4,109.9,458.83,6,106.21,2,1,17,58,18.6,48,14,7,2,30.0,One Year,DSL,Digital Wallet,1
22,,38.03,35.9,6,137.33,3,2,25,59,4.8,16,4,10,12,48.9,One Year,None,Credit Card,1
31,57,175.37,10157.21,6,73.49,5,1,3,,78.1,78,2,5,3,31.8,One Year,DSL,Credit Card,1
19,22,49.86,1188.03,5,9.87,3,4,29,24,40.2,39,4,6,14,2.6,Two Year,DSL,,0
26,49,51.0,2549.69,12,112.69,6,4,28,40,57.8,45,5,10,3,24.3,One Year,DSL,Bank Transfer,0
37,6,19.34,130.91,12,137.93,,3,0,12,67.4,42,10,1,12,36.1,Monthly,,Bank Transfer,0
34,71,80.89,5124.1,8,136.64,2,5,0,20,43.3,30,7,1,5,46.3,One Year,DSL,Credit Card,1
48,38,110.74,,5,14.37,3,5,14,34,47.5,,10,3,2,6.7,Two Year,Fiber,Bank Transfer,1
38,37,55.24,2041.15,6,64.03,5,2,1,45,48.5,,1,0,2,36.2,Two Year,DSL,Debit Card,1
31,11,68.55,853.2,4,34.71,4,5,13,,57.6,1,15,8,2,27.4,Monthly,Fiber,Digital Wallet,0
38,55,64.7,3377.73,7,125.92,4,5,20,54,2.2,54,,3,15,40.4,Monthly,DSL,Bank Transfer,1
65,26,,380.55,2,29.69,2,5,13,56,,82,10,0,11,16.3,Monthly,Fiber,Bank Transfer,0
24,38,145.06,4730.6,6,72.32,1,3,2,17,30.1,75,4,0,,49.2,One Year,DSL,Debit Card,1
65,67,38.21,2280.27,2,42.04,1,3,7,56,88.0,16,5,10,3,2.4,One Year,Fiber,Credit Card,0
60,6,155.31,823.91,3,38.78,3,2,7,37,10.9,29,5,5,3,25.9,Monthly,Fiber,Debit Card,1
,33,70.36,2572.59,10,42.85,2,2,9,12,46.1,38,9,9,8,21.4,Monthly,Fiber,Bank Transfer,1
45,55,46.9,2327.12,0,109.59,5,3,7,28,68.0,81,,10,15,43.3,Monthly,DSL,Bank Transfer,1
48,30,73.77,2435.41,1,50.52,2,4,30,26,34.6,42,2,4,8,38.2,One Year,Fiber,Bank Transfer,0
58,66,25.0,1855.98,6,45.37,3,4,25,24,21.3,51,11,,5,150,One Year,DSL,Digital Wallet,0
60,30,70.78,2162.38,11,103.57,4,2,24,41,79.5,73,10,3,3,,Two Year,DSL,Digital Wallet,0
27,39,32.04,1240.12,2,96.32,7,4,30,13,67.6,70,7,5,5,10.6,Two Year,DSL,Digital Wallet,0
50,55,55.65,3132.14,6,117.83,4,5,4,19,51.8,75,7,9,10,37.6,Two Year,,Credit Card,0
40,29,126.18,3659.32,1,59.35,7,5,20,13,63.1,11,0,3,1,24.9,Monthly,DSL,Debit Card,0
48,22,142.88,3401.05,1,41.44,5,4,26,31,86.4,2,4,6,12,13.8,Monthly,Fiber,Debit Card,0
36,51,144.32,7563.8,4,117.56,4,4,5,21,58.5,18,5,6,14,35.1,One Year,DSL,Debit Card,0
30,,90.9,1367.3,9,129.16,5,3,0,14,36.8,73,8,8,14,33.2,Two Year,Fiber,Debit Card,1
62,50,133.57,6813.05,1,93.25,4,1,13,44,80.2,28,6,5,4,30.0,Monthly,Fiber,Digital Wallet,1
40,4,,146.14,3,85.37,3,5,1,49,68.4,24,7,3,,48.6,Monthly,DSL,Digital Wallet,0
60,27,172.9,4351.27,12,15.51,1,5,17,52,62.8,11,1,1,14,21.7,Two Year,Fiber,Credit Card,1
,70,30.04,2040.0,4,,6,5,21,43,9.3,3,1,4,11,44.9,Monthly,Fiber,Debit Card,0
44,54,167.76,8798.68,8,149.89,6,1,28,40,55.0,31,9,2,2,47.7,Monthly,DSL,Bank Transfer,1
,20,,3275.52,3,11.67,1,4,18,43,10.5,75,3,3,15,27.2,Monthly,Fiber,Bank Transfer,0
24,12,145.47,1544.55,2,117.51,1,5,21,20,83.5,2,4,4,15,23.2,Monthly,Fiber,Credit Card,0
25,17,153.66,2580.38,10,45.21,,4,29,45,8.6,77,6,6,8,42.5,One Year,DSL,Digital Wallet,1
45,25,114.86,2646.53,12,144.62,1,4,9,40,87.4,84,12,1,13,28.9,One Year,Fiber,Debit Card,0
25,45,61.85,2405.75,11,36.0,3,2,10,4,38.2,,,10,3,,One Year,None,Bank Transfer,1
39,22,179.73,3569.13,10,74.78,3,1,0,9,57.7,36,15,1,15,35.4,Two Year,None,Bank Transfer,1
40,55,79.42,4082.85,9,147.31,5,2,1,2,34.5,75,10,6,,17.4,Two Year,DSL,Debit Card,1
67,65,63.88,3710.79,2,67.51,6,1,14,10,36.3,,11,6,6,1.3,One Year,Fiber,Digital Wallet,1
,11,63.52,803.3,4,17.13,2,1,26,25,46.8,53,5,4,1,39.4,Two Year,DSL,Credit Card,0
18,53,82.51,4503.57,10,41.16,7,1,15,9,49.2,0,15,6,3,9.6,Two Year,Fiber,Credit Card,1
68,21,38.1,714.37,2,27.56,5,2,9,1,49.2,60,10,2,9,9.6,Two Year,None,Bank Transfer,1
35,12,21.44,276.68,4,68.13,7,1,7,24,80.3,13,3,3,6,33.4,One Year,Fiber,Bank Transfer,0
105,19,42.18,835.83,9,20.12,7,1,25,60,40.4,,11,7,9,49.0,Two Year,DSL,Debit Card,1
52,3,155.5,399.85,4,15.8,3,3,7,20,8.8,42,4,8,13,45.3,Two Year,DSL,Bank Transfer,0
44,59,62.49,4111.41,2,82.82,2,1,20,33,61.3,78,7,0,7,11.1,One Year,DSL,Credit Card,1
32,60,107.12,6953.8,10,22.31,2,5,23,,65.2,32,7,6,10,,One Year,DSL,Bank Transfer,0
49,48,112.74,5096.67,,3.62,7,3,5,37,80.7,200,13,9,7,28.3,Monthly,None,Bank Transfer,0
27,67,115.28,7823.91,0,56.9,6,1,12,22,39.0,30,7,7,13,13.7,One Year,Fiber,Credit Card,1
27,57,83.37,5360.04,6,99.75,1,3,18,58,50.6,17,11,3,11,1.0,One Year,Fiber,Digital Wallet,0
57,21,120.62,2798.14,4,40.77,4,4,27,59,17.9,1,9,10,3,12.0,Monthly,DSL,Debit Card,1
50,1,141.52,131.92,7,106.56,3,1,23,22,32.1,50,,5,9,16.9,One Year,DSL,Credit Card,1
49,49,17.47,798.9,,68.1,2,2,7,43,14.7,43,9,5,3,46.5,Monthly,DSL,Debit Card,1
32,6,61.12,412.01,2,90.96,4,2,28,57,62.7,76,2,7,3,5.0,One Year,Fiber,Debit Card,0
19,39,29.36,1132.68,12,26.94,1,3,21,16,53.9,51,12,9,4,23.7,Monthly,DSL,Debit Card,0
70,46,139.0,7297.81,1,125.93,5,2,16,3,28.6,45,0,2,3,2.3,Monthly,None,Credit Card,1
33,32,49.92,1654.47,7,90.83,1,5,1,1,7.1,2,5,9,11,17.1,Monthly,DSL,Debit Card,1
39,49,133.06,6866.18,11,74.09,,3,11,39,29.2,57,4,3,1,14.3,One Year,None,Debit Card,1
32,11,173.79,1998.23,7,70.09,7,5,24,5,27.1,48,9,7,12,14.4,Monthly,DSL,,1
25,38,170.92,6208.03,10,92.33,1,1,21,29,87.7,54,13,6,6,2.9,Monthly,None,Digital Wallet,1
66,54,26.04,1206.42,9,24.44,,3,15,36,6.8,84,2,,1,7.8,Monthly,Fiber,Credit Card,1
58,71,127.16,8870.72,6,94.57,4,4,6,22,23.7,19,6,10,8,6.2,One Year,None,Debit Card,1
26,49,150.09,7391.51,4,97.24,3,4,7,59,45.8,10,9,2,10,15.6,Monthly,Fiber,Credit Card,0
33,59,151.98,9700.96,3,85.68,5,5,29,45,15.1,31,2,3,3,13.0,,None,Digital Wallet,0
31,17,175.2,3206.22,8,107.18,1,4,21,36,19.8,87,15,6,6,28.5,One Year,Fiber,Debit Card,1
24,36,125.1,3869.04,6,120.67,2,4,12,19,18.2,56,7,5,2,40.3,One Year,Fiber,Bank Transfer,1
40,29,173.77,5658.54,,142.55,3,4,10,60,68.1,78,15,6,,26.4,Two Year,DSL,Digital Wallet,1
35,37,131.85,5362.09,0,46.37,6,2,10,1,86.4,74,4,9,7,16.3,Two Year,DSL,Credit Card,1
61,7,157.95,1193.85,12,67.37,4,4,5,39,85.1,40,0,9,8,29.2,Monthly,DSL,Bank Transfer,0
22,17,109.96,1757.81,12,98.68,1,2,4,51,19.2,63,14,,14,34.5,Two Year,None,Credit Card,1
40,64,134.3,8501.45,2,56.35,7,5,9,45,59.7,58,0,3,4,32.5,Two Year,Fiber,,0
53,19,142.74,2462.33,,109.8,2,1,29,37,63.5,34,10,1,12,46.1,One Year,DSL,Digital Wallet,1
30,53,118.97,6628.69,12,146.94,5,4,6,1,11.9,17,4,0,14,47.5,Monthly,None,Bank Transfer,0
35,17,78.97,1243.06,8,30.93,7,2,13,55,41.7,73,12,0,13,25.5,Two Year,None,Digital Wallet,1
65,11,130.06,1379.67,5,96.2,3,5,29,19,80.4,76,4,0,9,49.3,One Year,DSL,Credit Card,1
30,19,58.16,1061.81,1,136.26,2,3,1,53,59.5,0,2,1,15,16.6,One Year,Fiber,Digital Wallet,0
51,8,104.25,721.11,8,110.2,5,1,9,17,58.1,7,9,0,5,12.1,One Year,DSL,Digital Wallet,0
39,,128.37,1412.19,,78.6,6,1,8,33,58.8,61,9,7,6,17.6,Monthly,Fiber,Credit Card,1
18,14,167.16,2351.7,5,57.52,4,1,15,54,73.8,70,8,0,2,48.1,Two Year,Fiber,Debit Card,0
68,14,81.79,1181.58,11,84.03,6,2,15,45,11.0,11,3,5,9,46.4,,None,Digital Wallet,1
54,61,151.39,8917.24,5,87.08,6,5,6,43,19.5,52,60,7,14,2.1,One Year,Fiber,Bank Transfer,0
52,27,76.86,1923.05,10,81.1,5,3,13,21,40.7,19,11,3,6,47.6,Monthly,None,Debit Card,1
,52,123.81,5654.47,12,,3,5,1,5,62.0,69,,6,7,27.4,Two Year,Fiber,Credit Card,0
95,26,16.07,454.01,5,31.07,7,4,5,31,68.3,55,7,4,6,3.5,One Year,None,Credit Card,1
26,67,76.15,4795.66,1,145.26,1,5,14,53,18.8,0,15,2,15,36.1,Monthly,None,Digital Wallet,0
32,72,157.73,12530.64,7,119.11,4,4,29,48,85.6,14,3,8,5,7.0,Monthly,None,Digital Wallet,0
42,26,15.18,406.82,0,66.67,1,2,2,4,74.8,35,4,3,5,33.8,One Year,Fiber,Credit Card,1
60,62,155.05,10166.06,7,147.83,1,5,26,60,71.0,54,3,10,10,29.1,One Year,Fiber,,1
57,56,72.73,3949.18,12,,3,1,19,40,65.7,48,7,3,5,38.9,Monthly,Fiber,Bank Transfer,1
70,37,170.92,7246.87,,102.48,3,2,24,30,56.9,88,5,2,14,4.4,,DSL,Debit Card,0
63,2,90.68,173.84,4,72.0,2,4,1,49,12.0,63,3,1,15,47.2,Monthly,None,Credit Card,1
43,20,84.14,1445.89,0,20.62,3,5,18,46,20.4,33,14,5,10,22.8,Two Year,Fiber,Debit Card,0
50,65,132.77,8262.82,1,90.22,1,3,18,26,43.5,11,8,6,4,48.5,Two Year,None,Digital Wallet,0
42,37,127.0,4332.57,2,3.93,2,1,30,32,63.0,84,13,6,6,7.3,Two Year,Fiber,Bank Transfer,1
39,34,156.62,5472.44,2,148.28,4,2,9,1,5.5,4,4,0,9,19.6,Monthly,Fiber,Bank Transfer,0
42,3,67.74,208.66,8,114.97,3,2,,10,,14,12,10,4,36.5,Two Year,None,Debit Card,0
38,54,154.43,9363.88,6,89.94,7,2,25,,9.9,7,1,0,10,2.6,Two Year,None,Debit Card,1
46,67,33.8,1927.32,4,128.11,5,1,5,34,58.6,29,10,4,2,16.8,Two Year,Fiber,Credit Card,0
32,7,167.37,1244.09,10,66.8,4,1,7,50,38.7,21,0,8,13,40.5,Monthly,Fiber,Digital Wallet,1
40,39,143.67,6265.64,4,115.48,7,1,27,23,82.2,28,2,1,1,49.0,Two Year,None,,0
65,32,,,7,139.52,5,,19,33,27.5,17,3,8,10,49.4,Two Year,DSL,Debit Card,0
56,30,93.27,2721.03,5,97.32,7,1,12,52,44.8,61,3,8,8,23.9,Monthly,None,Debit Card,1
33,56,104.88,6588.74,10,53.95,1,4,28,50,,20,14,6,3,29.6,Monthly,DSL,Digital Wallet,0
50,66,16.85,1178.57,3,67.41,4,1,30,26,89.1,41,5,2,9,45.8,Two Year,None,Credit Card,0
55,31,148.39,,1,20.77,3,5,15,31,42.9,55,10,9,14,24.8,One Year,Fiber,Debit Card,0
41,69,19.07,1130.03,1,137.81,3,1,24,29,11.6,49,10,7,9,29.1,Two Year,Fiber,Debit Card,1
40,51,,3263.74,8,66.49,6,1,26,20,48.3,5,1,10,6,38.7,Monthly,None,Debit Card,1
56,24,101.27,2391.99,7,52.76,4,1,20,15,58.5,18,6,0,2,5.1,Monthly,DSL,Credit Card,1
50,51,152.88,6711.86,4,26.05,7,1,12,43,58.6,44,,2,3,11.4,Monthly,DSL,Debit Card,0
,72,17.59,,0,,4,2,0,9,73.5,22,12,10,12,21.2,One Year,None,Digital Wallet,1
,37,179.03,7016.16,5,74.48,7,1,25,42,69.1,39,12,10,10,18.4,One Year,None,Digital Wallet,1
64,49,104.55,5112.11,,54.6,3,3,30,24,21.3,42,2,4,,32.8,Two Year,None,Digital Wallet,0
50,26,124.93,3611.24,8,30.15,3,5,23,55,22.1,45,13,10,3,42.7,One Year,Fiber,Digital Wallet,0
37,67,66.68,,10,121.8,4,3,16,31,2.4,65,9,3,3,,Two Year,DSL,Debit Card,0
59,33,64.63,2370.34,11,64.88,5,3,27,35,4.8,3,9,5,13,3.0,Two Year,Fiber,Debit Card,0
43,60,42.26,2781.1,0,68.95,3,2,29,49,,25,1,7,8,11.4,Two Year,DSL,Debit Card,0
55,41,59.49,2650.17,5,100.21,6,1,7,36,83.4,8,13,2,6,28.0,One Year,Fiber,Bank Transfer,1
26,1,64.48,61.45,10,28.16,5,,9,14,32.2,8,4,7,10,13.2,Two Year,None,Debit Card,0
66,63,117.37,8131.75,5,28.62,7,1,3,10,23.0,45,0,,14,8.3,One Year,Fiber,Digital Wallet,0
27,71,86.63,,2,121.02,3,1,,4,48.1,63,7,8,4,27.7,Two Year,DSL,Bank Transfer,1
23,34,119.27,3971.71,0,119.83,7,1,18,15,30.5,10,15,10,15,46.2,One Year,DSL,Bank Transfer,0
32,59,130.26,8662.47,6,,2,5,27,7,38.6,25,7,7,5,19.3,Monthly,Fiber,Bank Transfer,0
,55,133.66,7930.21,11,25.43,4,3,28,7,17.3,54,0,8,5,26.3,Two Year,None,Digital Wallet,1
18,8,84.94,625.3,9,124.92,2,1,25,55,22.7,79,10,1,7,37.2,Monthly,DSL,Bank Transfer,1
39,70,38.57,2959.81,10,105.73,4,4,7,44,72.7,22,6,4,13,11.5,Two Year,None,Credit Card,0
40,12,123.5,1548.78,0,22.21,5,2,12,20,34.2,86,4,8,3,39.3,Monthly,Fiber,,1
48,47,141.57,6537.14,7,28.13,5,1,3,46,31.1,75,0,4,11,12.9,Monthly,,Debit Card,0
33,56,160.68,8653.94,12,13.14,1,2,21,38,44.6,15,3,5,1,20.4,Two Year,None,Credit Card,0
47,17,79.32,1462.62,5,121.43,4,2,27,11,46.8,54,100,10,10,4.2,Monthly,None,Digital Wallet,1
57,20,40.86,840.17,3,59.86,1,3,14,14,61.8,55,15,1,13,1.3,Monthly,None,Digital Wallet,1
46,38,,2818.94,9,126.15,1,3,27,13,7.0,35,10,0,,40.4,Monthly,Fiber,Debit Card,0
42,67,,3696.83,9,5.62,2,3,20,23,79.5,21,10,8,7,22.6,One Year,Fiber,Debit Card,0
21,35,16.4,622.37,12,31.25,4,,21,23,28.2,,4,3,13,,Two Year,Fiber,Credit Card,1
33,71,124.73,8713.45,1,7.75,7,3,3,16,23.5,48,1,1,9,15.5,Monthly,Fiber,Credit Card,1
60,71,42.89,3315.69,2,5.21,5,2,21,47,,86,12,8,2,36.2,Two Year,DSL,Debit Card,1
18,31,103.68,3384.49,,13.35,6,4,,48,35.5,1,14,8,10,35.3,Two Year,DSL,Digital Wallet,0
20,6,18.82,100.37,,104.96,1,1,30,31,82.4,58,3,6,4,13.4,One Year,Fiber,Bank Transfer,1
31,59,16.06,910.96,12,16.96,7,5,,6,56.8,82,9,5,5,46.7,One Year,None,Digital Wallet,1
43,45,70.84,3496.41,,28.32,4,4,2,16,40.6,87,3,10,9,25.0,Monthly,DSL,Debit Card,0
43,14,37.19,505.31,6,138.59,4,5,7,2,34.8,63,6,7,2,9.8,Two Year,DSL,Bank Transfer,0
20,22,135.36,2725.47,10,139.18,7,3,21,25,86.6,38,9,6,15,19.1,One Year,DSL,Debit Card,1
18,38,171.99,5771.83,12,68.83,7,1,21,20,17.3,85,3,5,3,14.8,Monthly,Fiber,Digital Wallet,0
65,54,49.19,2993.4,4,72.14,7,3,12,21,35.2,72,12,9,9,45.1,Monthly,Fiber,Digital Wallet,1
67,,15.49,433.79,3,73.22,5,2,12,47,22.0,10,11,9,3,,Monthly,None,Credit Card,0
28,62,169.28,10127.92,9,33.85,1,1,29,17,6.4,87,4,9,2,4.1,One Year,Fiber,Debit Card,1
35,62,35.47,,1,80.7,4,5,24,26,59.4,61,10,10,8,26.3,Two Year,None,Bank Transfer,0
48,37,110.97,4042.82,9,9.0,2,2,3,32,12.9,35,13,5,7,17.8,Two Year,,Credit Card,0
18,56,27.7,1416.83,12,102.86,7,,13,56,23.4,52,6,1,3,29.8,One Year,DSL,Digital Wallet,0
,54,32.05,1780.9,9,61.87,4,5,16,5,9.8,27,1,6,9,48.9,Monthly,None,Credit Card,1
31,2,97.43,190.54,7,52.53,7,2,3,25,21.5,88,6,6,15,6.0,Monthly,Fiber,Digital Wallet,1
51,43,59.18,2190.99,0,46.92,5,1,7,31,61.2,76,11,4,6,25.8,One Year,None,Debit Card,1
44,31,127.21,4436.93,8,113.9,1,2,15,55,26.5,27,4,2,15,16.1,One Year,Fiber,Digital Wallet,0
,24,68.24,1824.75,1,94.59,7,3,26,32,78.4,22,3,2,12,9.4,Monthly,Fiber,Digital Wallet,0
56,34,74.07,2214.41,3,108.64,5,3,10,15,,49,6,0,10,12.1,One Year,None,Digital Wallet,0
65,44,142.9,6517.28,10,88.28,6,3,11,57,71.4,68,14,2,11,13.9,Two Year,Fiber,Debit Card,0
105,62,119.95,8311.56,5,97.8,7,1,13,26,46.7,8,6,3,10,23.5,One Year,DSL,Credit Card,0
26,16,94.01,1380.68,4,146.21,6,2,9,9,59.2,,5,4,2,34.4,Two Year,None,Debit Card,0
21,53,126.16,6176.24,11,35.59,3,3,28,1,10.3,69,3,10,13,15.5,One Year,Fiber,Bank Transfer,1
53,35,40.62,1628.66,0,24.02,3,2,25,54,68.3,0,9,7,7,17.6,Monthly,Fiber,Digital Wallet,0
39,54,178.3,8207.26,12,86.61,1,3,15,23,18.9,365,2,3,8,1.9,One Year,None,,1
38,12,127.92,1591.95,8,136.44,2,4,27,5,60.7,9,0,10,4,15.9,One Year,None,Bank Transfer,1
54,,20.81,544.22,3,72.3,,4,13,38,60.4,54,,2,10,17.3,Monthly,None,Digital Wallet,1
34,12,152.74,1901.67,8,,2,5,21,2,75.5,29,9,2,5,32.7,Monthly,DSL,Credit Card,1
61,23,99.54,2075.01,6,29.1,7,3,21,34,49.4,29,7,4,4,23.6,Monthly,None,Digital Wallet,0
57,33,750,4489.15,12,121.35,7,3,5,19,23.9,71,5,6,10,47.2,Two Year,DSL,Bank Transfer,1
35,27,71.1,2111.4,9,129.36,2,5,,58,84.4,79,11,9,5,44.0,One Year,,Credit Card,1
45,55,61.76,3100.8,9,14.87,7,4,12,22,5.9,58,3,8,9,10.1,Monthly,,Bank Transfer,1
53,66,171.67,10352.19,4,147.9,6,5,20,26,60.7,66,13,6,8,29.5,Two Year,None,Bank Transfer,0
44,14,90.5,1401.31,10,3.83,7,4,18,4,9.5,,14,1,2,1.3,,None,Bank Transfer,1
63,58,31.93,1792.04,5,63.12,6,3,,42,31.8,69,13,0,11,4.8,One Year,None,Bank Transfer,1
64,24,48.73,1237.69,5,91.8,6,4,18,34,30.8,35,10,0,11,16.8,One Year,,Debit Card,0
37,6,,238.6,4,135.24,7,5,13,5,43.5,89,5,5,13,22.3,One Year,Fiber,Debit Card,1
,31,103.92,3580.36,7,64.46,2,4,27,54,28.5,9,13,3,9,32.3,Two Year,Fiber,Digital Wallet,0
21,50,47.32,2374.62,3,3.33,7,1,0,50,9.0,18,,,10,18.9,One Year,Fiber,Debit Card,1
36,65,156.84,9116.31,11,73.71,3,5,12,49,43.8,27,12,5,7,7.3,Monthly,None,Digital Wallet,0
37,37,49.86,,6,76.55,5,4,23,48,65.2,29,3,8,2,33.7,Monthly,Fiber,Debit Card,0
61,54,29.65,1703.92,11,135.38,4,2,,8,80.0,38,8,5,8,23.1,One Year,Fiber,Digital Wallet,1
42,32,170.63,5369.24,,104.64,5,5,28,59,50.8,,15,7,5,39.2,One Year,None,Bank Transfer,0
59,31,170.26,5815.33,11,50.48,5,3,27,13,41.3,58,8,0,13,39.2,One Year,DSL,Digital Wallet,1
48,37,19.13,786.83,0,143.77,4,4,14,23,9.1,76,14,5,4,14.9,Monthly,DSL,Digital Wallet,0
59,27,24.8,687.35,12,5.33,6,1,18,55,26.4,4,13,5,7,17.9,Two Year,Fiber,,0
64,34,71.66,2454.96,,50.36,6,4,11,16,32.1,23,6,10,3,47.1,One Year,Fiber,Credit Card,0
20,34,91.96,3460.07,9,110.66,1,,23,16,73.7,74,11,6,2,3.9,,None,Digital Wallet,0
23,12,105.36,1333.67,5,75.61,6,4,25,60,26.3,54,2,4,12,15.3,One Year,DSL,Credit Card,0
66,53,99.34,5531.85,4,108.22,6,5,13,26,61.1,49,4,9,1,37.0,Two Year,Fiber,Bank Transfer,0
56,48,17.77,889.27,1,41.8,2,2,22,15,2.3,23,5,7,7,45.4,Monthly,DSL,Bank Transfer,0
61,31,117.82,3567.32,2,10.53,1,3,2,14,79.1,68,12,6,1,15.4,One Year,DSL,Debit Card,1
55,12,56.8,,8,51.27,3,4,9,56,,16,0,3,6,30.3,One Year,Fiber,Credit Card,0
65,22,166.19,3355.57,8,72.39,2,3,2,35,82.6,87,,6,5,46.3,One Year,DSL,Bank Transfer,1
23,27,166.58,3926.04,10,28.59,2,3,16,24,19.2,53,10,8,14,3.9,Monthly,None,Bank Transfer,1
62,16,95.68,1577.87,5,131.59,7,5,1,52,52.8,38,2,2,,49.0,One Year,DSL,Credit Card,0
40,23,50.5,1058.89,1,88.35,3,5,24,37,10.1,5,1,3,9,3.3,One Year,DSL,Debit Card,0
63,23,66.44,1370.87,11,91.44,3,5,14,48,76.0,6,3,2,2,25.8,Monthly,DSL,Debit Card,0
23,38,134.42,,3,13.04,6,3,11,13,76.7,8,10,3,1,9.5,One Year,DSL,Credit Card,0
52,12,125.83,1328.68,0,92.69,6,4,11,40,50.3,84,10,,8,20.3,Two Year,DSL,Debit Card,0
37,42,178.01,7035.86,12,83.98,2,5,18,7,14.4,78,8,5,3,,One Year,None,Credit Card,0
64,14,18.78,300.13,,112.36,6,4,22,40,10.2,7,4,2,11,12.5,Two Year,Fiber,Digital Wallet,0
44,65,167.63,9758.23,1,95.11,4,3,29,41,37.4,83,,9,10,39.0,Monthly,Fiber,Debit Card,1
49,12,138.05,1413.64,9,34.94,6,3,15,9,68.9,70,14,,12,10.1,Monthly,Fiber,Credit Card,0
,60,165.62,9243.58,5,92.54,6,2,8,52,18.8,59,3,2,10,17.5,One Year,DSL,Debit Card,0
69,6,69.65,480.06,,96.56,6,2,29,41,85.4,51,0,6,1,14.4,Monthly,Fiber,Debit Card,1
44,46,154.79,7945.75,4,67.95,7,4,22,39,87.0,5,0,4,14,4.2,Two Year,None,Bank Transfer,0
62,34,48.7,1454.01,6,49.72,7,3,13,52,13.8,65,15,8,9,46.3,One Year,None,Digital Wallet,1
62,31,27.22,815.81,0,62.8,2,2,26,38,4.0,11,3,3,9,19.1,One Year,DSL,Bank Transfer,0
46,11,139.35,1585.92,3,76.59,2,3,3,49,65.5,32,10,3,9,8.4,Two Year,None,Bank Transfer,1
55,16,57.84,,11,7.64,3,2,9,29,13.3,30,11,1,12,20.4,Monthly,None,Credit Card,0
39,29,35.81,1110.19,7,1.67,5,3,,33,68.8,51,13,5,7,34.4,Monthly,None,Debit Card,1
60,69,124.49,9550.08,2,79.07,2,5,28,1,,14,6,2,4,18.7,Monthly,DSL,Bank Transfer,0
64,39,127.45,5465.32,7,136.04,6,4,16,2,55.8,51,8,5,13,27.6,One Year,DSL,Bank Transfer,1
54,61,70.23,3743.41,5,95.61,1,4,10,58,32.3,90,10,9,11,7.9,Two Year,None,Digital Wallet,0
63,59,174.29,9008.99,10,10.12,6,3,16,25,62.2,20,13,7,6,38.0,Two Year,None,Credit Card,0
57,64,85.03,5171.97,4,92.16,3,3,2,50,33.5,82,13,4,15,5.6,One Year,DSL,Digital Wallet,1
64,2,165.73,286.7,3,52.97,5,2,1,54,11.7,24,1,1,13,,Two Year,DSL,Debit Card,0
35,19,35.83,636.0,8,118.89,2,,24,43,54.8,61,12,,9,2.4,Two Year,None,Bank Transfer,1
62,7,172.56,1318.25,8,145.64,3,1,25,14,19.3,38,0,1,14,42.7,Monthly,DSL,Debit Card,1
51,52,81.04,4526.18,1,139.32,3,3,8,27,79.5,44,7,9,3,44.6,Monthly,None,Digital Wallet,1
35,52,119.44,5535.98,2,7.69,3,2,12,60,63.3,38,2,1,10,34.5,Two Year,None,Bank Transfer,0
65,20,147.5,2830.02,0,26.02,1,3,10,47,80.0,83,6,8,4,43.0,Two Year,DSL,Digital Wallet,1
38,71,37.9,3025.26,6,27.77,3,,30,39,34.6,61,8,4,,19.8,One Year,None,Credit Card,0
39,11,124.94,1536.67,11,85.64,1,5,16,5,42.1,47,11,1,3,28.6,Two Year,,Bank Transfer,1
37,22,70.94,1641.3,6,,5,5,5,34,68.8,31,10,10,10,23.8,One Year,DSL,Digital Wallet,1
67,41,111.09,,0,54.57,,5,8,42,71.9,26,9,3,13,21.6,One Year,None,Digital Wallet,0
44,23,171.87,4220.93,9,40.21,5,1,15,26,85.3,88,7,4,14,5.6,Monthly,DSL,Digital Wallet,1
21,7,33.12,263.12,10,38.21,4,2,24,19,56.1,33,7,10,2,40.9,Two Year,DSL,Digital Wallet,1
40,47,92.27,4337.32,6,38.56,,3,8,42,87.0,81,15,4,2,19.7,One Year,None,,0
57,41,40.02,1818.37,8,55.32,3,,17,2,,86,11,,12,29.9,One Year,DSL,Credit Card,1
43,6,40.64,,8,116.13,3,1,24,13,38.1,30,6,,13,48.1,One Year,DSL,Credit Card,1
47,14,56.52,864.12,7,95.22,1,3,23,32,60.9,62,7,4,2,27.8,Two Year,DSL,Bank Transfer,0
51,28,97.39,2549.73,,115.1,1,1,14,2,18.8,49,3,0,2,23.0,Two Year,None,Credit Card,1
20,14,87.32,1052.04,6,69.27,7,3,18,3,45.0,55,5,8,6,15.7,Monthly,DSL,Debit Card,1
69,47,110.42,5626.6,,82.68,7,5,13,29,37.4,31,11,3,13,21.4,,DSL,Bank Transfer,0
56,53,22.5,1034.3,2,20.36,5,2,8,50,9.5,27,7,5,14,5.3,Monthly,None,Credit Card,1
30,7,114.59,900.98,4,25.16,6,3,19,15,40.0,86,7,5,8,35.6,Two Year,None,Digital Wallet,1
70,9,171.86,1439.1,0,29.8,7,1,21,4,82.4,86,7,5,13,31.4,One Year,None,,1
19,66,43.73,3189.06,2,142.31,6,4,7,58,66.2,75,8,1,3,44.3,Two Year,,Digital Wallet,0
24,12,148.69,1876.47,3,119.62,2,,8,41,59.9,41,5,6,2,46.2,Two Year,DSL,Debit Card,0
69,40,80.06,3450.48,5,68.0,3,3,12,59,34.8,27,5,5,11,40.9,One Year,DSL,Credit Card,0
24,69,,9298.26,11,51.72,2,4,29,,18.5,2,10,2,1,10.3,Two Year,None,Credit Card,0
31,57,153.19,9314.1,8,45.49,1,5,24,58,26.6,63,2,4,7,33.5,Monthly,Fiber,Credit Card,1
51,32,47.72,1446.25,0,134.96,1,2,14,11,49.7,49,0,3,1,25.4,One Year,DSL,Digital Wallet,0
20,2,178.58,374.45,7,65.61,,2,24,30,35.2,77,40,0,8,21.1,One Year,None,Credit Card,1
29,13,97.33,1091.36,8,78.77,5,4,17,4,59.8,13,12,9,4,2.2,Two Year,Fiber,Digital Wallet,0
59,43,,5832.13,6,70.36,1,5,19,6,37.3,41,7,9,,1.0,One Year,None,Credit Card,0
64,63,121.45,7030.37,2,50.78,6,1,22,39,41.7,6,3,8,2,36.9,One Year,None,Credit Card,1
52,19,110.63,2079.61,0,69.62,2,1,30,22,83.2,8,7,10,15,19.9,Monthly,DSL,Debit Card,1
18,18,43.75,769.41,11,139.42,1,5,22,33,42.1,35,0,2,14,42.2,Two Year,Fiber,Debit Card,0
41,70,53.08,3719.49,4,29.22,7,5,20,6,2.4,46,14,3,15,40.2,Monthly,DSL,Bank Transfer,1
34,49,109.7,5813.1,11,52.1,1,2,23,6,28.8,11,4,8,4,9.5,Two Year,DSL,Bank Transfer,0
58,62,108.43,5738.33,3,51.16,7,5,14,7,45.4,63,2,7,12,1.3,Monthly,DSL,Digital Wallet,0
21,39,27.16,980.96,11,57.61,3,1,30,26,,29,10,3,4,22.4,Two Year,DSL,Credit Card,0
47,52,90.49,5221.68,6,128.73,,4,8,15,29.3,83,14,10,11,33.4,Monthly,Fiber,Digital Wallet,0
20,30,52.26,1456.89,12,63.32,7,4,10,59,68.4,63,8,5,2,39.0,,None,Bank Transfer,0
20,39,130.65,5834.0,11,120.4,7,1,17,6,89.2,49,0,5,14,14.5,One Year,Fiber,Digital Wallet,1
55,47,149.91,7506.81,4,120.51,4,1,3,7,6.5,73,15,6,5,44.1,One Year,DSL,Bank Transfer,1
47,20,,2161.97,2,25.38,6,5,6,19,46.6,34,0,3,10,0.5,Two Year,DSL,Digital Wallet,0
,54,16.88,893.44,11,88.72,5,2,,56,85.9,52,2,3,9,6.6,One Year,None,Digital Wallet,1
67,57,160.72,10233.9,7,89.62,,1,24,42,20.1,72,13,2,7,11.1,One Year,None,Debit Card,0
69,57,26.51,1640.41,0,141.98,7,2,,8,13.4,76,13,2,3,33.0,Monthly,DSL,Debit Card,1
28,30,46.78,1589.34,3,8.26,2,2,19,,83.8,32,8,6,1,39.4,Two Year,Fiber,Digital Wallet,1
34,30,127.21,3246.5,9,51.9,2,,,29,49.3,50,10,2,10,15.3,Monthly,None,Bank Transfer,1
63,7,20.45,138.11,4,38.44,7,5,10,19,48.8,43,7,1,2,48.1,Two Year,None,Credit Card,0
41,45,173.91,,8,120.42,3,2,14,27,68.9,,4,5,6,40.0,One Year,None,Digital Wallet,1
58,58,104.82,5217.62,2,6.79,6,5,30,9,16.9,,2,,1,45.1,Monthly,None,Bank Transfer,1
,27,171.98,5027.5,10,20.19,7,4,18,34,70.4,20,15,3,14,39.9,Monthly,DSL,Debit Card,0
54,47,146.54,6213.14,1,71.35,6,5,12,20,28.4,54,0,3,,38.0,Two Year,None,Credit Card,0
19,42,27.97,1013.09,8,73.41,,1,4,2,14.9,20,0,1,12,,One Year,DSL,Bank Transfer,0
22,51,60.45,3081.37,2,98.95,6,1,1,56,80.1,51,13,2,14,23.3,Two Year,None,Credit Card,0
40,22,81.95,1900.55,7,38.3,2,1,7,56,65.5,7,15,8,15,38.4,One Year,None,Debit Card,1
54,,98.77,4731.59,3,103.47,2,4,17,46,58.7,54,1,1,14,13.0,One Year,None,Debit Card,0
43,63,27.45,1854.66,8,51.66,6,1,19,41,,,11,0,12,5.3,One Year,DSL,Digital Wallet,0
19,17,72.82,1264.48,0,18.31,5,2,17,47,65.4,16,7,3,12,7.5,Two Year,DSL,Credit Card,0
54,26,139.4,,8,24.65,1,3,17,41,82.0,41,3,1,7,42.1,Two Year,None,Digital Wallet,1
56,22,175.64,4332.45,,50.47,4,3,,,11.7,39,5,,9,40.5,Monthly,None,Digital Wallet,1
26,45,114.21,5165.86,8,36.04,1,2,9,42,52.6,60,14,3,13,46.2,One Year,None,Digital Wallet,1
66,34,64.02,2265.07,3,94.63,3,3,19,58,42.7,63,5,9,14,18.8,One Year,Fiber,Bank Transfer,0
66,40,51.76,2081.91,10,97.31,7,2,19,59,52.3,28,8,8,11,0.9,One Year,Fiber,Bank Transfer,1
44,7,118.37,883.52,9,43.42,5,1,,45,33.2,29,15,6,3,14.4,Monthly,DSL,,0
62,18,35.77,,2,138.46,2,4,25,39,22.3,76,2,4,15,41.5,Monthly,Fiber,Bank Transfer,1
33,14,170.8,2114.05,7,28.06,2,4,9,59,7.8,62,10,6,10,48.5,Monthly,Fiber,Credit Card,1
26,29,50.88,1400.25,8,147.77,3,4,25,,16.4,73,7,10,13,16.2,One Year,None,Digital Wallet,0
48,62,146.55,7947.85,5,37.75,5,1,,11,16.6,20,9,7,12,39.0,One Year,DSL,Credit Card,1
30,,114.84,1865.07,0,105.62,6,1,13,20,76.1,52,2,10,5,15.1,One Year,None,Digital Wallet,1
65,42,67.49,2969.5,0,107.3,3,2,20,16,13.0,79,15,9,3,36.2,Two Year,Fiber,Digital Wallet,1
41,35,171.1,5493.79,3,46.21,2,5,12,38,3.7,40,6,10,10,43.3,Two Year,DSL,Debit Card,0
53,29,70.17,1850.64,12,123.99,1,2,7,,84.2,29,8,5,4,31.5,Two Year,Fiber,Credit Card,1
32,55,66.19,4017.38,2,44.32,4,3,0,41,52.2,47,6,7,3,2.7,Monthly,DSL,Credit Card,1
22,52,22.95,1103.37,2,49.33,7,1,15,46,9.9,45,10,8,14,24.9,Two Year,DSL,Credit Card,1
27,39,171.14,6460.75,1,12.27,5,2,11,53,34.8,11,,5,4,25.5,Monthly,DSL,Credit Card,0
33,45,164.06,7048.92,11,33.87,6,3,19,17,84.0,8,15,,6,34.6,One Year,DSL,Digital Wallet,0
43,56,146.59,7405.4,8,94.95,2,3,,16,3.5,55,3,6,3,42.3,,None,Bank Transfer,0
63,56,54.18,2698.59,12,,4,1,10,3,27.4,7,10,9,9,,Two Year,DSL,Digital Wallet,1
47,10,65.5,691.52,11,144.67,1,5,1,48,69.4,4,3,0,2,45.8,One Year,None,Credit Card,0
64,28,113.98,3177.65,8,78.9,5,1,,39,20.2,,12,10,2,19.3,Monthly,None,Credit Card,1
50,61,131.77,8601.9,1,79.35,6,3,29,27,83.9,5,11,10,1,33.0,One Year,DSL,Digital Wallet,0
52,21,77.73,1473.72,0,2.3,2,4,5,,2.2,81,3,10,11,47.2,One Year,DSL,Debit Card,0
47,27,73.03,1843.28,7,77.61,6,1,30,35,21.5,51,14,8,13,29.9,Two Year,None,Bank Transfer,1
34,45,176.2,8184.86,3,62.04,1,3,12,31,25.2,4,13,6,9,25.8,One Year,DSL,Bank Transfer,1
53,44,140.87,6929.46,1,64.04,3,4,1,23,60.9,,12,3,5,12.4,Monthly,,Credit Card,0
59,57,49.57,,0,108.1,2,3,16,54,86.6,54,10,3,4,38.5,Two Year,DSL,Digital Wallet,0
19,26,31.4,815.21,,72.41,5,2,26,27,11.5,36,15,10,3,0.6,Monthly,Fiber,Bank Transfer,1
26,48,172.63,7764.39,5,4.05,1,3,9,38,89.3,,,10,10,29.3,Two Year,Fiber,Digital Wallet,0
47,31,100.87,3106.62,4,56.94,4,2,0,13,72.3,36,7,8,4,38.6,Monthly,Fiber,Credit Card,1
36,29,66.62,1998.68,9,140.56,1,4,22,46,26.5,56,13,5,5,20.7,One Year,Fiber,Digital Wallet,0
40,13,101.11,1432.12,2,22.22,2,4,24,21,57.6,7,0,2,3,12.5,Monthly,Fiber,Bank Transfer,1
42,60,89.52,5931.96,1,28.08,1,3,16,37,66.8,33,3,8,14,31.5,Two Year,,Bank Transfer,1
43,,22.17,1257.26,1,127.55,2,5,4,32,48.4,37,8,7,11,30.7,Two Year,None,Digital Wallet,0
44,11,68.85,751.36,9,48.78,5,3,9,20,15.7,,5,4,12,27.8,One Year,None,Digital Wallet,0
22,32,158.27,4661.55,1,45.38,1,2,30,5,75.7,14,1,2,7,34.0,Two Year,None,Credit Card,0
68,,,1696.9,9,61.61,4,1,0,17,42.0,11,3,1,14,29.0,Two Year,Fiber,Bank Transfer,0
42,19,161.58,3278.43,6,84.25,6,2,9,5,87.3,28,8,1,5,4.7,Monthly,None,Credit Card,1
53,14,66.49,1056.18,5,138.28,6,2,5,21,58.0,56,0,4,5,22.5,Two Year,DSL,Digital Wallet,1
65,36,145.74,5729.34,6,68.26,3,5,,34,20.7,2,6,1,5,40.5,One Year,DSL,Bank Transfer,0
26,20,90.52,1898.06,7,90.15,7,1,14,47,25.6,28,6,7,5,12.9,Two Year,None,Digital Wallet,1
32,32,115.4,3923.25,6,112.3,5,3,2,12,73.8,51,9,1,1,41.7,Monthly,Fiber,Debit Card,1
69,58,72.85,4783.42,11,97.06,1,3,15,60,85.4,30,2,10,14,1.8,Monthly,None,Digital Wallet,0
36,53,144.82,6905.79,3,59.73,4,3,0,4,26.7,37,12,7,10,15.0,,DSL,,1
51,9,92.1,927.92,3,61.09,1,1,,59,80.5,59,0,1,8,24.3,Monthly,None,Digital Wallet,1
37,26,148.48,,0,66.9,1,1,29,57,8.5,13,13,0,1,13.9,Monthly,Fiber,Credit Card,1
36,12,170.89,2241.49,5,127.46,4,4,8,15,22.4,85,9,10,10,36.5,Two Year,DSL,Bank Transfer,0
32,14,94.21,1390.05,3,109.17,3,2,29,1,79.1,7,9,9,12,39.8,Two Year,Fiber,Digital Wallet,1
40,28,,3987.72,11,92.21,6,4,7,7,89.5,27,9,6,12,45.7,One Year,None,Digital Wallet,0
27,26,145.81,4145.66,5,126.95,4,3,21,16,75.5,19,15,,13,19.4,One Year,None,Credit Card,1
23,31,60.12,1696.41,1,134.23,4,5,12,29,,55,0,,6,28.0,Monthly,DSL,Debit Card,0
105,17,34.54,625.42,6,20.87,1,4,22,52,53.7,78,6,5,13,,One Year,DSL,Debit Card,0
,58,17.57,1153.17,10,146.59,6,3,11,32,2.4,29,7,4,11,6.6,Two Year,,Digital Wallet,0
65,20,74.75,1327.33,10,8.69,1,5,29,12,36.3,6,0,0,11,4.0,Monthly,None,Credit Card,1
38,55,27.18,1302.24,9,69.22,5,3,25,17,87.2,79,2,2,2,42.8,Monthly,Fiber,Debit Card,0
30,68,155.86,11126.31,6,124.92,5,1,24,44,62.4,90,12,7,3,9.8,Monthly,Fiber,Credit Card,1
34,68,35.6,2548.81,7,142.33,2,4,27,58,84.6,40,13,1,10,6.9,Monthly,,Debit Card,0
19,53,50.2,,11,147.62,7,3,3,31,35.8,81,7,0,3,9.5,One Year,Fiber,Digital Wallet,0
45,65,46.23,3377.32,9,88.86,4,4,13,18,3.3,31,4,3,13,28.9,Monthly,None,Debit Card,0
39,18,145.09,2637.99,10,120.85,7,4,29,7,17.4,77,7,7,,13.0,,None,Bank Transfer,0
,24,66.65,1794.91,6,114.36,3,3,21,34,26.5,31,13,8,7,25.4,,Fiber,Bank Transfer,0
32,29,22.64,608.8,9,106.28,1,3,17,32,44.1,42,10,5,10,33.7,Two Year,Fiber,Digital Wallet,1
28,,102.56,7177.22,0,26.17,3,5,3,45,,34,12,3,8,8.4,One Year,Fiber,Digital Wallet,0
19,28,39.05,1035.67,4,11.33,7,1,5,40,,84,15,7,13,11.4,One Year,None,Debit Card,1
40,63,155.7,9267.19,5,10.58,6,2,8,47,41.7,87,2,1,2,24.0,Monthly,DSL,Digital Wallet,1
63,68,85.24,6598.47,6,143.7,4,4,3,7,16.1,71,9,2,4,10.4,Monthly,None,Credit Card,1
33,5,137.61,689.74,2,86.92,2,3,20,,14.3,59,7,2,13,5.5,One Year,None,Debit Card,1
58,57,52.87,2947.37,5,114.49,3,5,11,10,18.2,60,4,0,2,30.9,Monthly,None,Bank Transfer,1
48,33,151.88,4364.52,10,107.61,4,5,22,28,69.1,26,12,5,2,7.9,,None,Bank Transfer,0
23,3,18.02,51.85,1,5.34,1,5,9,45,49.3,32,4,2,7,43.9,Monthly,None,Credit Card,1
44,2,179.35,319.38,3,48.67,2,5,7,1,64.1,24,8,10,3,43.9,Two Year,DSL,Debit Card,0
39,27,109.76,3390.81,,86.18,,5,0,56,55.3,53,12,3,2,21.1,One Year,None,Digital Wallet,0
48,40,16.53,602.95,0,38.51,3,3,2,2,36.3,55,12,4,10,23.2,Monthly,None,Bank Transfer,1
65,43,106.13,4015.76,,98.56,4,4,9,10,53.0,52,5,8,1,29.3,One Year,Fiber,Credit Card,1
38,3,122.94,420.2,6,92.48,6,4,3,47,65.3,24,3,5,14,8.1,One Year,DSL,Debit Card,0
62,21,36.97,844.66,8,140.35,3,5,26,36,19.0,58,14,10,5,11.8,One Year,None,Credit Card,0
63,40,750,3768.94,5,112.05,6,2,19,24,6.1,13,2,1,15,16.5,Monthly,DSL,Bank Transfer,0
45,24,91.4,2327.93,8,80.98,4,1,7,6,,35,0,3,1,12.7,One Year,None,Credit Card,1
,,34.43,2127.68,,119.99,7,3,26,58,13.5,77,7,5,12,16.4,Two Year,DSL,Bank Transfer,0
29,6,68.79,449.08,9,61.31,3,4,15,39,55.4,11,3,10,4,39.3,Two Year,None,Debit Card,1
37,43,92.18,4524.49,7,131.17,3,,2,25,2.0,72,11,8,10,23.2,Monthly,Fiber,Bank Transfer,1
28,24,34.19,747.97,,106.54,5,4,1,,,25,,7,7,34.0,Monthly,Fiber,Debit Card,1
49,36,79.42,2521.02,1,112.28,6,5,,49,58.2,73,4,7,2,31.7,One Year,None,Digital Wallet,0
68,29,49.86,1522.61,11,81.38,5,,28,54,14.8,46,12,8,11,5.2,One Year,Fiber,Digital Wallet,1
,7,132.44,1037.37,0,96.93,4,2,15,,27.0,74,9,4,6,23.1,Two Year,None,Bank Transfer,0
37,36,33.2,1361.22,7,60.75,7,2,23,28,13.9,81,10,4,11,11.6,One Year,DSL,Credit Card,1
19,34,,1955.47,8,31.79,5,5,10,41,58.0,72,1,,13,30.3,Two Year,DSL,Bank Transfer,0
38,58,98.72,5249.89,10,74.78,4,5,2,25,44.0,39,6,4,11,1.9,Two Year,Fiber,Credit Card,0
59,13,148.05,2121.08,7,143.62,1,2,10,43,4.2,80,0,7,9,26.7,One Year,None,Debit Card,1
30,65,68.06,3778.44,3,61.62,5,5,10,9,85.9,42,1,2,4,4.3,Monthly,None,Digital Wallet,0
28,59,54.25,3387.38,11,49.99,1,,19,29,15.7,76,1,3,3,48.4,Monthly,DSL,Digital Wallet,1
36,55,145.71,7604.71,0,87.98,6,3,10,,32.3,57,1,2,1,2.0,Monthly,DSL,Bank Transfer,1
44,40,58.8,2657.77,5,84.76,7,4,25,,11.8,20,3,8,10,12.5,Two Year,None,Credit Card,0
27,62,126.71,8458.95,0,126.49,3,1,14,48,37.7,19,5,2,15,48.9,Two Year,Fiber,Credit Card,0
36,37,84.18,3296.84,3,100.84,3,3,11,21,,43,10,0,3,48.5,Monthly,None,Bank Transfer,1
49,64,95.4,6176.91,12,,7,2,7,42,14.0,52,6,9,12,30.0,One Year,,Digital Wallet,1
51,23,129.56,3270.25,6,85.05,6,2,30,28,80.3,72,0,2,11,9.2,Monthly,None,Digital Wallet,1
39,3,,240.14,9,6.05,6,4,0,59,65.5,43,3,50,1,2.8,Two Year,Fiber,Bank Transfer,0
20,59,87.01,5096.05,2,136.9,4,2,23,5,50.5,24,7,10,14,11.6,Two Year,None,Credit Card,0
28,49,144.23,7299.22,1,0.87,3,2,0,31,9.5,22,13,0,14,2.8,Two Year,Fiber,Debit Card,0
59,60,88.34,4950.14,7,117.02,3,,19,36,30.5,69,14,2,,27.4,Monthly,Fiber,Digital Wallet,1
28,,152.05,10943.12,0,,2,4,18,36,6.7,37,,6,12,21.0,Two Year,None,Bank Transfer,1
35,63,82.38,5726.54,6,122.86,7,1,20,28,80.0,33,14,2,12,31.4,One Year,Fiber,Bank Transfer,1
46,71,91.85,6033.44,7,82.34,5,3,0,29,2.3,89,8,6,,23.9,One Year,Fiber,,1
57,66,97.52,6347.04,2,82.09,,4,16,4,72.0,17,4,6,11,36.0,Two Year,None,Digital Wallet,0
46,4,15.22,55.33,7,11.64,,4,1,22,36.1,50,0,3,,34.5,Two Year,DSL,Digital Wallet,0
48,48,119.94,5142.86,9,78.79,1,2,24,49,89.7,17,11,,6,33.6,One Year,Fiber,Digital Wallet,0
23,11,176.22,1971.2,4,83.65,5,4,0,60,63.8,60,0,,13,36.2,One Year,DSL,Credit Card,0
20,62,92.11,5031.45,0,70.96,3,1,9,15,,70,11,7,10,19.0,Two Year,Fiber,Bank Transfer,1
60,7,69.04,420.56,0,138.99,5,1,1,44,43.3,13,15,8,12,18.1,Two Year,Fiber,Credit Card,0
27,45,124.75,5723.8,2,103.07,6,2,22,,56.4,4,2,0,11,8.6,,DSL,Digital Wallet,0
47,,120.6,5758.56,6,48.53,7,4,23,20,24.4,21,11,2,7,33.2,Two Year,None,Bank Transfer,0
28,8,61.41,477.2,1,52.71,6,2,14,19,5.5,87,11,1,15,44.9,Monthly,Fiber,Digital Wallet,0
57,,158.29,5161.0,12,112.86,6,5,24,51,62.4,57,12,8,2,37.2,One Year,Fiber,Bank Transfer,1
67,12,148.38,1758.02,9,98.77,,3,,20,56.2,50,2,4,5,29.4,,None,Credit Card,1
70,44,98.05,3888.28,11,7.25,3,4,8,17,31.1,72,13,3,3,12.9,Monthly,DSL,,0
65,14,31.03,384.45,11,,6,5,11,52,63.0,9,8,6,11,21.2,Two Year,None,Bank Transfer,0
70,22,27.6,581.14,9,62.1,5,2,1,53,60.0,88,6,10,5,34.7,Two Year,Fiber,Credit Card,0
27,54,58.68,3022.48,7,99.57,2,1,10,55,31.2,69,,9,9,43.5,One Year,None,Credit Card,0
27,9,155.89,1531.12,7,145.78,3,5,23,35,26.6,39,12,0,5,8.7,Monthly,DSL,Credit Card,1
53,33,127.56,4824.06,2,12.55,4,1,14,12,45.9,68,1,,6,40.0,Two Year,Fiber,Digital Wallet,1
45,65,,6768.41,9,148.98,5,4,30,31,31.1,35,10,8,5,44.2,One Year,Fiber,Debit Card,1
25,18,134.14,2473.37,11,147.57,4,1,22,22,86.7,55,5,7,6,33.2,Monthly,None,Debit Card,1
33,67,114.46,6773.59,4,126.3,5,3,25,19,44.1,31,13,,6,,Monthly,DSL,Digital Wallet,1
43,18,131.37,2507.41,3,130.24,1,,0,43,38.9,78,8,8,1,43.3,Monthly,Fiber,,1
63,17,89.17,1708.62,3,37.59,,4,30,44,17.5,83,15,1,9,20.7,Two Year,Fiber,Bank Transfer,0
40,54,46.03,2159.48,12,16.22,6,1,6,35,63.5,62,5,8,15,24.4,Monthly,,Digital Wallet,1
62,39,72.21,3121.83,5,77.28,4,2,11,28,30.7,37,2,8,15,1.4,Two Year,None,Debit Card,0
22,22,165.95,3676.43,8,57.49,5,1,,60,29.8,78,8,6,10,46.1,Two Year,None,Bank Transfer,1
50,21,178.93,4141.59,4,67.63,1,3,4,3,23.3,85,7,10,3,40.7,Two Year,None,Digital Wallet,1
64,22,49.59,979.48,0,31.59,4,4,16,28,88.3,16,14,,9,19.5,One Year,None,Bank Transfer,1
,68,91.36,5986.44,0,108.5,2,1,16,59,44.5,71,7,4,8,48.5,Two Year,Fiber,,1
52,30,150.94,4210.27,10,52.37,7,3,15,16,32.1,54,5,3,11,6.5,One Year,DSL,Credit Card,1
39,28,71.04,1903.46,9,70.74,1,,24,30,,81,4,2,9,17.2,One Year,Fiber,Bank Transfer,1
68,33,21.89,771.52,2,49.99,3,3,29,,47.9,89,7,9,13,22.5,One Year,None,Credit Card,1
24,54,93.65,5144.97,1,54.27,,4,20,51,78.1,51,14,3,9,19.5,,DSL,Credit Card,0
,66,125.75,9289.9,11,100.83,4,2,6,12,64.6,79,40,2,5,27.2,One Year,,Digital Wallet,0
46,4,16.74,73.97,2,36.25,5,3,30,21,53.3,75,8,2,7,13.7,One Year,DSL,Credit Card,0
56,42,49.04,1803.34,11,7.56,7,2,18,33,4.5,15,7,8,8,4.6,One Year,Fiber,Debit Card,1
45,71,118.05,7930.12,8,116.37,1,1,17,44,3.5,14,11,3,4,22.9,Monthly,DSL,Digital Wallet,0
26,,96.02,5588.36,7,11.1,3,4,11,39,40.0,79,11,7,12,45.8,,DSL,Bank Transfer,0
39,44,115.91,4902.44,5,4.3,3,3,28,,23.1,80,12,,10,35.5,Monthly,DSL,Credit Card,1
41,37,163.1,6141.79,9,52.07,2,3,4,48,77.1,46,4,0,8,44.7,Two Year,None,Debit Card,0
22,51,122.27,5480.52,1,91.73,6,2,2,20,75.2,47,15,4,12,14.8,Monthly,Fiber,Debit Card,1
69,18,93.14,1619.04,9,132.32,4,2,0,33,66.3,70,4,4,1,9.4,Two Year,DSL,,1
23,22,136.74,2813.81,4,1.94,6,2,18,13,89.9,55,7,4,11,41.8,Monthly,None,Bank Transfer,1
69,12,150.75,2026.72,5,107.91,6,,11,31,52.3,74,1,0,5,46.3,One Year,None,Bank Transfer,1
69,31,164.2,4822.84,6,1.72,5,5,2,51,12.0,38,7,4,13,25.1,One Year,DSL,Credit Card,1
56,56,129.16,8084.63,6,82.26,1,2,15,16,27.6,16,3,1,3,,Monthly,None,Credit Card,0
63,27,97.91,3035.29,0,14.29,,3,17,3,16.3,67,1,8,9,32.2,Two Year,Fiber,Digital Wallet,1
37,47,41.03,1706.85,9,16.6,5,5,1,33,,85,6,3,6,19.6,Two Year,None,Debit Card,1
27,30,140.46,4695.44,10,60.1,1,3,29,46,79.4,8,15,1,1,42.9,Monthly,None,Credit Card,0
50,62,62.94,3692.8,0,,6,2,25,11,4.0,31,8,4,10,18.4,Monthly,DSL,Credit Card,1
51,61,142.04,8261.39,11,74.64,3,2,11,46,77.7,58,4,3,2,41.3,Two Year,Fiber,Credit Card,1
,64,173.35,11107.14,1,14.38,7,1,10,50,80.2,56,0,3,13,42.8,Two Year,,Debit Card,1
43,60,18.75,1072.81,9,42.5,5,4,12,44,55.2,17,7,3,12,23.1,Monthly,DSL,Credit Card,0
38,67,150.1,10905.54,9,74.57,1,3,20,4,51.2,25,7,,,14.9,Monthly,DSL,Bank Transfer,0
67,63,63.37,4449.45,8,104.18,5,2,19,57,59.3,31,,5,10,36.6,Two Year,DSL,Debit Card,1
38,70,153.35,9579.6,,82.79,3,3,11,21,,14,6,9,13,5.7,,DSL,Credit Card,0
37,67,157.22,11413.16,3,64.54,5,5,29,14,50.2,62,6,6,15,28.1,Two Year,Fiber,Debit Card,0
52,3,,64.68,6,38.67,3,5,9,27,39.1,35,13,7,12,13.3,One Year,Fiber,Digital Wallet,0
,5,81.05,357.31,5,52.11,2,5,14,31,37.2,15,8,,9,15.1,Two Year,Fiber,Credit Card,0
35,33,146.88,4657.82,2,81.84,6,3,,14,63.9,8,2,6,9,,Monthly,DSL,Digital Wallet,0
,49,27.56,1357.08,,60.25,6,1,25,22,32.1,90,8,6,6,45.5,Monthly,None,Digital Wallet,1
33,49,98.58,4476.09,12,145.66,2,4,14,6,89.0,3,6,4,15,40.0,One Year,,Bank Transfer,1
39,46,126.3,6311.64,0,1.83,1,1,2,39,86.1,82,4,2,8,38.8,Monthly,None,Digital Wallet,0
48,35,128.35,4748.94,10,128.66,7,4,23,56,72.7,49,7,8,6,32.9,Monthly,None,Bank Transfer,0
58,58,18.54,1168.87,,39.17,7,5,18,6,37.8,46,1,8,2,3.5,One Year,,Bank Transfer,0
66,3,54.69,179.64,10,38.16,3,2,27,48,86.6,59,1,0,12,21.0,One Year,None,Bank Transfer,0
54,43,159.59,6088.53,12,27.6,3,3,9,40,67.9,54,10,4,3,41.8,Two Year,,Digital Wallet,0
62,46,154.38,6314.13,5,25.7,1,1,3,27,87.1,8,,3,5,15.3,Two Year,None,Bank Transfer,0
38,24,53.65,1354.87,6,106.88,5,2,26,11,39.2,65,15,1,11,47.8,Monthly,Fiber,Credit Card,1
47,72,174.38,11061.67,10,106.96,3,3,14,26,85.8,30,1,4,14,50.0,Two Year,DSL,Bank Transfer,1
36,23,118.21,3037.77,12,37.16,6,3,24,,71.3,69,6,10,4,24.2,Two Year,None,Digital Wallet,1
43,63,109.67,7022.79,10,31.61,2,4,28,21,35.3,81,14,7,2,41.4,One Year,None,Debit Card,0
64,9,152.91,1527.01,7,143.99,6,5,25,39,26.4,0,15,9,2,5.8,One Year,Fiber,Credit Card,1
43,33,57.01,2001.3,1,145.19,5,5,7,4,68.7,58,11,4,3,36.6,One Year,DSL,Debit Card,0
70,67,166.35,12342.4,12,50.8,6,2,7,32,90.0,85,,4,9,33.7,Two Year,DSL,Digital Wallet,1
48,72,107.48,6858.68,2,51.43,2,3,29,7,15.8,83,0,8,3,37.7,One Year,DSL,Credit Card,1
60,52,82.97,3692.55,8,64.84,6,2,17,14,74.9,82,11,7,2,20.5,One Year,None,Debit Card,0
67,1,151.8,137.63,11,71.12,7,5,26,2,41.3,31,15,8,13,3.0,Two Year,None,Digital Wallet,0
63,56,138.99,8809.03,3,25.05,4,1,,,80.3,30,8,8,5,29.7,,None,Digital Wallet,1
37,70,87.64,5967.99,10,26.81,4,3,1,55,43.8,36,8,5,7,,Monthly,DSL,Digital Wallet,1
61,36,29.82,1105.11,2,75.57,4,5,8,32,43.9,44,0,0,4,15.4,Monthly,Fiber,Credit Card,0
29,51,115.89,6755.63,0,32.9,7,,21,58,24.5,21,11,7,4,12.1,Two Year,None,Credit Card,0
47,34,142.97,4189.03,6,34.45,1,4,16,22,14.9,19,8,7,7,37.2,One Year,Fiber,Debit Card,1
,26,94.56,2556.57,9,147.52,1,3,26,54,79.4,51,13,9,15,10.4,Monthly,DSL,Digital Wallet,1
34,17,39.66,763.96,11,60.34,7,5,7,30,14.3,28,15,10,3,9.3,Two Year,Fiber,Credit Card,1
69,30,133.38,4391.0,11,104.99,1,1,17,45,53.4,18,6,4,15,44.8,Monthly,None,Digital Wallet,1
30,25,53.48,1441.95,10,19.01,6,5,28,52,47.3,68,8,5,7,31.7,,Fiber,Bank Transfer,1
53,2,59.45,108.88,1,89.07,7,3,24,60,62.5,14,15,6,10,32.9,,Fiber,Digital Wallet,0
63,46,65.68,3227.85,11,22.04,3,4,21,45,49.5,28,14,9,,7.9,One Year,Fiber,Bank Transfer,0
27,58,47.71,3157.12,9,64.59,5,3,19,14,25.2,16,6,10,13,28.6,Monthly,None,Digital Wallet,0
56,60,165.76,10473.53,8,129.45,6,2,2,45,34.8,30,5,1,10,25.5,Two Year,None,Digital Wallet,0
69,47,143.6,7115.55,11,4.96,3,1,12,28,40.2,83,12,10,11,38.4,One Year,None,Digital Wallet,1
37,64,83.9,4714.97,4,124.41,5,5,13,16,14.5,74,11,9,2,44.5,Monthly,Fiber,Bank Transfer,1
27,61,77.89,4256.26,5,53.19,,4,7,59,61.6,37,6,9,11,49.3,Monthly,None,Bank Transfer,0
56,37,16.19,609.15,5,48.4,6,3,13,24,40.3,84,11,3,2,23.5,Two Year,DSL,Debit Card,1
27,12,17.59,188.69,12,141.76,2,4,21,25,21.5,21,11,6,11,,Monthly,None,Debit Card,1
64,27,62.04,1677.59,4,84.86,5,1,13,43,36.4,12,,0,10,0.5,Two Year,None,Digital Wallet,0
64,3,138.39,378.79,11,23.56,3,3,29,49,41.4,,6,10,8,25.7,Two Year,DSL,Bank Transfer,1
45,8,144.84,1199.17,0,90.12,4,,29,27,27.8,90,11,10,9,5.4,One Year,DSL,Digital Wallet,1
63,35,84.05,3348.92,4,38.61,4,2,22,15,49.5,70,1,5,3,25.1,Two Year,Fiber,Bank Transfer,1
40,12,106.27,1253.24,12,,6,4,14,6,54.2,69,7,7,5,,One Year,DSL,Credit Card,1
43,66,67.62,4080.43,0,59.56,6,3,1,10,23.1,65,12,4,7,40.1,Two Year,Fiber,Bank Transfer,0
37,30,74.12,2242.54,9,49.83,1,2,26,7,62.4,49,1,,9,22.6,Monthly,None,Credit Card,1
37,54,117.61,6125.66,0,135.75,5,1,6,31,37.4,56,8,7,7,36.7,Two Year,Fiber,Credit Card,1
29,23,34.11,746.41,12,36.04,5,4,22,21,88.2,70,13,8,12,46.3,Monthly,None,Credit Card,1
37,16,,1101.4,3,32.89,2,5,13,46,64.9,51,0,1,14,11.2,One Year,DSL,Credit Card,0
19,22,111.71,2668.04,7,29.36,5,1,3,57,79.8,8,5,4,13,,One Year,Fiber,Credit Card,0
53,8,78.49,705.97,12,14.05,3,5,18,50,52.9,24,12,10,13,36.2,Monthly,DSL,Bank Transfer,1
24,29,152.5,4523.85,8,65.98,5,4,,43,45.3,61,0,8,1,32.1,Two Year,Fiber,Debit Card,0
66,72,164.68,13472.67,5,3.08,6,1,19,28,9.4,75,7,3,14,7.0,Monthly,DSL,Bank Transfer,1
26,6,107.82,732.7,12,121.35,1,1,30,53,20.8,86,2,7,8,18.2,Two Year,DSL,Digital Wallet,1
46,33,104.25,3325.34,1,10.71,2,4,,48,13.6,4,7,0,7,29.6,One Year,Fiber,Digital Wallet,0
61,12,42.72,453.87,6,7.69,6,1,17,6,81.1,85,4,10,12,32.3,Monthly,None,Debit Card,1
29,42,73.93,3454.21,8,115.46,5,2,1,28,71.3,28,3,4,14,33.1,Two Year,DSL,Credit Card,0
55,50,119.49,6101.26,6,129.1,1,3,11,2,32.3,11,2,2,13,2.4,Monthly,,Credit Card,0
43,36,143.04,5831.37,8,115.42,3,3,23,51,73.0,,2,9,8,45.4,One Year,Fiber,Debit Card,1
54,42,58.5,2505.68,5,4.96,4,1,18,44,73.4,42,1,6,14,,One Year,DSL,Bank Transfer,1
56,72,51.37,3829.84,8,137.23,3,5,20,3,44.9,18,8,1,5,7.2,Two Year,None,Credit Card,0
40,59,168.44,11419.15,7,136.2,2,3,27,13,61.4,80,9,7,7,37.6,Two Year,Fiber,Bank Transfer,1
24,51,169.8,9873.54,7,21.28,6,4,3,31,89.1,86,12,8,6,29.1,Monthly,Fiber,Digital Wallet,1
69,58,172.96,8782.14,12,58.84,2,5,12,28,2.7,24,9,9,9,6.4,One Year,None,Digital Wallet,0
20,16,80.31,1238.12,7,,7,3,1,11,7.5,46,15,2,4,4.3,Monthly,DSL,Debit Card,1
30,44,39.98,1932.11,6,124.76,1,5,10,48,75.6,,9,9,7,43.9,One Year,Fiber,Credit Card,0
21,44,142.5,5345.03,5,,2,3,6,50,9.7,15,8,5,15,20.7,One Year,None,Debit Card,0
27,32,39.65,1354.67,11,18.98,5,1,28,10,83.1,74,8,4,,37.2,Two Year,Fiber,Bank Transfer,1
59,10,61.37,527.35,8,138.97,,5,7,17,63.1,25,14,7,10,38.1,Monthly,None,Bank Transfer,1
27,13,168.12,2137.75,,22.52,1,2,15,40,84.7,87,2,8,2,32.7,Monthly,None,Digital Wallet,1
37,21,175.61,3515.0,7,,5,4,25,14,61.8,46,15,7,5,38.8,One Year,Fiber,Digital Wallet,1
62,39,97.87,4332.62,2,29.72,7,,26,41,15.1,39,9,2,3,32.0,,DSL,,1
47,68,127.13,9311.95,8,4.27,1,2,8,22,34.2,70,5,8,8,7.9,One Year,DSL,Digital Wallet,1
42,49,131.92,6526.67,8,82.12,4,3,10,46,63.3,64,14,1,12,33.3,Monthly,None,Digital Wallet,1
22,28,133.27,3608.45,5,90.82,1,3,24,49,64.4,50,4,1,11,32.7,One Year,DSL,Credit Card,1
34,29,15.63,,0,120.89,1,3,29,19,33.3,75,12,4,6,35.4,One Year,DSL,Debit Card,1
56,62,30.95,1701.57,5,34.4,7,2,28,18,71.1,57,5,9,7,42.1,One Year,Fiber,Credit Card,1
20,27,145.65,3699.6,,45.58,5,4,11,48,64.6,89,11,8,12,20.7,Monthly,None,Credit Card,0
48,66,81.57,6107.23,12,132.46,1,3,18,38,15.5,,8,3,,21.9,Monthly,None,Debit Card,1
36,6,172.18,943.41,1,24.45,2,2,27,39,30.3,71,1,7,1,14.5,Monthly,None,Credit Card,0
64,68,51.03,3362.13,7,46.79,4,4,8,1,42.4,28,12,6,7,43.0,One Year,DSL,Credit Card,1
46,49,173.79,7594.1,8,,1,2,25,44,58.8,16,3,9,14,46.4,Two Year,DSL,Debit Card,0
68,34,140.82,4261.69,4,106.39,2,5,,13,76.8,38,11,10,10,49.9,One Year,None,Debit Card,0
20,52,81.15,4810.52,0,133.17,5,3,7,7,18.0,32,8,3,6,26.1,Two Year,DSL,Credit Card,1
51,40,176.94,7711.05,5,15.16,3,,3,2,78.8,30,14,8,11,4.4,Two Year,Fiber,Bank Transfer,1
64,29,145.23,3898.85,8,14.68,6,4,23,,53.0,46,11,9,15,12.9,Monthly,None,Debit Card,1
66,26,167.03,3963.1,6,29.42,6,4,10,37,45.7,62,12,7,7,26.0,One Year,DSL,Bank Transfer,0
41,72,85.15,5594.88,12,46.64,4,3,19,5,,28,0,8,11,27.2,One Year,Fiber,Digital Wallet,0
26,25,48.08,1240.56,10,121.81,7,4,3,24,78.2,4,3,1,2,11.2,Monthly,DSL,Bank Transfer,0
18,40,61.7,2652.64,6,145.79,4,,5,49,8.6,74,0,1,1,43.2,Two Year,DSL,Credit Card,0
42,,151.21,5295.37,0,47.12,6,5,18,6,32.2,61,7,8,11,46.1,One Year,DSL,Digital Wallet,1
32,50,89.59,5121.6,9,101.5,1,1,25,12,69.0,58,5,6,5,11.2,Monthly,Fiber,Bank Transfer,1
42,,176.85,11277.42,5,93.26,4,1,21,55,68.3,46,11,10,8,30.9,Monthly,DSL,Digital Wallet,1
,43,65.86,2932.72,7,101.55,2,2,23,54,76.8,0,13,8,6,20.3,Two Year,None,Digital Wallet,0
20,68,71.6,5022.09,3,141.29,5,4,30,31,77.9,75,9,3,12,45.8,One Year,DSL,Bank Transfer,0
21,22,78.14,1538.77,6,126.03,6,4,28,52,69.3,44,12,4,12,16.7,One Year,None,Digital Wallet,0
34,34,175.45,6403.0,5,53.36,6,2,8,55,41.0,32,10,10,,35.8,Monthly,DSL,Credit Card,1
33,57,96.7,5678.11,0,84.09,3,5,19,26,29.7,29,8,5,15,1.3,One Year,DSL,Bank Transfer,0
20,62,101.62,6063.41,8,32.78,6,5,11,60,37.5,24,5,9,2,12.4,Two Year,DSL,Bank Transfer,0
51,6,129.94,727.41,12,4.86,2,4,6,4,87.1,35,2,5,1,36.1,One Year,Fiber,Debit Card,1
63,33,,4778.2,0,120.42,2,4,11,34,22.3,68,14,10,10,21.6,Monthly,DSL,Digital Wallet,1
59,55,58.97,3713.75,12,143.11,4,4,23,3,23.8,17,15,3,14,39.2,Two Year,DSL,Bank Transfer,1
56,19,144.12,2909.73,12,86.55,7,1,1,57,9.8,22,15,6,1,24.1,Two Year,Fiber,Bank Transfer,1
37,67,58.29,4352.0,7,85.08,4,2,16,13,89.6,2,13,1,5,12.6,One Year,DSL,Bank Transfer,1
48,68,112.36,8454.22,0,141.9,3,2,13,3,18.3,59,0,6,14,26.4,One Year,DSL,Digital Wallet,1
23,70,,7890.14,2,90.16,2,4,29,7,77.9,72,3,2,4,,One Year,DSL,Bank Transfer,0
24,27,,4119.32,6,140.31,4,1,10,59,63.0,1,15,9,2,37.9,Two Year,DSL,Bank Transfer,1
19,55,59.11,3247.11,7,79.39,7,5,21,42,28.5,67,8,8,4,40.3,Monthly,DSL,Bank Transfer,1
45,43,123.89,5631.08,0,130.26,3,5,4,31,18.3,,0,3,2,43.3,Two Year,None,Debit Card,0
68,50,147.59,6840.05,11,142.26,4,4,23,34,30.7,79,8,4,5,,Two Year,None,Bank Transfer,0
55,28,18.95,609.53,10,5.53,6,3,13,1,76.3,43,4,6,10,31.2,Monthly,Fiber,Bank Transfer,1
59,5,163.32,842.83,,98.93,4,4,6,15,3.9,76,5,3,6,42.5,One Year,DSL,Bank Transfer,0
33,4,87.63,365.52,1,120.59,3,1,25,12,62.1,26,5,0,2,7.3,Two Year,None,Bank Transfer,0
53,42,15.72,619.08,3,12.22,5,2,22,3,68.7,88,12,8,3,40.4,Monthly,,Credit Card,1
20,31,165.16,4437.85,5,44.95,3,4,6,59,47.4,56,,9,8,44.2,Two Year,None,Debit Card,1
63,43,120.28,4904.26,8,124.57,3,1,17,11,44.8,86,,8,14,,One Year,Fiber,Bank Transfer,1
24,65,71.64,5174.63,5,97.15,6,4,24,34,70.9,84,2,5,15,16.9,Monthly,Fiber,,0
25,55,135.11,,9,49.59,3,3,23,33,41.9,13,10,0,14,35.4,One Year,None,Bank Transfer,0
25,42,136.62,5755.98,2,98.33,3,4,22,19,5.6,42,0,7,15,42.5,Two Year,DSL,Bank Transfer,0
56,27,75.76,1942.82,8,12.13,1,5,24,46,13.8,19,14,7,13,16.5,One Year,DSL,Digital Wallet,0
35,48,109.78,4763.45,4,131.97,1,2,6,33,41.4,36,7,7,10,23.5,Monthly,Fiber,,1
36,,162.3,7187.94,4,82.34,3,5,22,48,38.6,33,3,6,7,6.6,Two Year,None,Bank Transfer,0
60,63,34.37,2054.81,9,33.54,1,2,24,29,39.9,33,0,6,5,6.2,Monthly,Fiber,Digital Wallet,1
,51,74.47,4145.79,4,122.65,1,2,8,7,45.7,81,1,0,6,14.1,One Year,DSL,Debit Card,0
40,46,117.71,5148.6,5,138.58,7,2,30,8,39.3,71,6,3,6,39.7,Two Year,DSL,Digital Wallet,1
21,72,150.36,11192.14,12,1.66,7,5,2,2,46.2,,9,3,2,23.7,One Year,DSL,Digital Wallet,0
67,21,30.43,,7,87.67,2,4,17,25,80.1,78,7,1,11,34.0,Monthly,None,Bank Transfer,1
19,12,20.51,236.65,12,83.0,5,,2,7,34.5,26,5,0,3,20.3,Monthly,Fiber,Debit Card,0
64,31,131.76,4624.25,6,36.83,5,1,5,59,2.2,85,7,8,9,31.8,Two Year,Fiber,Credit Card,1
57,28,102.16,2674.54,7,78.2,7,4,24,29,40.0,31,8,2,12,0.4,Monthly,DSL,Credit Card,1
29,52,86.77,4485.96,,109.33,4,3,8,55,4.6,59,6,10,13,8.3,One Year,None,Digital Wallet,0
46,42,100.52,4453.74,8,71.42,7,3,8,40,51.9,39,12,8,8,33.2,One Year,DSL,Digital Wallet,0
31,43,56.14,2638.79,5,,4,3,20,10,19.2,35,0,2,11,18.9,Two Year,Fiber,Digital Wallet,1
55,50,79.43,,12,78.14,1,5,5,54,14.2,18,7,10,13,32.5,Two Year,Fiber,Bank Transfer,0
,18,45.65,711.38,7,31.56,4,5,24,18,6.7,49,2,3,9,20.7,One Year,None,,0
33,7,168.16,1278.55,5,87.83,6,3,21,50,41.5,51,11,7,9,19.3,Two Year,,Credit Card,0
39,9,155.21,1242.57,6,95.76,4,4,8,41,24.5,77,8,,7,45.8,Monthly,DSL,Credit Card,1
24,33,173.75,5484.56,4,120.05,2,1,1,19,15.3,87,13,7,5,22.8,Monthly,DSL,Debit Card,1
38,11,119.21,1151.08,8,52.47,6,1,25,22,38.0,80,3,,4,15.8,Two Year,DSL,,1
58,34,178.17,6807.32,2,106.58,5,4,28,28,38.1,26,5,7,11,29.6,Two Year,Fiber,Bank Transfer,0
31,71,30.81,2123.34,11,120.16,5,1,23,53,45.2,4,11,2,3,30.2,Two Year,DSL,Bank Transfer,0
59,,110.76,4545.53,5,92.91,1,3,27,9,43.6,90,5,5,10,31.0,Monthly,Fiber,Bank Transfer,1
50,25,22.38,633.72,0,94.31,4,3,3,15,5.5,9,0,9,13,7.7,Monthly,Fiber,,0
47,37,70.96,2968.83,7,16.98,4,2,30,54,15.6,36,7,1,10,6.3,One Year,Fiber,Credit Card,1
45,53,72.98,4280.91,2,33.64,4,1,28,27,87.2,43,0,6,13,7.3,One Year,DSL,Bank Transfer,1
44,59,170.13,11224.87,10,36.67,6,4,23,4,14.7,40,3,0,1,44.5,One Year,,Digital Wallet,1
20,55,110.54,5749.95,1,116.0,2,1,22,34,10.0,49,14,9,4,40.5,Monthly,DSL,Debit Card,1
32,30,17.76,591.15,4,79.69,6,5,22,21,87.2,53,10,7,14,2.8,One Year,None,Bank Transfer,1
24,68,52.49,3192.3,2,59.69,3,4,23,34,71.0,80,10,1,10,1.2,Two Year,Fiber,Bank Transfer,1
67,9,68.29,578.62,8,5.4,3,1,1,39,21.5,36,12,5,12,12.4,One Year,Fiber,Debit Card,1
48,48,130.48,5687.17,11,130.64,1,5,26,35,81.2,15,12,4,4,22.5,One Year,Fiber,Debit Card,1
47,2,151.69,325.83,7,9.69,,2,10,46,63.6,79,5,8,15,34.0,Monthly,Fiber,Digital Wallet,1
59,,76.73,5418.13,7,57.1,4,3,1,23,55.2,63,7,9,4,1.5,Two Year,Fiber,Credit Card,0
64,47,162.26,7831.35,12,57.07,7,5,6,16,65.1,9,15,9,4,49.8,,DSL,Digital Wallet,1
56,33,,3822.79,5,105.78,7,3,29,56,33.2,19,10,9,4,46.6,One Year,DSL,Credit Card,0
42,48,16.11,717.83,2,130.47,4,5,28,42,30.2,18,5,7,2,29.0,Monthly,DSL,Credit Card,0
58,50,144.96,7941.81,1,18.63,4,5,27,56,3.8,15,0,9,15,47.0,Monthly,DSL,Credit Card,0
22,36,154.31,4727.7,8,10.55,4,1,1,56,19.3,17,15,6,11,8.4,Monthly,DSL,Digital Wallet,1
49,64,144.51,8096.15,10,88.51,2,4,16,9,79.5,12,3,9,6,21.3,Two Year,None,Digital Wallet,0
19,63,89.18,,9,54.62,6,5,21,8,89.2,21,4,0,6,43.3,Monthly,Fiber,Bank Transfer,0
64,59,146.52,9242.74,12,100.7,2,3,1,4,45.6,13,13,7,12,13.3,Two Year,None,Digital Wallet,0
30,47,104.32,4978.05,11,17.39,6,4,8,33,41.5,36,15,7,10,11.9,Two Year,None,Bank Transfer,0
37,28,103.61,2790.41,9,87.01,4,1,5,23,14.7,4,2,9,4,3.1,One Year,DSL,Digital Wallet,0
,20,77.95,1554.75,9,13.81,4,5,18,13,20.6,30,1,3,11,3.8,Two Year,DSL,Debit Card,1
59,51,102.51,5252.48,11,108.69,4,3,,16,31.0,,5,6,12,8.6,Monthly,None,Bank Transfer,0
49,33,94.21,2758.14,2,84.0,4,5,27,43,53.9,37,11,1,8,11.5,Monthly,Fiber,Debit Card,0
23,57,121.39,6941.41,5,135.9,1,2,18,42,26.4,56,11,10,11,2.8,One Year,DSL,Digital Wallet,1
67,11,90.68,908.86,2,100.56,,3,20,21,20.2,31,2,1,12,16.5,One Year,Fiber,Debit Card,0
47,21,23.28,455.39,0,110.09,2,4,18,45,77.2,57,11,6,3,44.1,One Year,Fiber,Debit Card,0
44,69,77.3,5856.59,7,146.48,7,5,17,21,30.6,51,8,3,13,46.1,Two Year,DSL,Bank Transfer,0
21,9,17.58,141.41,7,117.04,5,4,,40,19.0,35,4,1,15,47.9,Monthly,None,Credit Card,0
58,54,115.86,7078.66,10,,2,5,7,24,41.5,41,6,8,5,39.8,Two Year,Fiber,Credit Card,1
63,64,21.2,1230.07,7,55.73,1,1,27,54,38.3,87,5,6,3,15.1,One Year,,Bank Transfer,1
28,1,165.49,188.4,3,51.58,3,4,19,46,63.2,18,7,,5,,Monthly,DSL,Debit Card,0
32,36,78.51,3176.61,12,93.82,3,3,15,44,6.4,84,1,6,1,39.8,Monthly,None,Credit Card,1
54,46,32.88,1371.77,2,11.65,6,1,23,12,2.0,21,5,4,11,5.3,One Year,DSL,Credit Card,0
20,44,86.96,4015.02,1,79.55,3,3,3,13,21.2,25,13,6,6,36.5,Monthly,Fiber,Bank Transfer,0
56,9,69.24,610.28,12,131.95,5,1,14,42,55.9,85,11,7,9,8.5,Monthly,None,Bank Transfer,1
69,39,112.79,3963.57,9,129.49,6,1,20,19,16.1,74,8,8,2,14.5,One Year,Fiber,Credit Card,1
50,47,129.41,5893.91,9,87.37,5,1,9,55,16.8,41,,0,15,6.0,Monthly,None,Credit Card,1
37,6,40.1,249.21,8,97.17,6,3,13,40,88.2,65,12,6,6,31.2,Two Year,Fiber,Debit Card,1
69,16,55.8,862.16,10,49.38,5,1,29,27,,34,3,5,4,39.8,Two Year,Fiber,Credit Card,0
24,25,25.17,594.26,2,33.05,3,4,26,57,49.0,21,7,4,3,27.2,,Fiber,Debit Card,0
64,33,80.1,2994.33,7,125.13,6,2,24,11,2.9,17,10,3,15,41.8,One Year,Fiber,Debit Card,1
46,6,149.23,888.42,0,46.99,2,5,29,47,19.4,81,15,10,12,,One Year,,Digital Wallet,0
37,7,175.27,1300.8,7,73.28,2,1,1,29,59.2,22,9,0,1,12.1,Monthly,None,Credit Card,0
41,10,18.08,190.2,12,113.27,6,4,30,59,14.7,59,4,5,5,9.1,One Year,DSL,Credit Card,0
69,69,112.78,7098.66,2,73.07,7,4,24,47,85.9,90,7,9,9,16.0,Monthly,Fiber,Credit Card,0
28,66,110.13,8157.9,10,29.16,6,2,24,54,42.4,83,13,8,1,23.9,Two Year,Fiber,Bank Transfer,1
32,46,164.12,7451.24,10,35.03,5,5,19,24,52.9,9,2,6,11,28.9,Monthly,None,Credit Card,0
38,32,66.56,2109.2,0,52.25,7,4,27,42,2.3,61,11,0,12,27.9,,None,Bank Transfer,0
57,52,47.64,2363.2,6,75.93,6,4,4,50,8.2,69,0,5,15,28.9,Monthly,None,Bank Transfer,0
65,46,60.85,2523.09,5,87.61,3,1,,53,76.5,24,1,5,10,,One Year,Fiber,Digital Wallet,0
62,46,33.11,1636.22,1,4.37,4,4,9,22,11.4,29,13,,7,37.8,Two Year,None,Credit Card,0
39,4,56.55,225.61,7,132.49,2,2,7,17,13.8,89,15,8,13,40.5,,None,Debit Card,1
70,23,50.72,1280.49,1,,1,4,2,57,71.7,67,7,5,14,15.4,One Year,None,Bank Transfer,0
70,16,26.65,383.06,11,47.92,5,4,7,49,77.4,27,2,1,5,30.3,Monthly,Fiber,Credit Card,0
52,65,,6047.07,0,122.55,6,3,25,38,80.2,86,0,,4,40.7,Two Year,Fiber,Credit Card,0
44,39,105.28,3948.53,1,101.79,1,2,2,33,15.5,9,8,0,9,4.4,Monthly,Fiber,Bank Transfer,0
22,55,119.68,6524.31,7,96.41,6,,5,49,7.7,72,15,0,4,33.2,Monthly,DSL,Debit Card,1
60,64,57.21,3907.75,4,46.16,1,1,13,24,7.8,5,0,4,14,19.8,Monthly,Fiber,Bank Transfer,1
25,31,70.48,2076.05,11,68.55,3,2,1,47,,,4,10,4,29.8,One Year,DSL,Digital Wallet,1
23,63,77.33,5282.63,11,78.65,7,5,28,49,51.2,74,15,8,15,42.4,One Year,DSL,,1
46,48,157.69,6928.18,7,69.98,1,2,25,14,55.4,10,7,9,8,32.2,Monthly,Fiber,Bank Transfer,1
32,5,60.36,267.11,4,48.2,6,5,13,60,46.9,10,14,3,5,5.7,Two Year,None,Credit Card,0
55,52,143.51,7972.76,0,37.57,6,1,11,57,44.6,40,10,9,4,45.4,Monthly,None,Bank Transfer,1
43,18,20.44,412.13,4,90.34,7,2,18,,,86,10,4,1,47.2,Monthly,None,Bank Transfer,0
47,2,38.14,66.09,7,144.55,,3,6,30,51.2,35,,0,11,44.8,One Year,None,Bank Transfer,0
66,29,126.17,3403.15,12,,4,5,22,38,61.6,58,14,8,14,26.3,Two Year,Fiber,Debit Card,0
69,14,140.78,1693.78,0,68.6,2,,29,18,3.9,79,9,7,13,48.5,Monthly,Fiber,Bank Transfer,1
62,57,75.57,4296.87,11,2.84,3,1,30,,4.0,88,9,8,7,20.4,Monthly,,Digital Wallet,1
35,20,173.39,3078.8,4,45.44,4,1,22,17,51.5,53,15,1,2,40.3,Monthly,None,Digital Wallet,1
18,30,54.96,1562.88,12,7.53,3,3,7,51,68.4,,7,2,5,42.0,Two Year,,Digital Wallet,0
34,8,139.54,1162.9,0,39.49,2,5,3,52,42.8,79,4,4,7,42.1,Monthly,DSL,Digital Wallet,1
51,16,32.37,585.49,3,9.35,5,4,24,19,250,31,2,4,15,17.9,One Year,DSL,Credit Card,0
25,22,91.51,2070.4,7,9.0,2,3,7,58,68.8,34,6,2,6,44.4,Two Year,DSL,Bank Transfer,1
70,43,49.65,1903.14,1,131.36,6,2,6,8,8.4,43,8,1,11,3.3,Two Year,Fiber,Debit Card,1
18,63,31.91,2153.27,10,87.67,1,1,11,,13.3,9,9,50,3,32.3,One Year,DSL,Debit Card,0
41,26,107.49,,,116.36,1,1,26,27,11.6,87,10,10,13,31.1,Two Year,None,,1
27,53,145.7,6761.33,4,127.73,3,3,6,29,69.2,40,4,6,9,6.4,Two Year,None,Bank Transfer,1
24,,155.5,5573.98,10,46.99,1,2,25,13,13.8,44,11,9,4,,Two Year,Fiber,,0
65,43,159.52,6183.15,8,5.02,1,4,10,,78.8,85,2,9,11,44.1,Two Year,DSL,Debit Card,1
68,38,165.49,6020.97,4,105.71,4,4,15,31,24.3,35,12,4,13,29.4,Monthly,DSL,Digital Wallet,1
21,7,86.74,,8,131.13,2,4,,35,40.2,85,14,5,13,,Monthly,DSL,Digital Wallet,0
68,72,73.02,5496.53,4,98.16,4,1,18,7,14.3,2,8,0,8,7.9,One Year,DSL,Bank Transfer,0
56,56,22.18,1337.35,0,86.24,5,2,4,54,57.6,32,14,0,8,28.2,One Year,Fiber,Bank Transfer,0
68,14,131.6,1730.0,1,103.0,7,1,6,9,34.7,83,7,10,12,38.8,One Year,Fiber,Bank Transfer,1
27,59,106.87,6035.75,10,138.73,4,1,25,55,45.9,33,13,4,6,46.3,One Year,None,,1
40,59,135.95,8925.46,2,67.57,2,1,15,46,78.9,87,4,7,12,5.3,Monthly,Fiber,Debit Card,0
35,4,41.63,171.5,3,59.42,6,2,,25,11.0,52,8,0,13,33.3,Monthly,DSL,Digital Wallet,1
41,13,28.33,374.08,3,75.94,,1,11,1,84.5,90,4,8,12,30.2,Monthly,DSL,Bank Transfer,1
39,46,43.0,,8,146.61,2,4,24,60,81.2,62,15,4,3,10.3,Monthly,DSL,Bank Transfer,1
66,30,150.29,5177.94,7,29.43,7,2,22,29,47.8,27,13,9,3,4.0,One Year,Fiber,Credit Card,1
,1,95.8,103.17,1,38.99,6,3,30,45,47.9,72,12,5,4,43.7,Monthly,DSL,Bank Transfer,1
25,4,73.76,251.16,9,84.14,1,5,14,15,4.7,72,11,0,8,31.1,Monthly,DSL,Digital Wallet,0
32,14,177.1,2562.93,3,133.42,3,1,23,20,47.5,,5,10,,22.7,One Year,None,Credit Card,0
44,70,133.17,7924.34,0,71.07,2,1,17,42,57.3,10,5,1,9,29.2,One Year,DSL,Debit Card,0
59,42,109.09,4956.24,2,35.57,1,3,25,40,81.8,79,14,5,2,23.0,One Year,None,Credit Card,1
30,2,150.14,304.86,8,8.97,4,,28,39,26.9,8,14,5,1,8.5,Two Year,DSL,Credit Card,0
19,7,88.21,640.68,6,74.3,3,5,22,51,44.6,43,10,0,10,16.9,Monthly,DSL,Bank Transfer,1
57,57,44.04,2320.58,6,93.49,,4,4,29,17.7,54,10,1,9,45.6,One Year,None,Debit Card,1
68,29,122.46,3306.71,10,48.93,1,3,29,26,14.9,62,12,4,11,9.7,One Year,None,Debit Card,0
36,14,85.25,1329.14,11,112.95,4,4,8,3,40.9,86,13,9,9,36.8,Two Year,DSL,Bank Transfer,1
57,10,173.03,1515.42,6,,4,4,20,10,88.1,37,2,8,8,31.2,Two Year,None,Digital Wallet,1
38,28,89.99,2181.36,2,42.17,2,1,13,48,25.4,86,4,4,4,49.3,One Year,None,Credit Card,1
,38,21.48,847.65,3,58.65,1,5,26,29,34.8,74,,6,15,34.9,Two Year,,Credit Card,0
67,29,125.26,4121.35,2,,2,3,24,32,12.4,46,12,7,3,49.5,Monthly,Fiber,Credit Card,1
67,44,90.54,3990.87,9,52.66,5,1,11,15,14.5,39,5,5,13,19.4,Monthly,Fiber,Credit Card,0
39,63,148.85,8569.74,10,91.06,6,2,0,13,81.4,34,2,3,14,31.8,One Year,None,Debit Card,1
50,42,86.56,4111.28,4,92.67,6,5,27,29,78.2,56,0,7,13,2.2,Monthly,Fiber,Digital Wallet,1
42,,152.21,2149.21,3,130.85,,1,25,18,66.5,10,15,4,15,47.5,Monthly,DSL,Digital Wallet,1
64,49,54.33,2989.96,7,65.78,7,1,29,23,80.5,90,15,4,14,0.3,One Year,DSL,Bank Transfer,0
45,,35.12,1728.34,12,81.11,4,3,2,18,17.0,64,11,3,11,3.2,Monthly,None,Digital Wallet,1
31,34,128.2,3929.93,10,24.57,2,2,18,56,53.5,67,5,1,6,28.2,Monthly,Fiber,Digital Wallet,1
25,28,157.09,3921.65,11,1.5,6,3,30,33,24.8,44,13,7,15,39.8,Monthly,DSL,Bank Transfer,1
47,49,79.45,3655.61,6,82.43,7,2,18,6,80.5,365,9,5,8,32.6,One Year,None,Digital Wallet,1
43,48,149.71,7659.45,6,60.43,3,4,12,3,51.5,16,0,8,,36.9,One Year,,Debit Card,0
37,43,160.28,7774.03,1,73.91,1,3,18,40,49.3,63,4,9,9,25.1,Monthly,DSL,Bank Transfer,1
35,19,42.49,790.63,10,105.12,3,1,13,57,55.4,76,14,10,4,32.3,One Year,None,Bank Transfer,1
42,62,38.05,2298.86,6,30.72,1,2,5,52,78.3,32,7,0,4,4.4,Two Year,Fiber,Debit Card,1
19,11,32.9,319.78,8,39.8,1,4,11,17,46.2,41,10,8,8,16.0,Monthly,None,Bank Transfer,1
54,51,32.22,1433.62,3,62.1,4,3,11,30,64.3,66,6,5,2,46.9,Two Year,None,Debit Card,0
47,12,123.36,1404.01,6,143.31,5,4,28,16,59.8,26,11,8,7,33.2,Monthly,DSL,Debit Card,1
61,,164.15,8681.48,9,92.4,5,1,24,53,82.6,55,4,4,14,21.2,Two Year,DSL,Digital Wallet,1
28,26,79.9,2317.54,,42.95,4,5,27,24,75.6,62,14,3,7,24.1,Two Year,None,Credit Card,1
18,17,123.07,2362.43,7,122.07,5,1,21,51,89.7,40,4,0,4,27.0,Two Year,DSL,Debit Card,1
26,16,143.01,2495.23,10,11.75,1,3,28,23,66.3,48,5,4,14,49.3,One Year,DSL,Debit Card,1
24,51,70.54,3498.28,10,118.9,5,2,21,23,5.2,19,9,3,12,6.6,Monthly,DSL,Debit Card,0
23,36,17.39,542.21,7,47.42,7,5,24,34,75.8,8,8,2,1,7.1,One Year,,,1
40,7,95.5,642.24,12,143.24,5,2,23,56,23.7,23,1,9,11,47.0,,None,,1
34,35,15.65,618.06,3,13.36,5,1,14,31,10.5,71,5,3,11,16.4,Two Year,Fiber,Debit Card,0
49,61,118.88,6643.87,,53.51,3,4,12,5,40.5,56,11,,4,16.9,One Year,None,Credit Card,1
24,24,165.01,3848.9,1,51.27,6,2,18,14,72.3,73,4,9,5,,Two Year,,Debit Card,0
40,8,169.07,1189.53,4,124.66,2,2,18,4,40.4,60,10,8,3,44.6,One Year,DSL,Debit Card,1
,9,152.17,1411.86,9,129.75,2,4,29,8,62.6,14,4,7,6,,Two Year,None,,1
95,,171.57,2245.4,1,118.57,1,4,30,44,18.5,22,1,6,14,32.7,Two Year,DSL,Credit Card,1
63,36,152.64,4983.32,4,131.54,4,3,9,17,20.5,20,13,9,2,12.6,Monthly,None,Credit Card,0
47,20,42.25,943.66,7,60.0,5,2,10,11,,6,14,8,6,33.4,Monthly,Fiber,,1
66,48,50.98,2090.46,9,6.99,1,4,6,41,400,43,13,10,8,46.6,One Year,DSL,Digital Wallet,1
44,16,94.11,1529.58,4,144.61,6,1,7,19,26.1,53,6,3,3,35.6,One Year,,Digital Wallet,0
51,37,169.82,6794.6,5,44.85,4,2,10,8,43.0,63,6,5,13,3.4,Two Year,DSL,Credit Card,1
49,51,108.87,5363.49,11,122.64,3,5,13,21,71.4,1,1,10,15,38.5,Monthly,,Debit Card,0
38,20,45.09,994.6,11,41.17,3,2,2,1,51.6,23,4,5,2,36.6,One Year,DSL,Digital Wallet,0
58,48,153.46,6698.63,10,20.0,4,,13,3,26.0,36,4,6,5,10.7,Monthly,None,Digital Wallet,1
22,29,,3779.47,9,84.15,1,1,19,50,19.6,81,4,4,15,48.9,Monthly,None,Debit Card,1
58,48,20.43,1044.27,10,100.22,3,5,12,58,13.7,33,0,7,13,21.6,Two Year,None,Bank Transfer,0
21,70,92.19,7293.19,10,149.81,3,4,12,30,,3,1,7,9,7.8,One Year,DSL,Digital Wallet,0
42,40,128.49,4710.93,10,123.03,6,5,20,20,20.5,52,5,10,12,17.8,Two Year,,Bank Transfer,1
29,43,144.88,,9,71.77,2,4,12,37,68.1,18,6,2,6,22.4,,DSL,Debit Card,0
37,53,167.1,9706.6,9,106.88,4,1,23,44,25.8,22,6,10,11,12.0,Two Year,DSL,Digital Wallet,1
24,6,73.32,497.64,4,90.12,6,4,2,35,6.2,48,12,2,9,40.7,One Year,None,Digital Wallet,0
57,22,59.85,1218.18,4,133.48,7,2,21,60,72.1,83,,1,9,47.9,Two Year,None,Bank Transfer,1
23,30,125.09,3497.22,8,146.27,2,2,27,7,49.9,69,0,1,7,29.0,Monthly,DSL,Digital Wallet,1
22,18,121.49,2377.06,3,74.35,4,5,25,16,57.6,78,0,1,13,33.7,Monthly,Fiber,Credit Card,1
31,13,97.69,1219.32,0,1.38,2,2,18,7,34.0,27,2,3,4,40.7,One Year,None,Debit Card,0
36,,112.95,,2,73.01,,2,3,36,54.3,54,15,2,1,41.7,,None,Bank Transfer,1
33,13,124.41,1596.22,10,48.37,5,1,0,45,2.5,13,2,7,7,43.4,Monthly,Fiber,Bank Transfer,0
51,31,57.43,1630.1,8,136.5,4,1,11,59,8.4,36,15,4,7,,Monthly,DSL,Credit Card,0
62,71,89.61,5662.53,2,80.19,2,,27,17,6.7,79,7,10,12,35.9,Monthly,None,Debit Card,1
63,15,44.49,608.27,1,57.38,6,1,0,24,77.8,90,6,2,5,34.9,Two Year,Fiber,Debit Card,0
66,45,45.84,2032.4,2,54.46,6,1,,,9.8,14,3,6,8,28.2,Two Year,DSL,,0
65,28,,,10,4.47,6,1,12,29,46.5,14,13,7,13,41.5,Two Year,DSL,Debit Card,0
18,23,67.78,1480.88,8,59.85,3,2,13,29,22.6,2,5,2,1,30.7,One Year,Fiber,Digital Wallet,0
39,27,120.72,2793.17,10,2.28,7,2,2,39,47.9,9,1,10,6,1.4,One Year,DSL,Credit Card,0
50,41,42.03,1615.29,,,2,4,16,17,40.4,78,15,0,12,0.3,Two Year,None,Debit Card,0
59,58,79.8,4850.4,,51.29,5,2,10,21,65.2,0,,7,15,8.2,,DSL,Digital Wallet,0
64,18,105.5,,1,127.09,5,2,4,1,33.8,11,5,1,14,9.7,Monthly,DSL,Debit Card,0
52,4,27.04,111.99,0,54.9,2,3,1,26,29.7,8,15,10,12,41.6,One Year,Fiber,Credit Card,0
60,51,59.8,2914.06,12,128.74,5,4,29,33,50.9,24,2,2,15,47.8,One Year,Fiber,,0
56,4,65.8,247.23,10,12.5,2,5,21,34,12.6,7,,1,13,47.4,One Year,DSL,Digital Wallet,0
62,52,91.68,4647.36,1,87.88,3,2,8,37,,3,3,7,1,28.4,Monthly,DSL,Digital Wallet,0
22,62,158.55,9731.9,12,6.5,2,2,17,1,24.1,44,7,4,8,25.2,Monthly,DSL,Digital Wallet,1
38,25,135.21,,5,95.6,6,2,17,18,48.1,71,15,3,6,35.4,One Year,Fiber,Digital Wallet,0
57,,50.47,1346.82,11,71.15,6,1,5,45,81.3,3,7,9,9,20.0,One Year,Fiber,Bank Transfer,0
36,,62.19,3821.64,7,37.65,5,2,10,47,68.8,86,11,2,12,12.0,Monthly,None,Digital Wallet,0
43,,145.19,2864.08,3,50.36,7,,26,16,77.4,0,12,10,3,2.8,Monthly,DSL,,1
35,8,34.25,289.71,2,14.23,4,2,8,57,62.6,43,5,6,4,20.1,Two Year,None,Digital Wallet,1
31,25,75.13,1614.63,4,40.32,3,1,23,59,79.8,39,6,4,14,14.5,Monthly,Fiber,Credit Card,1
39,34,161.75,5111.75,9,50.2,6,3,5,49,73.5,80,9,2,14,31.3,One Year,DSL,Debit Card,1
41,10,41.63,367.75,6,41.33,4,5,5,58,24.1,49,9,2,10,29.8,Two Year,DSL,Debit Card,0
64,27,68.33,1928.94,9,92.94,4,3,24,42,52.2,15,11,3,14,0.1,,DSL,Credit Card,1
59,10,146.49,1341.95,4,72.28,5,2,29,44,81.0,6,10,7,14,44.4,Monthly,DSL,Bank Transfer,0
22,4,134.5,472.11,4,60.97,3,2,23,31,49.1,87,12,2,,10.3,Monthly,None,,0
58,54,17.19,906.18,11,88.76,1,1,,52,78.1,80,13,3,12,22.3,One Year,,Credit Card,0
27,9,100.61,903.07,,94.51,4,3,0,28,8.8,34,14,1,6,29.1,Monthly,Fiber,Debit Card,1
26,25,28.43,613.54,4,114.35,2,4,5,36,83.7,79,13,8,4,31.9,Monthly,Fiber,Credit Card,0
23,34,138.34,4868.8,4,21.58,1,4,19,26,,79,,8,15,,Monthly,Fiber,Credit Card,1
35,35,37.51,1270.41,10,71.62,7,4,5,16,64.1,68,13,1,12,49.0,Two Year,DSL,Debit Card,0
38,35,90.4,2996.63,7,104.78,2,4,22,49,55.6,21,7,0,6,15.7,One Year,None,Digital Wallet,0
56,69,,9762.51,7,65.46,4,3,23,,10.8,47,6,9,5,36.5,Two Year,Fiber,Bank Transfer,1
35,30,109.02,3736.9,5,145.98,4,1,27,9,48.7,70,,9,11,48.2,One Year,,Credit Card,1
44,28,73.94,2179.95,6,3.06,4,3,27,6,72.2,11,,1,9,14.5,One Year,Fiber,,0
59,37,165.95,6188.77,12,20.03,3,3,18,19,7.4,44,7,5,7,18.7,One Year,,Bank Transfer,1
48,59,141.02,9431.46,5,6.19,4,4,29,44,83.5,,14,3,8,43.8,One Year,None,Bank Transfer,0
65,20,69.49,,5,140.76,6,5,26,19,38.9,75,1,1,11,24.6,One Year,Fiber,Debit Card,0
55,23,117.49,2753.03,12,127.2,4,3,28,11,,79,12,7,5,33.9,Two Year,None,Credit Card,1
70,29,124.69,3441.81,0,65.93,1,5,8,49,9.9,73,2,2,5,7.2,Two Year,None,Bank Transfer,0
38,29,153.13,4498.53,1,106.22,2,5,27,31,35.0,31,10,2,10,14.2,Monthly,DSL,Debit Card,0
65,22,18.59,354.94,5,21.54,4,2,6,17,79.9,9,2,8,10,24.9,One Year,Fiber,Digital Wallet,1
29,49,163.82,9223.07,3,99.02,6,5,1,19,11.0,78,2,7,2,40.2,One Year,Fiber,,1
65,30,25.09,823.88,4,42.57,5,3,7,27,59.4,55,1,10,3,33.8,Two Year,None,Debit Card,1
48,71,104.15,7907.46,10,,1,5,7,60,38.6,52,15,7,13,23.2,Monthly,,Bank Transfer,0
47,,66.34,3103.01,5,92.81,1,2,8,58,86.7,14,10,4,4,17.9,Two Year,None,Credit Card,0
21,18,78.0,,5,56.03,2,1,17,40,66.4,17,6,3,4,32.6,Monthly,Fiber,Bank Transfer,0
22,40,175.68,7069.41,,112.13,1,4,0,10,35.1,2,13,2,13,39.8,Monthly,DSL,Digital Wallet,1
24,41,119.32,4339.26,4,46.2,5,4,13,11,11.4,53,9,8,4,36.7,One Year,None,Debit Card,0
55,59,56.13,2988.05,4,8.53,5,3,26,31,82.8,44,5,10,1,7.9,Two Year,DSL,Debit Card,0
,15,41.53,631.58,8,40.04,7,5,19,58,9.4,85,9,9,6,47.6,One Year,None,Bank Transfer,1
22,36,66.74,2630.77,10,149.97,,4,8,50,30.3,30,0,0,5,3.6,One Year,Fiber,Bank Transfer,0
65,68,76.99,,5,38.72,1,1,16,38,43.4,62,11,0,2,44.7,One Year,DSL,Digital Wallet,0
65,30,84.88,2273.87,10,142.98,1,2,29,33,63.4,7,9,10,2,23.1,Two Year,Fiber,Digital Wallet,1
62,55,22.08,1122.66,6,15.11,6,3,,48,44.9,79,4,10,12,4.4,,DSL,Digital Wallet,0
,63,71.98,4735.53,11,75.67,6,2,27,9,68.9,51,15,10,15,25.1,Monthly,DSL,Credit Card,1
43,67,169.36,9884.15,5,111.54,1,3,11,54,38.6,53,2,6,7,28.0,Two Year,DSL,Credit Card,0
44,31,79.02,2381.52,0,51.57,3,3,3,45,,9,7,3,10,16.7,Monthly,Fiber,Debit Card,0
41,10,99.28,955.03,9,60.91,5,2,2,10,58.4,54,14,4,9,42.0,Two Year,DSL,Digital Wallet,1
51,62,109.23,7437.18,10,91.17,4,2,2,37,39.4,28,1,5,3,24.7,Monthly,DSL,Debit Card,0
29,24,140.72,3695.12,11,12.25,3,2,7,1,84.8,17,15,4,7,29.3,,Fiber,Credit Card,1
31,14,139.27,1710.24,8,129.41,2,4,21,42,3.5,67,11,10,6,11.3,One Year,Fiber,Digital Wallet,0
29,25,16.99,385.07,6,70.83,6,3,15,30,34.9,79,9,2,13,30.4,One Year,Fiber,Credit Card,0
18,5,50.82,272.74,7,30.88,2,2,9,50,48.1,90,14,4,14,34.7,One Year,Fiber,Bank Transfer,1
64,30,144.86,4787.84,1,17.83,5,2,0,16,75.5,69,0,10,14,21.5,Two Year,None,,1
44,18,124.12,2275.84,3,137.81,6,1,22,7,10.3,20,2,7,8,39.8,Monthly,Fiber,Digital Wallet,1
43,30,79.73,2549.8,9,45.91,2,5,2,42,23.7,53,10,,9,14.0,Monthly,Fiber,Debit Card,0
49,7,133.33,980.3,9,42.07,1,2,15,24,21.2,81,6,,12,,Monthly,Fiber,Bank Transfer,1
26,58,172.22,9479.4,7,124.65,5,3,1,53,72.9,31,1,5,7,25.1,Two Year,Fiber,Digital Wallet,0
26,,69.41,3310.56,9,44.17,5,5,2,33,33.3,76,7,8,9,45.0,Monthly,None,Credit Card,1
35,60,87.88,5136.22,9,13.84,4,1,13,55,33.0,52,11,2,9,,Monthly,Fiber,Digital Wallet,1
54,42,123.33,5503.76,9,100.13,1,2,18,20,51.4,33,9,3,11,42.6,One Year,None,Bank Transfer,1
69,53,157.47,7286.37,3,137.82,5,4,10,41,31.9,4,2,5,10,17.3,One Year,None,Digital Wallet,0
27,27,108.11,3051.35,11,117.75,3,5,24,13,35.8,1,3,9,13,14.2,Monthly,None,Digital Wallet,1
42,14,107.72,1429.89,3,61.76,6,5,,35,5.7,56,4,0,11,7.0,Monthly,None,Debit Card,0
53,13,170.68,1991.15,12,136.99,5,4,12,55,44.0,28,14,2,,10.0,One Year,Fiber,Bank Transfer,0
50,29,177.84,4964.48,6,72.71,4,1,18,41,63.3,44,12,10,14,16.3,One Year,Fiber,Digital Wallet,1
20,41,58.01,2605.81,3,90.35,1,4,,47,54.5,75,10,4,7,44.7,Two Year,None,Digital Wallet,0
33,7,139.58,982.18,8,64.6,1,1,27,,31.1,12,4,9,13,8.8,One Year,Fiber,Bank Transfer,1
49,66,162.61,,9,49.5,1,3,0,55,10.0,37,12,1,14,15.8,One Year,None,Credit Card,1
22,8,174.42,1573.36,7,31.84,5,3,8,26,40.8,90,7,10,5,36.4,One Year,Fiber,Digital Wallet,1
32,5,106.49,496.72,3,16.54,5,3,30,37,35.3,8,7,2,2,10.1,Monthly,DSL,Bank Transfer,1
95,70,120.17,8802.41,11,26.68,6,1,3,6,87.0,74,1,3,13,17.7,One Year,None,Credit Card,1
28,37,25.4,849.99,9,67.55,5,5,1,47,62.1,17,7,8,9,35.5,Two Year,DSL,Digital Wallet,0
,5,178.97,864.58,2,126.31,5,5,30,21,80.9,9,6,4,1,32.4,Two Year,None,Digital Wallet,0
52,60,62.32,3928.91,10,29.57,5,1,16,13,37.9,20,6,10,10,43.6,One Year,None,Credit Card,1
66,49,54.99,2425.2,0,71.05,3,3,17,6,50.5,15,7,3,14,43.4,Monthly,DSL,Digital Wallet,1
46,58,81.99,4687.4,,89.14,6,5,,,13.9,4,7,0,15,7.8,One Year,DSL,Digital Wallet,0
40,65,118.0,8609.14,3,102.1,1,2,13,1,35.3,62,15,1,10,43.6,Monthly,DSL,Digital Wallet,1
29,49,68.4,3603.62,7,10.09,4,3,18,54,38.5,33,11,1,12,37.3,One Year,Fiber,Digital Wallet,1
29,46,88.16,3812.58,12,44.93,7,5,17,10,88.5,41,4,6,11,42.2,Two Year,None,Credit Card,0
70,67,75.27,4444.32,1,122.93,3,4,15,58,24.0,29,11,1,6,23.0,One Year,None,,0
20,48,24.95,1166.6,8,1.88,5,5,6,33,66.7,8,7,4,7,16.2,Monthly,Fiber,Digital Wallet,0
45,7,56.02,406.92,11,111.96,3,,6,45,23.2,26,4,3,5,31.2,One Year,Fiber,Bank Transfer,0
46,,70.94,469.29,5,108.51,7,5,30,41,13.7,24,0,10,,40.2,One Year,None,Debit Card,0
,15,124.74,2010.0,6,116.05,6,5,29,41,35.2,59,8,7,7,36.2,Monthly,Fiber,Digital Wallet,1
61,72,71.85,,7,84.26,4,2,13,34,,24,3,9,3,8.9,Two Year,DSL,Credit Card,0
63,23,168.97,4121.47,2,76.81,6,1,27,49,89.9,50,5,5,4,34.3,One Year,None,,0
41,36,71.38,2398.7,8,92.13,3,5,28,34,80.1,30,2,4,13,0.2,Monthly,DSL,Digital Wallet,1
30,21,98.34,2022.45,3,49.29,3,5,0,20,88.6,74,12,,8,5.0,Two Year,None,Digital Wallet,0
23,,39.38,1055.13,5,9.42,4,2,27,35,37.9,,10,6,5,48.0,Monthly,DSL,Digital Wallet,1
61,68,150.96,11630.02,2,32.03,5,,27,24,49.9,22,9,6,8,46.6,Two Year,Fiber,Digital Wallet,1
43,26,55.27,1588.74,4,58.42,1,4,5,48,36.7,19,0,3,4,35.0,One Year,DSL,Credit Card,0
69,37,144.18,5602.71,4,85.86,6,1,13,52,89.9,,7,10,1,11.4,,Fiber,Credit Card,1
33,49,86.2,4838.02,2,78.86,3,3,9,5,27.5,0,10,7,10,,One Year,Fiber,Debit Card,0
40,10,141.03,1242.8,0,76.96,5,4,2,3,,53,1,10,13,3.0,One Year,,Bank Transfer,1
19,14,87.96,1272.99,5,30.29,7,5,3,59,74.4,48,4,4,5,3.6,Monthly,DSL,Digital Wallet,0
52,70,62.5,5013.86,3,127.33,2,1,13,23,6.9,22,8,2,15,10.6,Two Year,None,Debit Card,0
65,33,154.78,4363.01,1,120.14,6,1,21,30,68.5,78,11,0,3,12.2,Two Year,Fiber,Bank Transfer,1
65,4,153.69,602.54,1,38.26,3,,29,15,,15,15,1,5,22.8,One Year,DSL,Bank Transfer,0
22,22,107.88,2586.71,8,104.4,3,5,5,11,2.5,23,2,5,13,32.7,Monthly,None,Bank Transfer,1
46,51,105.34,4760.21,2,62.85,4,2,10,3,76.9,7,15,3,12,6.8,Two Year,None,Credit Card,1
56,38,54.37,1909.29,11,112.69,,1,23,49,16.8,32,12,2,13,48.7,Two Year,Fiber,Bank Transfer,1
66,30,94.5,2743.98,4,31.97,5,5,8,10,76.2,71,11,8,1,,Monthly,None,Digital Wallet,1
70,13,62.43,790.03,3,124.51,5,1,16,21,73.5,42,1,4,15,33.6,One Year,None,Credit Card,1
19,41,34.46,1254.02,3,70.26,2,1,1,40,6.6,32,,4,8,28.6,Monthly,None,Credit Card,0
48,16,94.93,1405.61,11,1.98,2,3,11,26,48.5,64,8,8,7,16.5,One Year,Fiber,Digital Wallet,1
35,49,81.8,4544.05,7,20.7,4,4,23,4,69.5,60,8,1,3,0.3,Monthly,None,Credit Card,1
51,27,97.68,2363.48,2,118.68,6,5,20,19,2.4,27,7,5,2,,Monthly,DSL,Bank Transfer,0
46,48,36.85,1990.62,6,84.32,5,1,6,,67.2,54,6,6,8,,One Year,DSL,,1
59,71,26.06,1760.51,7,58.13,,2,19,54,79.4,65,7,9,4,0.6,Two Year,DSL,Debit Card,1
26,51,21.89,1167.79,5,28.64,5,5,26,30,79.4,37,0,1,2,12.7,Two Year,DSL,Bank Transfer,0
39,35,135.04,4303.44,10,67.7,4,1,8,49,53.8,78,1,9,7,22.9,Monthly,None,Bank Transfer,1
68,50,,8375.21,7,141.9,2,5,12,7,70.6,4,6,10,5,1.1,One Year,Fiber,Digital Wallet,0
64,13,167.21,,11,3.52,7,1,22,44,45.7,40,13,,,13.9,Monthly,Fiber,Digital Wallet,1
28,14,163.14,2285.92,12,76.18,6,4,25,5,61.6,54,3,6,6,25.3,Monthly,Fiber,Digital Wallet,1
66,9,34.59,289.24,5,66.23,,4,14,60,82.3,18,12,5,13,23.9,,None,Credit Card,0
27,16,42.43,676.95,8,93.76,7,5,16,24,82.2,21,8,9,11,29.1,Two Year,DSL,Credit Card,0
36,13,133.64,1657.93,8,116.87,3,2,14,46,22.0,90,8,3,8,45.0,Monthly,Fiber,Bank Transfer,1
43,64,18.6,1305.24,6,112.83,7,3,8,36,64.5,12,8,4,1,0.2,Two Year,None,Bank Transfer,1
46,,82.7,3551.6,12,129.29,1,,23,28,29.5,5,14,9,8,7.9,One Year,None,Debit Card,1
53,65,124.18,7660.5,12,46.17,4,2,23,18,24.8,75,15,9,14,37.0,,DSL,Credit Card,1
59,62,128.79,8733.45,6,94.84,3,3,14,47,84.7,65,14,8,,48.9,Two Year,None,Debit Card,0
48,9,165.19,1638.13,5,28.53,5,2,11,42,64.8,7,13,7,8,6.0,One Year,Fiber,Digital Wallet,1
58,14,93.45,1476.44,11,3.49,1,2,11,25,86.0,7,1,4,2,10.0,Monthly,DSL,Digital Wallet,0
47,46,39.36,1960.7,0,65.95,2,4,18,46,66.7,,3,7,7,10.6,One Year,Fiber,Digital Wallet,0
66,38,44.44,1788.17,2,85.64,5,1,22,19,,70,3,7,15,36.0,One Year,DSL,Debit Card,0
28,57,20.72,1265.45,4,37.36,1,4,20,15,52.6,40,9,6,5,44.3,Monthly,DSL,Digital Wallet,1
36,50,148.14,8493.23,8,24.06,,1,21,14,40.4,2,12,1,6,35.5,Two Year,DSL,Credit Card,0
29,51,165.2,7761.86,0,105.38,7,4,7,6,78.1,19,1,6,7,22.0,One Year,DSL,Bank Transfer,0
,30,136.42,3698.19,2,94.27,6,1,22,56,38.2,72,8,3,6,11.2,Monthly,None,Digital Wallet,0
47,71,124.81,8504.46,,36.34,5,1,30,22,41.9,23,3,3,7,38.8,One Year,,Digital Wallet,1
39,48,37.01,1568.75,1,5.01,1,3,21,24,88.4,1,11,2,10,47.3,Monthly,None,Digital Wallet,0
69,35,62.73,1949.68,3,51.88,6,,18,54,76.9,89,13,10,3,46.6,One Year,None,Digital Wallet,0
43,32,66.75,1831.59,6,97.4,3,3,2,24,9.7,75,14,5,2,43.3,Monthly,DSL,Bank Transfer,1
31,9,152.79,1240.07,12,30.08,7,3,25,56,31.4,82,0,10,2,31.2,One Year,DSL,Debit Card,1
35,54,140.94,7374.93,10,56.82,3,2,30,45,72.8,55,10,3,3,40.6,Monthly,None,Bank Transfer,0
67,58,21.46,1310.59,1,147.04,1,1,8,34,62.8,21,14,1,10,27.9,One Year,Fiber,Bank Transfer,1
67,39,106.38,4477.79,10,109.25,6,1,25,,80.7,65,3,7,,46.3,Monthly,Fiber,Credit Card,1
19,,99.97,4584.72,,130.96,3,5,1,35,,2,6,3,5,35.6,Monthly,DSL,Credit Card,0
65,15,129.65,2174.14,5,56.81,6,2,10,42,47.6,84,13,9,10,1.9,Monthly,Fiber,Debit Card,0
24,53,130.77,7073.02,6,3.8,2,1,5,59,86.1,37,,7,14,21.1,One Year,Fiber,Credit Card,1
61,45,108.39,5410.11,6,116.71,1,4,26,52,25.5,65,8,50,15,34.5,One Year,None,Credit Card,0
42,1,157.23,140.66,3,34.0,6,3,23,28,34.5,,11,7,12,45.1,Monthly,DSL,Digital Wallet,1
50,13,49.83,606.09,9,93.73,7,1,9,16,83.6,72,12,4,11,5.0,One Year,DSL,Credit Card,1
27,42,46.35,2173.11,12,19.5,2,1,15,10,89.4,70,15,6,5,4.7,Monthly,DSL,Credit Card,1
60,47,149.43,7934.34,5,73.76,3,5,12,8,46.4,1,10,8,4,28.8,One Year,Fiber,Debit Card,0
58,36,153.67,5823.1,7,77.49,3,5,17,60,46.9,75,5,0,7,30.6,One Year,DSL,Debit Card,1
60,,148.69,9117.72,6,103.41,2,2,,35,22.8,22,15,5,4,45.3,Monthly,None,Debit Card,0
56,45,174.27,8159.24,7,125.34,7,1,5,58,86.6,17,,1,14,22.7,Monthly,None,Credit Card,0
54,38,74.87,3198.56,2,112.46,6,5,9,18,42.0,46,6,4,2,49.7,Two Year,DSL,Debit Card,0
19,28,45.74,1180.18,11,18.99,5,4,26,43,67.9,59,1,6,7,32.0,Two Year,DSL,Digital Wallet,0
58,18,138.94,2660.3,1,12.38,7,1,9,1,50.5,,8,3,12,23.4,Two Year,Fiber,Digital Wallet,1
23,70,88.75,6606.81,12,93.32,3,2,6,56,84.1,36,4,2,6,10.6,Monthly,None,Debit Card,1
26,,161.04,7551.94,7,115.61,4,4,8,24,41.2,43,1,2,2,32.9,Two Year,None,Bank Transfer,1
24,37,101.84,3691.18,0,34.48,4,2,16,15,53.3,50,15,8,14,25.3,One Year,Fiber,Credit Card,1
68,37,91.25,3781.62,10,103.95,5,5,7,24,60.4,76,9,7,13,23.7,One Year,None,Debit Card,0
29,,71.15,4302.32,10,8.66,3,3,13,6,77.0,85,15,9,5,20.6,One Year,None,Digital Wallet,1
68,9,100.77,978.14,8,118.22,2,4,23,59,8.9,28,10,9,12,14.5,Two Year,DSL,Debit Card,0
22,15,132.54,1889.88,7,26.35,6,3,30,41,6.5,79,8,7,4,24.7,Two Year,DSL,Debit Card,1
30,65,166.02,11061.34,5,44.16,5,5,28,32,61.7,72,2,7,9,31.4,Monthly,Fiber,Credit Card,1
63,,18.83,258.81,11,38.7,5,4,21,27,54.5,50,5,5,,16.1,One Year,None,Bank Transfer,1
55,6,108.24,629.48,1,95.05,7,1,21,33,2.7,33,11,8,12,24.2,Monthly,DSL,Debit Card,1
48,38,159.63,6467.56,9,143.81,4,3,22,43,13.3,38,6,0,6,5.7,Monthly,None,Digital Wallet,1
39,9,44.71,368.24,4,31.25,2,3,7,28,,86,14,10,,24.9,Monthly,DSL,Debit Card,1
67,43,102.79,4396.24,0,31.42,1,1,9,46,58.9,56,2,4,1,23.5,One Year,Fiber,Debit Card,0
19,53,29.08,1615.39,9,89.65,4,3,12,26,80.1,52,15,10,5,23.7,Two Year,Fiber,Digital Wallet,1
28,38,141.73,5172.87,6,75.32,,2,25,48,,19,11,3,7,100,Two Year,DSL,Debit Card,0
38,69,88.51,6539.45,,73.7,3,1,15,,68.8,7,15,2,9,34.4,Two Year,None,Bank Transfer,0
42,35,171.3,5842.97,10,144.79,1,2,21,25,9.8,78,6,10,7,33.5,Monthly,Fiber,Digital Wallet,1
46,43,,3235.29,3,87.22,7,1,18,21,7.6,,10,6,15,49.6,,Fiber,,1
,50,38.94,2195.58,,148.59,3,1,12,17,7.0,65,14,10,1,43.6,Two Year,Fiber,Credit Card,1
59,47,141.25,7419.46,3,131.11,6,4,23,41,89.4,80,7,9,7,,,DSL,Debit Card,0
56,41,110.82,4603.77,7,,6,1,10,24,28.2,75,1,7,,49.3,Two Year,None,Digital Wallet,0
56,13,68.73,,,146.11,4,1,1,43,13.2,31,6,1,4,49.0,One Year,None,Debit Card,1
34,54,18.25,856.7,6,113.8,7,5,9,5,33.7,61,2,2,12,30.4,Monthly,None,Bank Transfer,1
58,48,25.42,1253.26,12,62.34,1,4,13,43,88.9,46,10,8,10,7.8,Monthly,None,Bank Transfer,1
26,70,68.32,4768.41,0,130.51,4,2,0,51,60.7,18,5,9,15,11.1,Monthly,DSL,Debit Card,0
46,68,116.06,6954.19,11,134.12,3,5,20,27,28.4,20,13,8,11,15.5,Two Year,DSL,Bank Transfer,0
61,47,67.96,3150.86,2,134.58,2,1,24,1,250,15,,10,1,26.3,Monthly,None,Digital Wallet,1
65,40,150.11,6800.52,12,4.32,6,3,17,8,59.2,40,0,1,1,28.1,Two Year,None,Digital Wallet,1
49,34,56.85,,9,32.22,,5,,28,35.2,49,9,6,13,16.5,Monthly,Fiber,Bank Transfer,0
46,36,,4821.71,3,30.2,4,5,28,56,15.0,88,13,2,9,5.7,Monthly,DSL,Credit Card,1
,38,49.11,2082.32,7,37.11,3,1,10,11,12.1,37,0,5,15,31.7,One Year,DSL,Debit Card,1
19,62,157.61,10186.91,6,24.99,1,3,11,38,44.8,30,13,6,1,28.6,Two Year,DSL,Credit Card,0
23,57,138.98,7885.47,11,35.16,4,3,,40,40.8,67,11,8,8,40.3,Two Year,None,Bank Transfer,0
41,58,34.22,1754.47,10,92.01,3,3,8,51,65.6,49,2,6,,42.2,One Year,Fiber,Bank Transfer,0
48,62,,5411.58,10,24.09,2,2,16,18,47.3,56,11,6,15,40.7,Two Year,Fiber,Digital Wallet,1
49,69,,9798.38,11,28.52,5,1,20,50,4.5,7,10,9,,16.0,One Year,None,Credit Card,1
42,42,105.84,,5,109.54,1,5,7,18,28.7,23,9,6,3,43.0,Two Year,DSL,Credit Card,0
30,30,55.75,1864.84,0,116.33,7,4,10,16,19.8,24,11,9,8,15.7,Two Year,None,Credit Card,0
69,,98.12,2202.84,1,89.36,1,5,,36,45.0,80,10,10,8,25.2,Two Year,Fiber,Digital Wallet,0
47,55,55.85,3152.83,,68.62,,5,23,16,78.4,49,13,0,10,25.0,Two Year,DSL,Bank Transfer,0
18,8,128.21,961.78,5,99.43,4,,19,26,15.8,78,0,10,2,0.9,One Year,None,Debit Card,1
62,19,81.79,1389.77,8,24.17,3,4,7,2,31.3,38,2,5,7,25.0,Monthly,DSL,Digital Wallet,1
55,71,153.63,12403.97,12,66.62,3,3,17,6,65.1,75,14,10,1,49.1,Two Year,None,Bank Transfer,1
39,41,141.19,6119.94,12,0.83,2,4,10,40,57.1,18,13,8,4,43.5,One Year,Fiber,Digital Wallet,0
19,45,28.54,1164.81,0,61.61,4,4,5,5,70.6,68,3,5,7,27.4,Two Year,DSL,Credit Card,0
29,62,157.73,9839.97,5,34.05,5,5,24,10,11.8,,5,4,2,11.1,Monthly,DSL,Debit Card,1
45,25,108.45,2978.75,8,56.11,2,1,13,36,25.0,64,6,6,13,46.7,Two Year,Fiber,Digital Wallet,1
30,69,80.12,5256.24,6,7.37,4,4,15,24,89.6,44,11,7,13,12.2,,DSL,Credit Card,0
38,57,,5639.16,5,146.59,3,1,5,22,62.6,68,2,0,11,27.0,One Year,DSL,Digital Wallet,1
39,63,98.14,6657.79,12,71.16,2,1,16,2,15.5,14,0,4,2,18.5,One Year,None,Bank Transfer,1
25,52,77.53,,1,64.5,6,,2,22,57.9,80,12,6,2,11.5,One Year,Fiber,Bank Transfer,1
59,46,22.43,889.84,4,50.69,3,1,30,42,50.7,17,4,10,8,1.2,Two Year,None,Credit Card,0
42,40,115.15,4340.35,3,50.14,6,3,23,45,77.0,83,1,10,4,39.4,,Fiber,Debit Card,1
49,18,158.69,2688.81,5,115.8,6,1,15,3,48.1,28,7,5,2,39.1,One Year,,Debit Card,1
59,53,81.23,3979.44,9,5.77,1,1,8,23,20.6,90,0,4,12,48.6,Two Year,None,Digital Wallet,1
28,41,,1127.63,9,56.78,6,4,1,37,53.0,57,6,,8,41.2,Two Year,None,Credit Card,0
44,69,165.32,10047.29,0,34.86,6,5,9,25,55.0,86,5,8,2,18.2,Monthly,DSL,Bank Transfer,0
44,50,179.23,8611.17,3,17.2,7,3,7,27,,56,12,9,9,22.6,Monthly,Fiber,Bank Transfer,0
68,40,95.57,3666.67,8,9.46,,5,19,51,41.7,59,7,10,4,4.5,One Year,DSL,Credit Card,0
20,36,43.46,1770.06,1,40.13,,3,14,6,80.9,42,1,4,5,38.3,,,Digital Wallet,1
40,65,137.08,7957.08,12,62.41,5,3,23,24,24.6,84,3,3,15,36.5,One Year,None,Credit Card,1
50,,151.7,8510.7,9,28.81,5,2,14,16,54.3,41,5,4,15,8.7,One Year,None,Digital Wallet,1
69,63,61.42,4073.62,,65.77,7,3,0,51,17.0,88,3,3,6,9.6,Monthly,DSL,,0
23,72,47.58,,6,108.12,7,1,6,35,24.5,15,11,5,2,42.1,Two Year,None,Bank Transfer,0
26,47,142.5,7433.43,5,1.49,,5,16,41,7.4,35,5,0,,7.8,Monthly,Fiber,Digital Wallet,1
37,5,129.22,584.91,9,32.18,5,1,23,51,23.8,52,15,2,8,12.4,Monthly,DSL,Debit Card,1
64,55,87.43,4714.04,9,50.69,5,5,27,8,53.1,37,12,8,8,32.0,One Year,DSL,Debit Card,0
36,35,115.17,3660.77,1,30.59,4,3,20,57,45.6,51,13,8,5,35.5,Two Year,Fiber,Bank Transfer,1
59,55,163.1,9363.86,3,114.61,1,2,2,26,12.9,26,3,7,8,29.8,One Year,Fiber,Bank Transfer,1
31,71,127.3,8283.44,3,15.72,3,1,16,2,11.3,51,8,8,14,0.6,Monthly,DSL,Debit Card,1
25,29,97.62,3116.81,11,137.21,6,3,30,13,8.3,45,8,10,15,12.0,One Year,None,Credit Card,1
90,34,148.5,5594.68,9,120.62,1,4,24,28,3.1,53,5,3,12,19.0,Monthly,DSL,Digital Wallet,1
27,53,165.62,9180.82,12,21.96,7,4,17,41,55.3,18,10,1,11,39.1,Two Year,Fiber,Digital Wallet,0
,32,70.66,2570.08,2,10.23,5,3,,5,30.4,61,15,10,1,19.7,Two Year,None,Credit Card,1
57,62,121.02,6791.79,6,79.88,4,3,1,35,20.9,70,2,6,9,46.5,Two Year,Fiber,Credit Card,0
46,29,92.72,2443.63,8,103.04,4,1,,18,68.4,74,0,,10,0.5,Monthly,Fiber,Credit Card,1
68,51,44.22,2455.55,7,1.59,2,3,15,19,47.2,41,14,9,9,,Two Year,None,Debit Card,1
28,60,52.69,2798.35,5,140.92,2,5,25,53,20.2,17,14,10,11,8.7,One Year,DSL,Credit Card,0
55,32,105.86,3845.57,4,,3,3,7,42,9.5,68,12,4,6,30.0,One Year,None,Credit Card,1
70,23,136.51,2922.71,6,32.89,4,5,26,34,23.3,44,11,10,11,18.3,Monthly,DSL,Bank Transfer,1
52,64,74.54,4074.46,11,75.22,4,1,19,38,6.8,24,3,7,13,7.2,Two Year,Fiber,Debit Card,0
55,65,15.39,908.2,3,16.94,7,3,21,27,53.1,33,0,1,1,4.2,,Fiber,Credit Card,0
61,26,178.18,5214.45,5,28.25,7,4,5,12,73.2,49,,10,10,10.4,One Year,None,Bank Transfer,1
42,52,153.25,7315.66,1,57.18,3,1,28,36,85.9,24,3,0,2,23.8,Two Year,DSL,Credit Card,0
55,38,67.21,2876.73,4,7.41,7,1,19,43,58.0,46,0,8,2,29.9,Two Year,Fiber,Credit Card,0
66,43,83.16,3512.56,12,35.3,3,2,25,27,89.8,46,11,1,8,40.0,Monthly,,Debit Card,1
33,,39.76,144.05,8,117.62,4,4,3,4,36.9,41,13,0,3,14.7,Monthly,Fiber,Bank Transfer,0
46,57,62.45,3735.1,9,,4,1,15,22,18.9,16,15,10,10,46.5,One Year,None,Bank Transfer,1
25,41,101.94,4736.1,8,93.85,7,5,19,52,64.8,51,7,1,8,48.5,One Year,Fiber,Credit Card,1
28,34,34.14,1088.59,12,75.36,3,3,30,27,,9,6,7,2,46.2,One Year,None,Bank Transfer,1
18,53,81.38,4081.75,5,98.37,5,3,15,48,73.7,24,8,0,15,6.1,Monthly,DSL,Digital Wallet,0
23,60,19.77,1045.37,10,131.59,1,1,21,9,41.8,68,7,1,11,47.6,Two Year,None,Credit Card,1
19,32,174.19,5524.13,6,53.97,7,4,8,1,4.7,72,2,10,13,,Two Year,DSL,Bank Transfer,0
67,52,134.26,7420.53,,83.17,2,3,2,8,39.1,35,6,4,13,34.4,One Year,None,Credit Card,1
34,61,67.32,,6,141.42,2,3,29,49,48.5,16,7,0,11,21.3,One Year,Fiber,Credit Card,0
45,66,58.18,3327.04,8,121.1,5,3,,41,63.7,78,4,3,5,46.0,One Year,DSL,Bank Transfer,1
,64,62.29,3696.08,3,114.31,2,1,30,28,68.2,34,10,0,7,1.7,One Year,None,Bank Transfer,1
62,28,93.51,3010.56,10,16.08,2,3,20,28,67.4,30,3,10,1,47.3,Two Year,None,Credit Card,0
52,55,110.14,6392.99,5,68.2,4,1,3,36,72.5,67,7,0,5,5.3,Two Year,DSL,Bank Transfer,0
49,40,153.24,5652.31,4,,3,5,15,16,40.0,150,15,0,2,33.2,Two Year,,Debit Card,0
41,31,27.62,935.5,11,72.81,7,3,1,17,,72,6,7,1,4.1,Two Year,Fiber,Bank Transfer,0
53,58,59.33,2943.4,9,54.09,5,1,10,47,71.3,45,1,30,6,24.2,Two Year,Fiber,Credit Card,0
46,20,79.44,1591.34,6,141.98,6,5,,41,80.5,36,2,6,11,4.7,Two Year,DSL,Bank Transfer,1
62,49,44.29,2162.38,10,133.84,5,1,16,35,89.7,83,1,6,9,40.0,Monthly,Fiber,Debit Card,0
70,16,90.96,1491.41,9,21.36,5,2,24,53,79.5,26,7,,3,16.5,One Year,DSL,Debit Card,1
70,28,100.65,2686.34,12,133.84,1,4,5,45,42.5,14,8,1,4,14.0,Monthly,DSL,Digital Wallet,0
30,41,122.34,4613.45,7,129.51,2,1,21,58,29.2,19,0,9,5,9.3,One Year,None,Debit Card,0
34,15,75.99,1142.65,1,92.83,5,3,4,22,6.4,84,10,9,3,33.2,One Year,Fiber,Credit Card,0
54,47,74.22,3852.93,10,82.34,4,5,25,,55.4,50,9,10,13,9.1,Monthly,DSL,Bank Transfer,1
32,67,134.07,7903.54,10,117.84,1,2,18,10,9.5,41,3,1,11,44.4,Monthly,Fiber,Debit Card,1
19,61,69.15,4057.38,12,101.62,2,3,12,,26.5,,9,1,3,,Two Year,Fiber,Debit Card,1
28,5,107.02,580.91,8,113.02,6,4,1,50,68.6,73,9,3,10,,Monthly,Fiber,Digital Wallet,1
51,46,107.71,4864.89,8,31.16,5,2,3,15,85.6,14,13,,3,7.0,Two Year,Fiber,Credit Card,0
69,27,88.65,2301.91,9,35.17,4,5,9,18,,69,7,8,,9.9,Two Year,DSL,Digital Wallet,0
69,30,104.72,2760.57,12,31.73,1,3,,,36.8,39,11,5,5,1.6,One Year,Fiber,Credit Card,1
32,46,68.12,3550.27,8,19.96,2,3,17,47,10.9,15,0,10,9,40.6,Two Year,None,Debit Card,0
38,8,147.99,1054.74,8,42.41,4,5,17,49,16.6,43,15,5,4,23.2,One Year,DSL,Bank Transfer,1
69,31,,1351.66,12,2.91,4,4,21,58,45.4,82,12,3,13,45.3,Monthly,Fiber,Credit Card,0
62,12,179.82,2474.53,9,50.19,6,2,0,39,23.6,26,3,3,5,34.3,Monthly,DSL,Digital Wallet,0
47,2,142.7,260.99,9,94.84,2,1,13,7,73.3,74,4,0,15,0.7,,None,Debit Card,1
27,13,79.54,1135.81,7,146.08,3,2,9,28,51.2,61,7,2,6,44.0,One Year,Fiber,Digital Wallet,0
26,4,70.32,314.28,,121.16,4,5,20,8,,57,5,0,10,17.3,Two Year,None,Credit Card,0
38,42,16.84,808.81,1,85.47,7,4,17,56,72.5,33,8,5,7,16.3,Two Year,DSL,Credit Card,0
46,34,63.58,1957.73,5,39.41,6,3,28,6,87.7,47,10,6,8,39.9,One Year,Fiber,Debit Card,1
64,51,121.59,6757.13,9,110.58,6,2,,60,88.3,9,7,4,14,31.4,One Year,Fiber,Bank Transfer,0
52,,78.95,,9,11.29,3,,30,28,33.6,66,8,,1,0.7,One Year,Fiber,Credit Card,1
44,33,,4738.29,7,58.06,7,2,9,47,87.2,56,11,2,6,20.3,One Year,None,Debit Card,0
43,55,,2011.31,0,12.93,2,5,1,45,43.4,42,2,1,9,5.6,Two Year,Fiber,Digital Wallet,0
61,48,24.88,1256.95,5,85.14,5,1,9,16,11.6,2,14,1,13,24.9,Monthly,None,Digital Wallet,0
48,62,156.36,11063.07,10,58.4,2,1,20,3,62.8,29,,3,,29.2,One Year,DSL,Credit Card,1
37,49,31.44,1545.13,4,42.07,5,4,9,24,69.0,82,5,4,11,15.4,Two Year,None,Debit Card,0
67,9,158.02,1574.14,12,36.69,4,2,8,48,62.1,35,15,9,14,35.5,Two Year,DSL,Bank Transfer,0
,35,166.05,5461.89,8,136.47,5,3,0,57,2.4,84,9,6,6,42.5,Two Year,DSL,Digital Wallet,1
68,20,121.32,2272.95,,126.53,5,4,17,2,58.7,61,7,7,7,33.3,Two Year,DSL,Digital Wallet,1
54,61,167.66,10082.33,0,48.58,3,2,11,8,51.5,68,14,1,7,6.3,Two Year,None,Digital Wallet,1
45,59,86.37,5392.71,6,113.16,6,5,2,38,12.6,24,11,2,7,41.9,Monthly,DSL,Debit Card,0
45,64,154.5,10916.84,8,119.14,4,4,10,37,12.3,80,11,10,7,36.7,Monthly,None,Digital Wallet,1
60,39,156.19,6612.4,7,144.91,7,1,8,3,33.3,57,14,0,3,48.5,Two Year,Fiber,Credit Card,1
36,33,116.92,3321.02,12,93.33,5,5,10,30,73.5,16,11,6,11,10.8,One Year,DSL,Bank Transfer,0
64,44,,6080.42,6,141.36,7,4,6,16,74.9,88,8,2,1,35.4,One Year,Fiber,Bank Transfer,0
67,2,128.16,230.22,11,70.79,5,2,15,25,52.3,86,15,0,12,27.8,One Year,Fiber,Digital Wallet,1
19,31,82.61,2502.27,9,81.28,7,2,24,30,40.3,39,8,8,3,32.1,Two Year,DSL,Debit Card,1
20,8,173.48,1430.79,6,120.39,4,3,7,31,45.6,59,8,2,5,24.5,One Year,DSL,Credit Card,1
42,25,170.9,4180.63,5,3.75,7,4,25,12,32.2,22,11,0,2,19.4,Monthly,DSL,Digital Wallet,0
51,8,94.26,756.26,3,8.49,6,1,0,34,7.6,27,9,9,1,7.1,One Year,DSL,Debit Card,1
45,23,140.05,3007.31,4,15.1,1,1,22,25,61.2,81,11,9,10,5.9,Two Year,None,Debit Card,1
37,54,163.68,7617.46,1,148.64,5,2,17,30,89.4,12,8,6,15,17.9,One Year,Fiber,Credit Card,0
,25,151.36,3855.38,,147.22,3,5,30,25,88.6,87,13,10,10,12.7,Monthly,None,Bank Transfer,0
53,27,133.97,3462.28,10,112.0,3,2,16,33,28.4,31,15,7,4,15.3,Two Year,None,Bank Transfer,1
33,2,149.69,320.13,7,71.5,2,1,14,37,20.0,9,12,2,6,2.3,One Year,DSL,Debit Card,1
46,19,60.86,1274.95,10,46.13,7,5,7,45,43.0,50,,7,10,44.3,Two Year,None,Bank Transfer,0
23,22,156.08,3915.37,7,25.28,4,4,8,32,71.4,49,2,,5,0.9,One Year,None,Debit Card,0
57,49,66.73,3598.24,4,15.5,3,4,7,5,60.6,6,4,0,5,1.0,Monthly,,Credit Card,0
24,9,37.22,362.68,4,37.78,6,2,14,4,89.0,23,13,5,8,26.5,Monthly,DSL,Digital Wallet,1
40,41,19.94,837.76,5,31.75,1,1,0,57,,41,9,5,7,22.1,Monthly,Fiber,Debit Card,1
62,6,134.44,858.87,10,104.11,3,5,6,6,81.7,57,11,6,1,40.1,Monthly,Fiber,Debit Card,0
63,57,50.16,2613.01,9,72.42,6,1,,,79.9,0,3,10,15,47.2,Two Year,Fiber,Digital Wallet,1
70,71,116.74,7438.29,2,142.42,6,3,0,,38.6,26,12,,5,42.3,Two Year,DSL,Digital Wallet,1
59,41,156.1,7313.75,4,37.81,5,1,26,18,74.9,10,2,8,12,42.7,,DSL,Bank Transfer,1
38,32,167.25,5685.53,,141.59,5,4,1,54,,61,12,9,13,9.5,Two Year,DSL,Digital Wallet,0
56,56,83.83,5183.66,4,136.96,7,3,12,10,29.9,44,0,,3,9.0,One Year,DSL,Credit Card,1
34,65,83.48,4790.73,,114.13,3,3,28,7,67.0,20,15,7,,39.7,One Year,None,Credit Card,1
41,72,18.48,,7,100.84,7,3,11,59,45.1,71,5,6,8,36.9,One Year,DSL,Credit Card,1
64,38,30.08,1074.11,,112.12,5,,24,10,67.9,63,0,8,9,3.0,One Year,Fiber,Credit Card,1
25,30,87.31,,6,146.93,2,4,16,17,79.2,56,1,4,3,12.7,One Year,,Credit Card,0
18,57,176.02,10513.12,1,66.15,1,1,13,35,8.8,33,7,6,6,28.8,,None,Debit Card,1
59,60,79.59,5115.22,10,7.58,3,1,,30,70.9,41,1,0,13,150,Monthly,Fiber,Digital Wallet,1
25,69,160.3,9419.66,7,136.93,5,3,5,33,27.0,47,11,7,7,5.1,Two Year,DSL,Digital Wallet,1
20,56,85.6,4263.27,1,90.81,2,2,17,49,22.5,75,3,4,4,0.5,Two Year,None,Debit Card,1
28,58,172.09,10715.8,,73.05,2,2,13,54,42.8,35,1,8,11,28.8,Monthly,None,Credit Card,1
55,35,148.34,5484.84,10,131.8,4,5,23,55,48.9,69,0,1,3,33.6,Monthly,DSL,Digital Wallet,0
21,69,50.67,3072.53,0,129.02,5,1,4,23,45.2,84,1,,14,20.2,Two Year,Fiber,Credit Card,0
43,31,90.52,2575.87,5,139.1,5,,28,57,56.8,40,3,6,8,45.0,Monthly,DSL,Digital Wallet,1
54,52,159.53,9460.94,8,129.02,7,2,12,55,,16,11,,14,18.8,One Year,Fiber,Debit Card,0
57,19,44.34,936.75,5,7.38,5,1,12,40,,78,14,8,13,46.6,Monthly,None,Digital Wallet,0
70,69,165.94,11917.01,4,133.86,7,1,1,41,2.4,49,10,8,5,25.8,Monthly,None,Debit Card,0
66,1,750,52.68,11,121.88,,4,0,46,49.0,89,15,0,7,13.8,Two Year,Fiber,Digital Wallet,0
68,1,61.96,61.36,9,800,6,3,23,36,74.3,7,8,7,1,6.3,Two Year,None,Credit Card,1
47,55,58.38,2838.68,,1.16,7,1,10,59,57.5,6,3,9,9,46.4,One Year,DSL,Bank Transfer,0
31,70,98.81,5879.69,4,27.4,3,1,12,11,46.9,64,10,0,8,8.2,One Year,Fiber,Debit Card,1
62,18,173.74,2996.66,5,126.41,1,1,6,22,15.8,59,2,1,13,21.9,Two Year,DSL,Bank Transfer,1
41,16,49.36,876.35,11,103.9,5,3,2,33,4.2,11,9,1,3,1.1,Two Year,Fiber,Digital Wallet,0
20,36,136.27,4719.82,5,64.46,5,2,6,52,69.9,60,13,9,3,39.2,One Year,None,Bank Transfer,1
50,60,153.17,8371.53,9,140.38,6,3,5,55,19.9,6,12,0,6,20.6,One Year,Fiber,Digital Wallet,1
37,16,48.59,708.68,4,92.54,2,3,17,53,8.1,28,13,6,10,14.4,Monthly,DSL,Bank Transfer,1
45,45,126.87,5186.69,10,46.28,6,3,22,39,,35,11,6,9,38.0,One Year,Fiber,Bank Transfer,0
36,49,130.7,6961.04,1,,5,5,18,31,250,29,7,10,13,2.3,Monthly,Fiber,Bank Transfer,1
70,27,54.71,1353.98,8,79.01,7,2,3,43,52.2,0,4,5,1,30.5,Two Year,None,Debit Card,0
34,1,19.0,,12,125.34,4,4,13,,28.7,5,15,10,3,19.4,Two Year,Fiber,Digital Wallet,0
64,65,114.99,8488.69,3,62.29,1,3,6,32,,7,4,3,4,44.1,Monthly,None,Digital Wallet,1
56,70,43.0,2977.62,0,94.82,4,3,3,34,62.9,50,4,1,1,28.2,Two Year,None,Digital Wallet,0
43,59,102.02,6895.32,,76.07,6,1,,28,49.9,73,,0,1,18.9,One Year,None,Credit Card,0
28,63,112.02,6658.34,2,55.74,5,3,12,21,,2,13,8,,3.8,One Year,None,Debit Card,1
36,13,124.86,1676.57,7,149.01,4,1,6,8,5.6,7,6,4,9,36.2,Two Year,None,Bank Transfer,0
34,33,164.87,6234.09,8,86.24,7,3,28,35,23.7,32,13,5,9,18.9,Two Year,DSL,Debit Card,1
29,13,50.73,693.12,8,103.32,4,4,23,,38.5,7,10,10,10,44.2,,None,Bank Transfer,1
19,68,97.29,6726.43,11,32.14,5,2,29,42,70.3,90,100,7,2,6.3,Two Year,None,Digital Wallet,1
23,43,144.78,5889.42,8,142.59,1,2,20,47,40.7,9,9,2,2,42.0,Two Year,DSL,Digital Wallet,0
35,62,113.04,6536.55,11,38.18,2,1,15,35,16.0,28,1,5,11,43.2,One Year,DSL,Digital Wallet,1
51,40,151.11,6808.87,7,78.37,6,4,8,58,3.2,14,10,7,8,14.7,One Year,Fiber,Credit Card,0
62,63,99.31,5912.32,6,51.77,2,3,28,22,60.4,38,4,4,6,28.1,One Year,DSL,Digital Wallet,1
,8,179.01,1286.87,11,63.29,5,3,1,28,60.6,12,10,4,2,11.4,Monthly,DSL,Debit Card,0
60,69,101.73,8049.16,9,20.68,2,,21,49,55.3,49,4,2,6,32.3,One Year,DSL,Digital Wallet,1
44,56,177.19,8614.03,5,60.52,4,3,20,36,6.6,39,6,7,11,46.3,Two Year,DSL,Debit Card,1
48,30,118.44,3024.56,6,5.2,6,1,4,53,39.7,36,12,10,14,1.8,One Year,Fiber,Bank Transfer,1
20,11,16.05,,6,59.14,7,5,27,21,29.2,39,7,0,1,4.8,Two Year,DSL,Digital Wallet,1
,63,134.98,9427.75,10,103.79,,1,29,42,,16,10,10,11,27.5,Two Year,DSL,Debit Card,1
67,26,41.04,1038.76,6,56.34,7,4,18,57,11.3,57,1,10,9,33.9,One Year,Fiber,Credit Card,0
23,,125.38,3250.32,10,22.45,1,1,13,18,17.5,58,13,4,4,15.5,Two Year,None,Bank Transfer,1
44,44,38.12,1642.59,10,137.22,1,3,6,19,45.9,62,8,1,2,49.8,Monthly,Fiber,Bank Transfer,0
40,25,133.31,3814.97,8,80.85,4,3,11,39,58.3,71,15,5,10,46.6,Monthly,Fiber,Bank Transfer,1
61,45,160.46,6492.1,12,144.68,6,2,24,15,6.4,12,12,4,12,11.5,Two Year,Fiber,,0
49,59,131.31,7270.63,12,43.45,2,2,,45,29.2,86,14,8,7,47.4,One Year,None,Bank Transfer,1
21,38,179.52,7636.37,7,19.86,6,4,23,18,82.4,61,4,8,4,33.1,,Fiber,Credit Card,1
58,10,18.59,191.28,7,84.08,3,2,19,33,,72,7,1,7,31.8,,Fiber,Debit Card,1
45,46,98.48,5155.78,7,145.46,1,2,9,34,54.1,0,10,10,6,23.5,Two Year,None,,0
51,34,52.72,1888.49,5,133.89,3,,20,10,89.5,28,9,3,15,13.3,Monthly,None,Digital Wallet,0
50,3,83.38,261.57,1,141.03,2,5,10,40,59.1,30,10,7,9,37.5,Two Year,,Bank Transfer,0
65,61,49.53,3194.42,1,23.83,2,1,,7,71.9,23,12,4,11,7.6,Two Year,None,Credit Card,1
34,64,175.82,11270.1,3,115.2,6,4,1,32,7.1,3,14,0,10,18.6,Two Year,None,Credit Card,0
26,50,125.34,5675.71,6,27.31,3,2,,28,31.5,19,0,7,10,26.3,One Year,None,Digital Wallet,1
50,31,87.75,3066.76,7,74.45,3,2,22,42,18.8,75,13,,7,28.3,Monthly,None,Bank Transfer,1
35,14,157.95,2414.63,8,101.21,5,3,14,46,80.3,19,5,6,13,7.3,Two Year,Fiber,Credit Card,0
40,14,67.09,1002.24,5,25.31,3,4,27,52,49.8,63,3,5,11,16.6,Monthly,Fiber,Debit Card,1
59,58,109.73,6887.61,1,119.05,2,3,26,32,31.0,49,2,9,14,21.2,Monthly,DSL,Digital Wallet,1
21,19,33.57,546.06,0,117.99,2,4,16,28,29.1,78,11,8,11,45.8,One Year,Fiber,Credit Card,1
58,17,170.48,2661.07,10,,6,4,6,7,56.0,0,10,3,15,24.8,One Year,None,Debit Card,1
53,60,119.56,8049.2,10,25.58,7,4,9,,76.1,49,5,,7,45.5,Two Year,None,Digital Wallet,0
23,10,138.23,1319.23,10,39.39,7,2,17,32,13.8,84,0,7,6,22.3,Monthly,None,Credit Card,1
59,39,56.43,2272.54,12,117.56,1,5,22,37,35.1,34,10,10,10,48.6,Two Year,DSL,Debit Card,0
60,26,106.22,2352.72,9,142.2,6,2,24,32,41.3,85,2,5,8,42.7,Monthly,None,Digital Wallet,1
18,57,24.7,1481.35,8,23.83,1,1,25,2,,11,13,7,3,49.9,One Year,DSL,Credit Card,1
65,48,83.35,4542.43,1,93.08,7,4,23,30,62.4,1,2,5,1,35.8,Monthly,DSL,Credit Card,0
18,24,79.71,,7,57.08,3,4,11,27,76.3,50,11,,15,9.6,Monthly,None,Digital Wallet,1
37,11,141.14,1476.88,6,78.19,,1,25,49,72.6,19,7,3,1,30.6,,DSL,Debit Card,1
62,63,120.02,8386.53,1,125.74,7,3,7,55,75.7,59,7,0,6,10.2,One Year,Fiber,Credit Card,0
63,68,26.6,2020.95,6,22.77,2,1,29,37,72.7,48,3,5,14,2.8,Monthly,Fiber,Digital Wallet,1
43,7,51.34,396.83,7,9.12,5,1,8,8,12.5,84,15,7,10,21.5,Monthly,Fiber,,1
20,50,126.06,6396.61,4,92.58,7,1,27,10,15.2,65,7,0,9,33.5,One Year,None,Bank Transfer,1
90,70,98.89,6932.15,4,116.76,4,3,19,26,88.8,50,13,2,8,49.3,Two Year,Fiber,Debit Card,1
67,5,500,535.38,5,38.97,7,3,18,23,3.4,24,6,6,8,,Two Year,None,Credit Card,1
38,49,88.6,4643.4,1,41.91,5,2,29,35,18.1,37,12,4,10,32.1,Monthly,None,Debit Card,1
44,42,24.23,950.05,10,25.57,7,2,21,7,34.9,72,13,10,4,23.5,Two Year,Fiber,Debit Card,1
59,9,75.16,679.01,1,106.52,4,5,,2,,56,1,4,7,36.7,One Year,None,Bank Transfer,1
40,70,25.71,1582.79,12,33.8,3,2,15,36,,11,2,9,11,8.0,Two Year,None,Credit Card,1
50,55,172.94,8227.56,6,124.12,5,1,28,,27.7,10,13,10,7,43.6,One Year,Fiber,Credit Card,1
47,20,152.82,2853.12,0,61.68,7,4,1,36,87.3,43,11,8,3,14.0,Two Year,Fiber,Bank Transfer,0
48,63,132.43,8566.87,11,48.68,4,2,9,1,,7,6,1,6,3.2,Two Year,DSL,Credit Card,1
55,72,115.46,7510.26,2,103.1,5,3,20,60,43.2,33,3,9,5,,One Year,None,,1
41,10,113.85,980.67,0,20.87,7,4,7,14,25.1,79,4,2,8,46.0,One Year,None,Digital Wallet,1
38,40,,5588.85,8,26.26,5,3,,24,25.2,88,8,4,9,39.4,Monthly,,Credit Card,1
38,44,93.75,4251.25,12,15.4,3,1,6,40,50.0,46,11,3,3,45.3,Monthly,DSL,Bank Transfer,1
66,28,115.62,2987.0,7,48.28,2,3,4,44,88.3,28,4,4,4,12.6,Monthly,Fiber,Debit Card,0
69,62,145.61,10072.83,5,141.5,2,5,0,32,19.4,28,11,50,1,21.0,One Year,None,Bank Transfer,0
64,67,22.31,1671.12,12,78.02,5,3,1,31,77.5,69,5,8,7,9.4,Two Year,DSL,Digital Wallet,0
54,25,158.1,4247.93,0,115.04,7,2,20,41,33.8,64,14,3,7,1.0,Monthly,DSL,Bank Transfer,1
70,18,83.98,1627.61,11,,4,4,11,55,3.8,10,,3,,6.8,One Year,None,Credit Card,0
31,39,141.55,6066.03,4,140.61,4,4,29,22,68.6,89,13,3,12,24.4,Monthly,DSL,Digital Wallet,1
19,43,55.95,2178.0,,82.84,1,2,22,10,59.6,28,12,5,8,34.4,One Year,Fiber,Digital Wallet,1
42,35,148.06,4921.19,2,94.13,4,2,30,11,15.5,,6,4,13,20.4,One Year,None,Bank Transfer,1
,50,35.13,1765.88,7,11.74,6,4,1,59,66.1,72,6,9,,13.1,Monthly,,Digital Wallet,0
51,26,100.59,2342.27,2,11.06,2,5,16,47,35.2,39,5,7,9,18.7,One Year,Fiber,Credit Card,1
59,25,119.61,2864.92,9,50.29,6,4,29,12,29.8,4,,9,5,3.7,Monthly,DSL,Debit Card,0
52,1,126.76,143.62,8,114.07,5,4,24,2,48.2,11,0,7,2,,Two Year,Fiber,Debit Card,0
19,32,143.69,4479.44,0,76.39,3,,21,33,27.2,34,6,7,3,39.0,Monthly,Fiber,Digital Wallet,0
63,64,178.94,12667.27,3,129.67,7,2,24,5,64.9,9,1,4,4,25.6,One Year,None,Debit Card,1
55,61,109.05,6628.53,12,56.68,6,3,5,8,50.9,71,1,1,13,26.3,Two Year,DSL,Bank Transfer,0
56,12,132.71,1684.49,3,16.17,2,4,11,40,62.9,39,12,,4,2.9,,Fiber,,1
49,68,33.7,2488.6,0,46.61,6,2,,9,45.5,40,2,1,9,15.9,,Fiber,Digital Wallet,1
34,15,77.87,1038.5,,25.54,4,,17,57,51.8,1,11,3,2,46.7,Monthly,Fiber,Digital Wallet,0
29,42,25.63,1043.18,10,25.9,2,5,20,2,8.6,84,14,0,3,1.5,Two Year,None,Credit Card,0
37,1,27.33,30.74,4,58.53,4,1,27,46,22.8,51,1,7,8,7.1,One Year,Fiber,Credit Card,0
36,47,23.01,1150.58,8,1.58,6,2,22,44,80.1,44,7,3,4,18.1,Monthly,DSL,Debit Card,1
38,9,20.89,207.36,9,41.18,1,4,7,3,79.3,46,2,5,2,10.3,Two Year,Fiber,Credit Card,0
46,26,24.09,694.89,9,125.32,7,2,9,1,44.0,11,,5,10,31.6,One Year,DSL,Bank Transfer,1
54,7,51.68,349.16,10,147.05,3,4,8,13,21.5,12,10,8,1,35.1,Monthly,None,Bank Transfer,1
27,49,95.54,4040.75,11,46.86,5,2,20,8,25.6,46,0,0,4,28.9,Two Year,DSL,,1
61,,79.1,3224.82,10,24.62,1,5,3,49,58.8,76,0,2,4,,Monthly,DSL,Bank Transfer,1
51,71,168.67,10204.26,11,2.87,5,1,27,32,69.4,4,14,5,2,46.0,Two Year,None,Debit Card,1
47,61,,7958.15,4,60.49,4,2,21,10,61.3,65,9,3,12,30.2,One Year,DSL,Digital Wallet,1
65,72,152.22,,12,143.54,1,2,28,1,,71,15,1,15,1.5,Monthly,DSL,,1
49,49,139.09,,4,117.89,6,4,3,44,81.8,56,9,5,4,3.2,One Year,DSL,Bank Transfer,0
53,7,23.21,168.72,0,147.02,6,5,11,20,43.4,40,13,4,3,40.6,Two Year,Fiber,Bank Transfer,1
58,12,21.27,276.93,0,85.04,2,,10,4,58.8,14,8,6,11,14.9,Monthly,Fiber,Debit Card,1
46,38,33.54,1106.0,6,2.41,2,3,5,22,30.4,25,,3,5,37.2,One Year,DSL,Debit Card,0
52,4,164.73,628.56,1,74.02,3,1,3,25,23.8,57,1,5,13,27.5,Two Year,Fiber,Credit Card,1
57,27,49.86,1486.69,11,61.21,6,1,0,49,82.7,69,5,9,7,32.6,One Year,DSL,Credit Card,1
21,49,62.01,2835.92,6,125.59,4,4,8,30,50.8,45,12,2,6,44.9,,DSL,Bank Transfer,1
61,10,122.05,1403.11,4,37.55,7,5,18,37,15.7,59,0,9,10,44.2,Two Year,DSL,Credit Card,1
51,45,118.73,5767.14,1,38.01,5,,10,44,31.4,1,7,2,15,33.6,Two Year,None,Digital Wallet,0
54,16,103.56,1887.87,9,118.85,5,1,24,,18.3,26,1,5,4,0.8,One Year,DSL,Debit Card,0
64,70,52.12,3159.24,8,135.24,3,1,3,48,39.9,200,14,6,10,7.1,Two Year,Fiber,Credit Card,0
39,2,154.36,344.02,9,69.0,5,3,15,19,87.5,39,11,4,1,42.5,Two Year,Fiber,Bank Transfer,1
47,56,92.69,5272.09,4,37.23,7,3,23,52,34.8,63,13,9,6,30.0,One Year,None,Debit Card,1
29,53,,2956.6,3,25.53,3,2,15,49,5.8,86,2,9,11,49.4,One Year,DSL,Digital Wallet,0
61,14,167.45,2179.42,10,35.42,2,1,28,29,37.0,83,7,2,10,39.0,One Year,,Credit Card,1
65,56,20.51,1098.33,11,94.28,5,1,15,51,2.7,87,8,2,14,11.9,Two Year,Fiber,Digital Wallet,1
60,28,,2582.84,1,33.07,1,5,8,13,27.3,24,11,10,8,35.8,One Year,None,Debit Card,0
22,14,137.17,1797.64,6,138.82,2,1,14,14,24.5,68,15,3,12,17.2,Monthly,DSL,Bank Transfer,0
68,54,158.69,,3,,1,4,16,35,30.8,22,12,6,4,23.7,Two Year,Fiber,Credit Card,0
59,,161.52,10070.37,8,29.55,1,,17,43,34.2,64,3,6,6,45.1,Monthly,None,Credit Card,0
68,34,163.02,5556.41,9,6.14,6,2,9,19,85.4,23,5,6,2,23.4,One Year,None,Digital Wallet,1
69,70,90.49,6836.17,6,125.26,1,,18,13,,66,2,3,8,,Monthly,None,Debit Card,0
18,40,70.99,2967.33,0,116.55,6,5,25,48,22.2,72,3,10,2,20.1,One Year,DSL,Bank Transfer,0
64,62,47.6,3119.81,6,83.47,1,2,,15,83.5,60,4,2,11,24.4,Two Year,None,Credit Card,0
41,45,163.18,7693.72,2,55.07,5,5,7,3,84.1,11,6,6,8,3.2,Monthly,None,Debit Card,1
37,,165.79,1644.75,8,68.53,1,2,16,32,29.3,1,15,2,7,45.7,Two Year,DSL,Credit Card,1
62,4,,196.14,7,80.79,2,5,16,43,23.4,78,7,9,11,27.0,Two Year,None,Debit Card,0
21,72,162.31,13318.46,12,27.98,4,5,3,18,39.5,44,7,9,6,12.3,One Year,None,Debit Card,1
67,23,22.05,456.55,4,122.23,4,1,27,44,9.5,55,5,,1,40.9,One Year,DSL,Credit Card,1
54,36,78.64,2438.15,,41.9,1,2,17,57,89.6,32,9,7,2,49.6,Monthly,Fiber,Debit Card,1
26,37,,3678.16,5,60.7,2,4,17,42,87.8,54,2,7,15,11.1,Monthly,DSL,Digital Wallet,0
19,54,175.75,8602.86,10,103.14,6,1,22,16,37.9,72,1,6,6,38.6,One Year,Fiber,Digital Wallet,1
34,29,173.08,4891.64,11,36.93,2,4,23,54,75.3,53,2,8,5,17.7,One Year,DSL,Digital Wallet,1
49,68,74.76,4531.74,9,41.85,3,5,7,27,8.5,87,6,7,5,15.6,Two Year,,Debit Card,0
42,5,61.54,286.35,5,,3,4,,41,7.5,15,15,8,3,30.9,Two Year,None,Credit Card,0
66,14,134.34,2141.73,7,108.25,2,2,18,19,2.2,65,0,4,4,24.5,Monthly,None,Debit Card,1
70,71,169.74,12096.76,6,48.16,7,1,0,34,38.4,13,14,0,14,24.8,Two Year,None,Debit Card,0
31,11,53.76,613.09,0,25.39,4,3,18,19,18.0,,2,6,6,22.4,One Year,DSL,Digital Wallet,0
42,28,119.71,3407.43,0,102.98,6,4,21,48,,43,12,0,14,44.5,One Year,DSL,Debit Card,0
58,37,34.11,1289.42,0,116.93,6,4,29,25,74.9,,2,10,6,9.7,Monthly,DSL,Digital Wallet,0
69,22,63.39,1475.59,6,90.32,,5,2,33,9.4,27,7,6,14,31.0,One Year,DSL,Digital Wallet,0
68,,58.37,2978.2,6,83.71,3,2,13,2,34.8,30,5,10,5,30.4,Two Year,DSL,Digital Wallet,1
21,70,131.19,10161.17,11,122.02,1,5,14,49,30.2,71,1,4,2,14.5,Monthly,Fiber,Digital Wallet,0
37,68,88.41,5711.85,2,120.4,4,1,29,37,79.4,57,1,2,3,32.7,Two Year,Fiber,Credit Card,0
62,38,63.56,2736.82,1,103.13,1,2,8,55,,42,14,9,10,29.8,,DSL,Debit Card,1
42,72,95.04,7743.14,0,57.55,2,4,11,29,78.0,25,14,1,11,34.1,Monthly,Fiber,Bank Transfer,1
43,63,90.15,6453.66,7,91.13,7,5,21,45,58.7,,4,4,14,30.1,One Year,Fiber,,1
44,61,66.75,4413.12,9,147.28,7,2,0,54,55.2,42,,10,1,46.1,Two Year,None,Bank Transfer,0
31,72,167.75,12180.62,6,126.15,4,4,18,18,86.1,30,12,6,8,,Two Year,None,Digital Wallet,0
56,51,,4974.38,12,72.1,4,2,18,59,8.9,38,3,8,12,,Two Year,Fiber,Bank Transfer,0
61,37,145.34,4991.06,4,28.35,,4,4,24,28.4,43,4,7,9,20.6,Monthly,None,Bank Transfer,1
70,21,105.69,2071.18,0,68.73,1,5,7,40,12.9,32,12,0,4,22.4,Monthly,None,Credit Card,1
44,67,171.69,11880.46,1,101.56,1,5,20,42,34.7,63,15,7,1,44.5,One Year,DSL,Credit Card,1
54,28,,4421.41,2,147.78,4,4,26,,83.9,61,9,10,13,19.7,,Fiber,,0
22,67,81.54,5309.66,11,66.23,7,5,13,5,37.5,29,7,8,7,10.4,Two Year,Fiber,Debit Card,1
30,19,137.8,2547.57,4,102.88,5,5,13,20,4.4,32,12,6,6,40.5,One Year,None,Digital Wallet,1
67,41,52.12,2006.75,12,37.64,3,5,20,22,27.3,16,3,10,8,19.0,Monthly,None,Credit Card,0
62,23,157.57,3749.95,4,137.72,2,5,0,59,4.1,86,5,0,6,12.3,One Year,DSL,Credit Card,0
40,52,101.57,5470.18,9,6.39,1,5,5,57,21.2,,10,2,13,,,Fiber,Bank Transfer,0
38,66,128.77,,2,69.59,5,4,27,6,59.3,22,15,7,14,45.9,Two Year,None,,0
32,31,151.78,4614.68,9,46.95,2,1,2,36,25.6,41,14,6,7,4.2,Two Year,None,Debit Card,0
63,47,23.75,1087.59,1,2.58,1,5,9,5,58.0,62,7,10,3,31.9,One Year,Fiber,Debit Card,1
45,48,130.69,7021.17,4,64.71,1,2,26,43,72.4,28,8,6,8,,One Year,DSL,Bank Transfer,0
22,,116.91,8191.43,8,,1,3,21,14,74.8,27,10,10,5,41.3,One Year,None,Digital Wallet,1
52,55,148.01,8498.37,7,104.19,5,1,26,49,23.8,64,9,7,13,16.7,Monthly,Fiber,Bank Transfer,1
47,35,117.04,4100.08,11,47.94,3,5,28,9,60.9,6,11,10,15,15.8,One Year,DSL,Bank Transfer,1
21,52,116.78,6367.45,10,64.9,1,5,30,51,65.5,75,14,3,11,22.0,One Year,Fiber,Credit Card,1
38,69,60.02,3904.55,12,,3,3,28,54,68.7,70,0,5,5,33.6,Monthly,None,Debit Card,0
64,27,32.73,845.25,0,143.4,5,4,7,1,79.5,43,6,9,1,42.5,Monthly,DSL,Debit Card,0
65,21,160.19,3002.89,5,,,3,22,23,84.7,48,4,8,5,30.3,One Year,DSL,Bank Transfer,1
46,,129.09,,12,34.8,2,5,18,50,27.5,9,0,9,11,17.6,Two Year,None,Bank Transfer,0
53,57,102.57,5297.17,8,141.07,1,5,10,31,17.8,65,7,9,,25.9,Monthly,None,Credit Card,0
53,56,149.25,,9,128.65,6,5,9,26,68.5,81,0,7,13,14.6,One Year,Fiber,Bank Transfer,0
42,60,15.58,853.25,2,67.4,5,5,,23,47.8,42,1,9,9,43.5,Two Year,Fiber,Credit Card,0
60,17,22.53,371.56,9,136.73,4,3,6,38,3.8,51,8,8,5,24.0,One Year,Fiber,Debit Card,1
37,33,151.07,5402.63,0,102.47,2,1,18,31,9.1,69,0,1,2,9.0,Monthly,DSL,Digital Wallet,0
57,10,136.27,1411.1,10,38.27,2,4,2,41,70.3,50,13,10,7,13.7,Monthly,Fiber,Digital Wallet,0
32,45,45.19,1936.95,5,20.71,6,1,17,16,11.4,87,6,0,11,0.3,Two Year,DSL,Credit Card,0
51,29,44.45,1223.51,9,140.27,1,4,9,5,73.0,49,12,4,4,47.5,Two Year,DSL,Credit Card,0
27,72,156.46,10370.02,6,73.86,2,2,27,20,35.6,32,8,7,2,1.9,Monthly,DSL,Credit Card,1
59,31,96.09,2936.9,8,132.89,2,1,8,8,49.8,5,1,7,3,40.3,Monthly,None,Bank Transfer,1
69,69,133.8,9859.29,10,,1,3,24,26,25.9,81,13,5,9,31.5,One Year,DSL,,1
32,29,80.75,2314.47,11,48.37,,3,24,32,84.0,10,0,,13,30.9,Two Year,None,Debit Card,0
,68,61.59,4459.8,6,47.52,2,1,17,1,27.4,27,6,4,15,10.6,One Year,None,Debit Card,1
47,,15.35,68.78,12,70.56,3,3,14,23,19.8,90,13,4,13,35.6,One Year,Fiber,Debit Card,1
24,61,155.87,8484.23,10,30.75,2,3,16,11,9.9,22,12,3,11,12.4,Monthly,None,Credit Card,0
65,34,106.31,4127.84,10,148.36,1,5,,45,47.4,54,2,1,3,38.6,Two Year,Fiber,Bank Transfer,0
32,8,80.64,610.0,12,69.93,4,2,2,7,13.8,13,12,8,2,0.0,Two Year,Fiber,Digital Wallet,0
45,30,165.62,4415.14,,23.26,4,,6,53,59.5,,2,0,8,38.2,One Year,None,Digital Wallet,0
45,36,84.17,3246.63,4,15.58,4,2,11,56,55.4,39,13,8,10,16.8,,DSL,Bank Transfer,0
39,23,67.39,1524.05,6,80.99,7,5,20,45,45.2,61,,10,14,28.6,Monthly,DSL,Digital Wallet,1
64,21,175.74,3857.51,10,72.32,7,1,3,17,61.5,2,11,10,1,33.9,Two Year,Fiber,Bank Transfer,0
67,13,117.46,1731.28,11,100.28,6,2,4,15,7.1,,15,7,3,16.8,Two Year,DSL,Credit Card,1
41,45,128.31,5997.3,3,34.9,,5,24,19,10.1,16,0,6,3,27.4,Two Year,Fiber,Bank Transfer,0
64,53,80.6,4478.95,12,136.33,1,5,17,,32.9,10,6,4,15,10.0,Two Year,Fiber,Digital Wallet,0
45,68,25.1,1960.9,8,75.07,5,2,9,32,14.8,89,,1,12,21.2,One Year,Fiber,Credit Card,0
,38,54.83,2156.82,4,75.22,2,5,20,,,67,7,4,9,24.2,Two Year,None,Debit Card,0
39,14,84.4,1064.19,11,88.59,5,3,11,17,,19,12,2,8,23.8,Monthly,Fiber,Credit Card,0
,44,101.0,3951.56,12,142.67,5,4,12,,21.6,0,8,1,10,22.1,Two Year,DSL,Bank Transfer,0
47,55,71.28,3546.52,12,19.79,4,5,12,34,72.2,14,13,9,3,3.3,One Year,Fiber,Digital Wallet,1
41,19,118.78,2119.43,4,96.54,1,3,0,41,4.0,,8,10,6,35.5,Monthly,DSL,Digital Wallet,1
52,59,100.41,5240.0,8,100.14,1,2,14,28,6.1,68,7,3,6,30.3,Two Year,Fiber,Debit Card,0
41,,62.34,1203.95,12,81.39,1,4,27,1,60.4,46,7,4,2,24.4,Two Year,DSL,,1
69,34,31.29,1110.05,9,98.54,1,1,9,44,70.3,28,2,10,3,,Two Year,None,Debit Card,0
38,67,56.32,3841.42,11,1.73,1,2,14,31,8.5,56,15,1,15,16.1,Two Year,None,Bank Transfer,1
56,1,152.46,133.99,7,42.63,4,5,29,17,3.2,67,0,10,4,1.4,Two Year,None,Debit Card,1
58,6,157.27,876.08,1,90.95,7,4,,36,67.9,4,,,,23.2,One Year,DSL,Debit Card,0
,41,106.59,4981.37,8,2.63,2,2,,57,35.9,53,5,6,1,49.4,Two Year,Fiber,Bank Transfer,1
19,16,157.4,2721.19,8,2.52,6,,0,1,31.2,24,14,8,3,27.3,One Year,None,,1
68,20,23.43,504.55,,2.01,1,1,27,35,7.5,54,5,2,4,43.7,Two Year,DSL,Digital Wallet,0
43,22,33.62,688.41,5,127.76,6,1,18,36,7.2,0,4,7,12,6.7,Two Year,Fiber,Bank Transfer,0
27,72,82.47,5638.81,12,127.87,3,5,5,46,79.6,25,15,10,11,13.5,One Year,DSL,Credit Card,1
27,,170.12,4888.42,8,75.87,,2,28,33,59.2,33,12,10,4,32.4,Two Year,Fiber,Digital Wallet,1
56,4,72.77,331.25,8,73.49,2,1,22,41,15.2,52,2,4,12,29.3,Two Year,Fiber,Bank Transfer,1
47,42,118.49,4464.23,0,28.47,5,5,19,44,66.3,12,8,5,14,13.2,Two Year,Fiber,Credit Card,0
57,16,93.08,1338.15,4,50.91,5,3,,48,44.6,75,8,0,14,2.2,Monthly,DSL,Debit Card,0
67,67,175.08,11190.51,8,126.12,4,2,0,54,6.9,81,0,5,8,40.1,Monthly,None,Digital Wallet,1
31,42,88.65,3930.63,10,136.19,2,3,11,53,81.6,47,13,8,1,35.1,Two Year,DSL,Digital Wallet,0
64,2,15.24,29.01,10,84.54,2,2,12,55,15.4,90,5,4,10,32.3,Two Year,DSL,Digital Wallet,0
18,18,175.56,3013.09,9,104.05,4,4,28,9,29.1,34,13,0,10,46.9,One Year,None,Digital Wallet,1
36,69,94.07,6079.66,6,36.8,1,5,6,22,40.7,85,0,9,2,42.9,Two Year,Fiber,Credit Card,0
44,32,59.06,1867.36,10,115.66,1,5,0,53,25.2,17,1,10,3,7.8,Monthly,DSL,Digital Wallet,0
47,32,50.44,1748.29,6,148.9,7,2,29,33,76.7,48,11,7,6,36.4,One Year,Fiber,Bank Transfer,1
53,42,170.22,7957.39,5,4.16,4,4,8,33,44.0,21,12,4,14,48.7,One Year,Fiber,Debit Card,1
21,23,71.66,1530.1,10,40.12,7,2,7,19,41.1,65,11,2,10,13.3,Two Year,None,Bank Transfer,1
18,37,150.01,5865.8,4,56.1,3,4,6,49,19.2,5,13,9,15,16.7,Monthly,Fiber,Credit Card,0
59,16,47.64,795.38,5,98.42,3,3,18,18,16.4,73,3,10,4,12.3,Two Year,Fiber,Bank Transfer,1
60,59,154.78,10201.6,11,13.52,5,1,27,7,64.8,48,14,7,5,47.0,Monthly,DSL,Credit Card,1
52,1,157.9,158.84,9,23.71,1,3,,44,38.6,34,15,4,10,10.3,Two Year,DSL,Digital Wallet,1
51,69,111.08,8159.64,6,12.68,6,1,22,60,48.3,61,14,6,5,48.4,One Year,None,Credit Card,1
30,11,145.25,,5,24.8,1,4,26,37,,81,0,5,4,33.2,Monthly,DSL,Credit Card,1
62,63,64.37,3617.27,10,149.25,5,3,29,22,56.7,68,14,6,10,16.0,Two Year,Fiber,Debit Card,1
23,30,20.73,625.34,7,130.09,1,5,22,45,23.3,74,9,1,3,36.8,Two Year,DSL,Bank Transfer,0
29,26,44.11,1102.06,8,8.84,6,2,9,23,30.1,,2,1,13,19.2,Monthly,,Digital Wallet,1
31,43,31.94,1490.15,9,19.27,7,4,6,9,45.6,7,4,3,2,23.2,Two Year,Fiber,Debit Card,0
22,6,173.78,887.18,10,128.05,4,2,26,19,26.1,26,8,10,,0.1,Two Year,None,Digital Wallet,0
31,32,134.55,4173.95,1,106.7,6,2,18,52,50.2,63,1,2,6,7.5,One Year,None,Credit Card,1
58,30,171.27,5684.48,,71.49,6,2,21,25,83.2,46,1,4,12,37.2,Two Year,DSL,Bank Transfer,1
21,19,150.62,3283.91,5,43.45,4,,28,11,24.6,,11,3,1,38.2,Monthly,,Debit Card,1
18,35,75.32,2660.58,9,20.71,3,2,6,18,6.5,62,1,5,7,28.1,Two Year,Fiber,,1
40,52,54.58,2728.01,8,9.96,7,2,17,17,79.7,78,14,4,9,39.5,Two Year,None,Credit Card,1
40,47,95.57,5110.32,3,136.16,1,4,19,48,87.3,51,12,0,10,33.7,Monthly,DSL,Bank Transfer,0
41,4,31.93,,0,50.31,6,4,11,51,30.4,76,1,10,7,16.2,One Year,None,Digital Wallet,0
65,18,42.03,681.47,2,,2,1,1,26,23.0,,3,0,14,21.5,Two Year,DSL,Credit Card,0
33,49,140.2,6539.8,1,114.39,7,1,27,20,88.4,18,1,2,9,19.9,Monthly,Fiber,Debit Card,1
44,16,59.48,1013.28,2,95.58,3,3,4,10,25.0,76,4,2,5,12.0,Monthly,Fiber,Debit Card,0
21,2,19.49,35.36,7,79.2,5,2,17,43,61.1,33,7,5,1,32.0,One Year,None,Credit Card,1
32,43,52.99,2047.39,5,145.99,1,4,13,12,53.8,89,8,6,12,24.4,One Year,DSL,Credit Card,0
52,59,,6043.28,3,56.71,3,1,17,13,2.0,59,1,50,1,19.6,Monthly,DSL,Credit Card,1
30,,134.02,2037.76,7,126.01,2,4,2,32,67.6,25,13,2,,7.3,One Year,None,Digital Wallet,0
47,26,104.74,2920.33,11,45.46,5,2,2,18,40.0,76,5,,3,49.6,Two Year,Fiber,Debit Card,1
68,11,47.48,,5,26.9,2,2,10,39,89.5,,4,7,11,1.4,Two Year,None,Bank Transfer,0
70,6,159.78,1012.59,4,45.24,2,3,10,60,16.1,75,4,4,13,18.5,One Year,None,Credit Card,0
70,29,109.92,2926.32,11,96.79,1,3,13,59,15.8,78,6,3,11,47.7,One Year,Fiber,Bank Transfer,0
39,71,150.13,11386.43,3,31.48,5,4,16,42,85.0,46,2,9,1,17.0,Monthly,None,Bank Transfer,0
48,47,109.11,4450.01,11,148.7,3,4,4,15,18.0,89,6,0,1,24.1,Two Year,DSL,Credit Card,0
56,39,97.99,3589.99,10,68.73,4,3,5,48,56.5,34,,5,11,19.0,One Year,Fiber,Digital Wallet,0
60,18,90.58,1845.03,10,0.6,,3,26,9,61.6,47,8,10,,39.8,Two Year,None,Credit Card,1
41,46,136.91,5689.37,4,146.78,2,4,21,27,41.2,82,0,10,15,28.5,One Year,Fiber,Bank Transfer,0
37,62,,1175.94,4,25.99,3,3,24,13,88.1,19,0,6,6,13.5,Two Year,None,Debit Card,0
44,9,63.66,524.93,0,104.48,7,2,15,5,32.4,34,6,1,1,30.4,One Year,None,Digital Wallet,1
59,4,117.15,523.88,5,36.5,1,2,5,24,16.4,51,8,9,8,14.1,Two Year,DSL,Credit Card,1
59,49,62.93,2772.12,6,94.27,7,2,1,30,88.5,3,14,8,2,36.7,Two Year,Fiber,Credit Card,1
36,38,101.41,3286.26,6,91.1,3,2,3,8,67.0,61,9,9,11,1.0,One Year,DSL,Credit Card,1
60,,87.49,741.63,11,11.17,7,3,29,37,17.2,3,9,9,10,10.4,Two Year,DSL,Bank Transfer,1
34,11,36.47,348.09,0,100.85,,2,2,2,72.5,47,0,3,2,18.2,Two Year,None,Digital Wallet,1
20,50,83.52,4515.22,7,145.02,3,1,8,8,25.3,29,11,1,6,20.2,Two Year,DSL,Credit Card,1
26,59,93.23,5806.35,1,51.74,2,5,12,8,11.2,42,3,1,2,45.4,One Year,Fiber,Digital Wallet,0
34,27,,3883.42,4,17.22,4,1,20,55,39.1,41,0,10,5,47.7,One Year,Fiber,Bank Transfer,1
,5,96.97,484.74,1,28.44,1,4,4,21,66.6,69,9,5,14,36.2,Monthly,DSL,Credit Card,0
45,5,137.05,670.55,9,19.69,7,2,26,16,37.9,12,0,9,12,32.7,Two Year,Fiber,Credit Card,0
55,13,170.75,2356.38,4,116.0,1,5,19,44,46.4,21,14,1,,29.4,Two Year,None,Debit Card,0
46,40,135.94,5169.14,,129.6,3,5,4,52,33.3,81,6,4,12,16.5,Monthly,Fiber,Digital Wallet,0
59,23,94.07,2184.74,11,65.31,5,4,26,28,80.7,70,2,1,1,16.7,,None,Debit Card,0
47,19,150.17,2587.05,11,64.2,4,4,19,34,22.6,49,14,7,9,3.3,One Year,Fiber,Debit Card,1
21,65,115.6,6889.78,5,12.95,6,2,6,48,69.1,45,14,,3,2.7,Monthly,None,Debit Card,0
42,11,151.72,1612.53,2,2.91,,2,18,52,87.1,14,4,6,11,42.1,One Year,Fiber,,0
45,15,176.3,2922.85,0,83.42,1,2,19,2,67.3,23,15,6,15,24.2,One Year,Fiber,Digital Wallet,1
69,27,51.06,1413.04,10,145.54,,4,12,45,37.6,63,13,0,13,35.8,One Year,Fiber,Credit Card,0
39,7,127.0,769.88,3,6.94,6,5,5,24,6.2,90,1,5,6,44.6,One Year,DSL,Credit Card,0
65,37,142.85,5831.26,4,32.07,1,4,1,,3.1,23,1,80,7,4.6,Monthly,None,Credit Card,0
37,69,49.73,3424.49,4,91.68,2,2,26,6,41.6,35,2,1,13,23.9,One Year,DSL,Bank Transfer,1
62,6,61.05,402.09,5,96.43,2,1,10,53,41.2,82,4,2,10,16.1,Two Year,None,Debit Card,0
43,5,164.69,933.83,0,32.33,4,3,17,28,40.9,46,12,7,6,42.7,One Year,Fiber,Bank Transfer,1
60,,61.94,4081.25,2,74.72,5,1,5,4,42.3,5,0,3,8,27.0,Monthly,Fiber,Credit Card,1
27,1,97.96,108.16,4,136.04,7,4,0,39,62.3,3,14,5,8,35.2,Two Year,DSL,Credit Card,0
43,11,107.81,1185.44,6,39.48,3,5,1,18,21.7,75,9,10,12,44.6,One Year,None,,1
59,19,35.65,,7,103.63,4,2,13,7,3.6,34,1,2,12,19.1,Two Year,Fiber,Bank Transfer,0
44,46,133.97,6319.26,1,106.24,5,3,12,35,46.6,,8,9,10,44.9,Monthly,None,Digital Wallet,0
40,25,159.68,4546.96,8,6.88,2,5,9,36,40.8,10,9,4,5,11.2,Two Year,Fiber,Digital Wallet,0
42,5,117.38,647.77,8,49.73,3,2,24,48,43.2,39,14,6,13,10.8,Two Year,None,Debit Card,1
29,3,17.15,48.14,9,25.31,4,5,29,51,32.1,25,,6,12,47.5,Monthly,DSL,Credit Card,0
28,15,139.66,2048.71,6,110.4,7,5,29,39,38.0,11,0,6,15,21.4,,None,Digital Wallet,0
28,40,36.36,1397.47,6,54.4,2,5,6,36,74.0,32,1,10,11,,One Year,None,Bank Transfer,1
32,71,80.9,5790.44,3,112.1,4,4,19,49,4.0,15,8,4,10,26.6,Monthly,Fiber,Digital Wallet,0
32,24,128.41,3275.7,3,129.94,3,2,0,31,3.5,76,3,9,1,,Two Year,None,Digital Wallet,1
19,10,74.22,745.68,12,95.77,2,2,29,18,73.2,9,5,9,9,7.4,Two Year,None,Bank Transfer,1
66,12,98.81,1078.76,7,84.23,1,3,20,32,68.2,90,9,2,15,17.5,One Year,DSL,Debit Card,1
26,6,150.43,928.26,10,9.41,6,1,14,33,39.6,57,10,5,1,1.7,One Year,Fiber,Bank Transfer,1
58,50,132.64,6935.04,6,128.86,2,2,12,5,25.7,32,15,4,2,49.8,Monthly,DSL,Debit Card,1
38,56,83.6,4069.79,4,76.49,7,2,,45,25.3,30,13,4,9,17.1,One Year,None,Debit Card,0
61,47,137.86,6429.02,0,114.49,1,3,27,59,36.4,10,15,10,5,38.3,Two Year,DSL,Bank Transfer,1
64,,25.13,214.82,2,49.45,6,5,25,13,81.6,86,10,9,11,46.0,Monthly,DSL,Debit Card,1
53,61,,5519.98,4,0.52,2,3,30,31,69.0,36,11,1,15,9.7,One Year,None,Credit Card,0
52,21,83.99,1687.64,10,115.84,3,2,18,15,,48,15,5,7,,One Year,DSL,Bank Transfer,1
34,2,53.67,101.06,10,145.31,7,5,7,39,41.5,79,11,5,4,20.0,One Year,None,Debit Card,1
21,34,87.28,2817.68,4,74.48,4,3,16,57,64.4,25,0,1,9,36.4,One Year,DSL,Debit Card,0
21,35,156.51,5496.65,5,135.75,2,5,14,5,76.9,45,7,4,11,48.6,One Year,Fiber,Credit Card,1
55,60,163.27,9032.28,5,,7,2,25,18,7.3,78,8,8,13,0.4,Two Year,DSL,Digital Wallet,1
58,72,119.98,7463.96,11,67.98,2,3,30,43,17.3,21,9,7,13,23.3,Monthly,DSL,Digital Wallet,0
30,62,144.04,9029.65,5,133.44,1,4,5,5,67.2,27,,7,14,4.3,Two Year,None,Digital Wallet,0
36,3,130.29,,1,85.59,7,1,12,28,38.6,15,13,2,5,37.3,Two Year,DSL,Digital Wallet,0
43,23,169.39,3400.4,2,27.43,4,5,,41,18.0,32,15,,11,48.8,Two Year,DSL,Digital Wallet,1
61,59,31.91,,1,95.86,,5,11,30,55.7,42,14,8,6,34.6,Monthly,,Debit Card,0
21,4,144.55,524.27,12,10.99,7,4,7,17,32.0,16,9,7,14,43.6,Monthly,Fiber,Bank Transfer,0
51,24,156.49,4261.25,8,17.43,5,3,2,29,10.1,77,0,7,14,1.3,One Year,DSL,Digital Wallet,0
56,26,151.41,3484.3,1,119.11,4,3,10,16,50.7,24,12,4,3,17.4,Monthly,Fiber,Bank Transfer,1
62,23,149.53,3014.67,1,24.49,3,4,14,21,69.7,76,2,4,10,29.4,Two Year,DSL,,0
32,13,130.98,1692.57,5,64.58,6,2,11,36,19.3,5,2,4,13,46.1,One Year,DSL,Bank Transfer,0
30,51,159.34,8409.33,8,103.13,2,4,16,28,22.7,80,9,10,5,36.0,Two Year,None,Credit Card,1
43,25,139.01,3771.33,7,114.32,5,2,20,2,35.2,90,0,4,3,43.4,Two Year,DSL,Debit Card,1
26,10,29.78,327.24,4,67.31,2,3,1,28,55.0,61,5,0,10,29.0,Monthly,None,Digital Wallet,1
25,13,37.84,420.87,8,23.08,5,5,16,13,53.7,76,1,1,6,44.4,Two Year,None,Bank Transfer,0
37,63,500,9763.39,8,148.15,1,4,16,3,,4,9,0,1,43.2,One Year,None,Bank Transfer,0
51,3,28.08,89.31,3,18.22,7,3,6,59,23.1,0,11,7,5,9.8,Monthly,None,Credit Card,1
40,35,109.76,3979.26,11,98.52,5,2,18,6,68.8,60,3,9,7,42.1,Two Year,None,Credit Card,1
22,31,77.58,2091.68,10,62.74,6,5,4,2,82.0,47,9,8,11,10.2,One Year,Fiber,Credit Card,0
22,54,151.04,6965.99,12,12.78,7,2,23,27,3.6,49,9,3,10,15.0,Two Year,Fiber,Bank Transfer,0
49,27,35.81,822.7,9,62.4,1,3,6,22,19.7,80,0,5,4,9.0,One Year,DSL,Debit Card,0
61,72,105.22,8390.53,10,144.95,7,5,0,56,72.4,76,15,0,5,20.6,Two Year,None,Bank Transfer,0
24,52,109.08,5179.22,11,42.78,7,3,28,49,58.2,57,9,1,2,45.6,Two Year,Fiber,Bank Transfer,1
24,,53.68,56.0,9,11.5,4,4,15,29,62.5,79,11,2,2,49.1,One Year,None,Digital Wallet,1
63,6,58.09,400.35,9,39.43,5,1,1,51,47.3,84,4,5,13,45.6,Two Year,None,Bank Transfer,1
68,26,115.44,3288.58,8,7.24,4,1,6,29,43.5,10,4,0,6,,Two Year,DSL,Bank Transfer,0
31,8,90.39,727.57,8,12.11,2,3,0,47,54.1,88,3,4,1,16.0,Two Year,Fiber,Credit Card,0
63,50,27.37,1523.95,0,6.06,3,5,26,23,28.8,84,3,2,11,9.6,,None,Credit Card,1
64,37,126.93,4225.0,5,132.67,6,5,12,10,30.4,46,13,50,5,13.4,Monthly,None,Digital Wallet,1
21,25,124.12,2750.34,2,88.53,1,4,25,28,11.6,12,9,8,4,7.9,Two Year,Fiber,Digital Wallet,0
66,18,168.68,2955.47,1,20.19,4,4,22,37,28.3,11,1,0,2,3.2,Two Year,Fiber,Debit Card,0
19,16,,1380.4,6,50.92,3,4,20,30,81.7,23,7,8,12,32.4,Monthly,DSL,Bank Transfer,1
33,40,61.46,2746.72,2,120.39,1,4,8,43,55.0,7,10,3,,33.7,Two Year,None,Credit Card,0
57,48,16.22,840.06,11,145.53,2,5,20,5,40.4,29,12,2,6,47.6,One Year,Fiber,,1
50,63,45.53,2684.83,1,143.04,7,3,18,6,82.6,44,14,9,9,37.4,Two Year,Fiber,Bank Transfer,1
23,71,,4518.0,12,55.52,5,4,8,16,57.2,17,4,1,8,9.9,Two Year,DSL,Debit Card,0
51,62,167.82,10935.48,9,80.44,6,2,0,58,15.6,9,14,2,7,,Monthly,None,,0
27,5,66.54,316.29,7,77.6,1,2,3,19,33.9,48,4,5,4,3.0,Monthly,Fiber,Bank Transfer,0
32,,17.51,46.43,1,42.61,3,3,5,6,,59,15,8,11,43.7,,DSL,Bank Transfer,1
57,18,136.93,2754.27,7,4.02,6,2,13,4,67.2,72,14,6,10,46.8,One Year,None,Digital Wallet,1
40,52,125.86,6419.13,,46.21,1,2,11,1,77.2,88,13,4,10,31.1,One Year,Fiber,,1
30,28,108.18,3034.52,0,66.71,1,5,27,19,45.9,6,11,10,3,6.4,Monthly,Fiber,Debit Card,0
68,62,149.4,10577.3,11,42.65,2,3,29,37,65.8,30,4,3,13,27.6,One Year,Fiber,Debit Card,1
22,56,177.5,10651.65,9,132.02,4,3,21,20,82.2,52,15,0,8,5.7,Two Year,None,Bank Transfer,0
68,15,34.42,515.38,7,19.69,5,1,29,13,45.5,41,11,8,7,0.5,One Year,DSL,Debit Card,1
29,39,,2773.75,11,147.03,6,4,23,38,76.9,57,2,4,8,32.3,One Year,DSL,Credit Card,0
19,46,121.61,5526.13,1,10.59,7,4,16,17,57.6,35,1,0,3,36.7,One Year,None,Bank Transfer,1
37,30,87.86,2893.39,6,58.76,1,3,9,35,68.5,58,3,1,9,26.2,One Year,Fiber,Debit Card,0
63,57,121.36,6493.85,7,69.82,5,4,14,34,67.2,47,4,7,15,11.8,Monthly,,Credit Card,0
69,67,32.25,2105.91,5,128.32,1,2,25,22,26.4,,11,5,11,21.9,One Year,None,Credit Card,1
56,8,93.57,735.53,0,124.95,6,3,10,14,4.4,2,2,7,4,5.2,One Year,Fiber,Debit Card,0
40,23,32.89,684.63,,83.36,,4,22,9,24.7,46,11,5,13,32.3,Two Year,Fiber,Bank Transfer,0
24,64,92.41,6153.15,5,64.94,2,4,9,59,15.7,34,6,7,5,7.7,,Fiber,Debit Card,1
26,7,,,4,135.73,4,1,14,11,35.1,20,1,10,2,36.2,Two Year,DSL,Digital Wallet,1
44,58,171.85,9785.26,5,5.52,5,2,5,8,66.7,43,12,9,4,39.5,Monthly,DSL,Credit Card,1
40,6,80.5,492.9,10,17.47,6,3,29,35,47.7,34,11,2,4,19.8,Two Year,DSL,Credit Card,1
65,4,147.06,640.26,,26.01,5,5,12,32,37.5,4,9,0,13,20.6,Monthly,Fiber,Credit Card,0
25,60,66.98,4142.13,7,88.74,,5,13,2,31.7,55,11,3,2,47.5,Two Year,Fiber,Bank Transfer,0
29,5,96.72,417.83,4,32.94,7,1,29,30,42.3,21,4,8,8,12.7,Two Year,DSL,,0
49,38,,1709.86,0,12.77,,4,,45,58.4,85,14,3,15,25.1,Two Year,Fiber,Credit Card,1
69,27,20.46,527.57,,140.17,2,2,16,15,34.0,21,4,3,8,24.7,Monthly,DSL,Bank Transfer,0
69,4,,297.42,2,,5,5,12,36,24.0,4,8,1,15,46.7,Monthly,DSL,Credit Card,0
,47,68.61,3041.82,,88.04,2,,18,31,6.9,15,9,10,7,3.9,One Year,None,Credit Card,0
60,49,27.02,1184.49,9,128.67,6,,8,,9.3,5,8,3,8,23.2,Monthly,Fiber,Digital Wallet,0
20,43,16.75,681.66,12,124.13,2,2,30,29,73.9,,12,10,5,38.6,One Year,Fiber,Bank Transfer,1
40,12,29.03,358.1,6,48.37,4,2,5,56,18.4,51,15,9,2,38.0,Monthly,DSL,Bank Transfer,1
40,22,127.46,2533.7,9,12.04,5,3,30,9,69.1,16,4,5,4,27.3,Monthly,None,Digital Wallet,1
48,50,29.3,1423.34,10,72.94,2,3,27,59,83.8,66,7,6,7,0.7,Two Year,None,Debit Card,1
60,37,22.86,769.96,12,29.58,5,2,12,55,57.9,45,5,6,7,26.1,One Year,None,Credit Card,1
19,62,112.16,6780.93,3,8.1,1,2,25,10,44.6,,0,9,4,34.6,Two Year,Fiber,Bank Transfer,1
95,20,107.45,1978.07,3,68.16,1,3,4,,11.8,60,9,7,14,8.8,Two Year,Fiber,Debit Card,0
61,53,178.24,10023.11,9,42.11,5,3,8,11,45.9,53,4,9,4,36.4,Monthly,DSL,Debit Card,1
37,4,127.04,458.44,8,13.28,5,3,19,33,,85,13,1,11,25.1,,None,Credit Card,1
53,8,58.36,484.38,,59.41,2,4,4,18,70.4,42,4,2,8,18.0,One Year,Fiber,Digital Wallet,0
69,18,128.77,2464.49,7,27.33,,1,25,21,,30,4,5,1,38.9,One Year,None,Debit Card,1
29,57,56.84,2847.79,11,99.93,3,1,13,1,50.1,22,9,9,13,16.2,Monthly,Fiber,Debit Card,1
45,1,171.64,194.83,7,48.89,2,5,12,26,67.5,61,2,10,2,25.6,Monthly,Fiber,Credit Card,1
30,16,111.19,1558.76,4,146.02,3,3,27,4,70.2,27,13,9,12,33.2,Two Year,DSL,Credit Card,0
47,54,122.05,6315.21,9,,7,,,39,35.4,52,14,6,1,37.0,Monthly,Fiber,Digital Wallet,1
37,45,128.24,6372.49,3,67.82,1,3,6,57,61.8,19,9,9,2,42.6,Monthly,DSL,Debit Card,1
47,61,141.05,9141.47,4,22.61,2,1,27,12,61.8,16,3,9,14,24.0,Two Year,Fiber,Credit Card,0
34,57,48.66,2735.1,1,5.17,2,5,29,24,49.6,71,10,0,9,36.8,Monthly,Fiber,Digital Wallet,1
37,41,49.2,2293.14,1,144.81,3,4,23,13,88.7,90,9,3,2,34.8,Monthly,None,Credit Card,0
,30,168.41,4590.92,5,39.55,6,1,22,23,78.7,27,7,10,11,25.3,Monthly,DSL,Bank Transfer,1
69,53,104.84,6329.85,11,,1,4,29,35,13.7,82,8,5,13,27.6,Monthly,Fiber,Bank Transfer,1
25,72,83.91,6864.65,1,113.6,6,5,2,28,67.4,47,9,9,10,9.8,One Year,DSL,Debit Card,0
39,13,48.05,703.48,6,17.09,2,,14,45,27.6,49,2,6,2,21.5,,DSL,Bank Transfer,0
46,3,94.88,299.0,11,124.77,4,4,2,9,45.8,33,15,0,7,30.3,One Year,Fiber,Credit Card,1
47,68,149.52,10456.56,0,99.63,4,5,24,29,14.4,76,13,7,3,42.7,One Year,Fiber,Digital Wallet,1
30,9,116.62,1200.01,10,56.86,4,5,29,57,57.7,40,12,4,8,48.2,Monthly,Fiber,Debit Card,0
40,32,159.71,5038.74,5,49.27,1,3,12,54,11.0,14,9,3,9,42.3,One Year,Fiber,Debit Card,0
47,17,154.49,2608.02,4,52.18,4,5,20,4,53.2,11,8,2,6,46.7,Monthly,,Bank Transfer,1
44,8,50.98,387.05,,,7,5,5,13,12.2,26,4,9,10,49.6,One Year,None,Debit Card,0
,26,169.02,4441.69,10,100.84,5,5,3,56,55.4,59,13,3,9,18.1,One Year,None,Debit Card,1
63,35,52.39,1939.44,3,63.43,2,5,15,7,,14,13,5,14,10.6,Two Year,DSL,Bank Transfer,0
30,35,167.67,6408.56,6,99.99,,5,10,33,70.5,16,8,8,7,11.8,Monthly,None,Digital Wallet,0
51,43,68.67,3066.08,1,67.28,2,5,9,59,21.3,39,3,4,3,45.5,One Year,DSL,Bank Transfer,0
20,52,91.33,4591.55,,136.51,5,3,15,17,250,2,11,2,12,33.5,One Year,None,Digital Wallet,0
68,3,48.17,133.74,7,64.94,,2,1,29,71.5,84,14,9,13,30.4,One Year,Fiber,Credit Card,1
43,46,141.48,7418.31,1,93.41,3,1,15,11,74.7,29,8,6,2,18.1,Monthly,DSL,,0
22,64,23.23,1331.93,2,21.3,5,2,26,21,9.7,89,6,9,1,,,None,Bank Transfer,1
68,12,65.14,724.63,10,124.43,4,2,19,37,6.8,44,11,5,3,12.0,Two Year,Fiber,,1
49,,94.21,4582.83,5,56.82,5,3,9,9,74.6,29,6,3,14,47.2,Two Year,None,Bank Transfer,0
44,44,25.92,1283.81,3,107.09,5,2,25,4,51.2,37,2,3,1,5.9,Monthly,,,1
65,34,147.75,4331.79,5,96.0,5,2,27,19,,15,15,10,8,37.0,Two Year,,Debit Card,1
61,30,169.32,5397.59,,143.59,6,4,3,36,65.3,19,3,10,14,26.6,,DSL,Credit Card,0
60,25,108.88,3098.93,1,79.45,4,4,20,43,47.9,86,2,10,13,41.2,Two Year,Fiber,Debit Card,0
33,70,106.92,8354.06,9,102.15,1,2,25,54,61.0,,14,9,15,15.8,One Year,DSL,Bank Transfer,1
22,9,114.94,1090.82,,44.15,7,4,22,12,48.1,31,12,2,5,,Two Year,Fiber,Debit Card,0
34,19,24.5,405.49,10,52.08,1,3,10,1,55.4,76,0,10,4,31.1,One Year,DSL,,1
42,31,116.45,3323.56,10,117.44,7,1,0,25,76.8,61,7,3,4,46.0,Monthly,DSL,Digital Wallet,0
38,28,171.43,4505.54,10,8.34,2,3,18,25,36.4,78,5,3,9,18.1,One Year,None,Bank Transfer,0
19,10,15.27,172.07,10,105.06,6,3,21,20,,39,9,7,10,7.1,One Year,DSL,Credit Card,1
69,71,156.15,10974.36,3,101.94,2,1,23,42,41.8,42,1,2,6,38.9,Two Year,None,,0
19,27,44.03,1256.98,1,108.6,2,4,4,33,69.1,200,4,9,8,8.6,One Year,DSL,Bank Transfer,0
25,20,86.17,1704.43,10,8.84,7,5,13,50,83.6,83,6,3,12,1.2,,Fiber,Bank Transfer,1
42,55,87.09,4836.71,9,26.56,2,4,9,27,16.1,26,6,4,6,28.9,Two Year,DSL,Debit Card,0
41,51,169.56,8382.33,1,87.22,2,5,29,47,,76,1,9,15,36.7,One Year,DSL,Credit Card,0
49,47,166.56,8441.29,6,126.97,7,4,24,36,81.8,22,,6,15,14.6,Two Year,DSL,,0
49,56,83.92,4499.46,10,48.83,4,4,23,1,30.3,71,13,5,14,2.6,One Year,None,Digital Wallet,0
39,9,31.41,289.97,0,47.3,2,3,13,33,42.2,39,5,6,5,18.9,Two Year,DSL,Bank Transfer,1
64,70,22.77,1726.19,11,59.92,7,1,22,41,,64,,,6,1.6,One Year,Fiber,Digital Wallet,1
47,43,15.01,703.25,,24.83,6,5,5,12,31.4,14,5,3,9,0.6,Two Year,None,Bank Transfer,0
70,49,176.55,9634.17,2,134.76,4,2,10,47,10.4,37,14,4,10,42.6,Two Year,Fiber,Bank Transfer,0
26,43,60.51,2800.03,8,89.94,6,5,,15,81.0,29,10,8,14,33.0,Two Year,None,Credit Card,0
40,29,170.76,5579.34,10,97.34,6,3,4,9,50.4,60,,1,3,49.6,Two Year,None,,1
23,64,125.12,8618.02,7,37.79,1,1,2,19,80.6,54,,3,7,42.5,Two Year,None,Credit Card,0
21,41,125.46,4807.2,12,48.67,7,4,20,55,11.0,83,14,10,5,3.1,Two Year,DSL,Digital Wallet,1
51,27,58.18,,4,53.96,6,3,5,6,3.5,38,5,0,11,25.4,One Year,Fiber,Debit Card,1
44,42,,2161.65,7,82.3,2,3,10,3,64.1,39,3,5,15,6.0,Monthly,None,Debit Card,1
,60,176.93,12151.82,7,124.35,5,4,21,58,4.6,87,12,1,15,33.5,Two Year,DSL,Credit Card,1
41,13,43.35,570.65,12,129.41,2,4,27,39,29.6,46,11,8,3,24.2,Two Year,Fiber,Digital Wallet,0
26,18,,1658.15,1,123.18,4,5,21,43,80.4,76,0,6,15,1.0,Two Year,None,Debit Card,0
25,3,16.78,53.54,5,122.23,6,2,0,60,56.9,33,11,9,12,38.9,Two Year,Fiber,Bank Transfer,0
48,27,131.14,3647.96,3,84.59,6,4,6,14,43.9,72,8,9,12,4.3,Two Year,None,,0
51,64,158.67,8975.89,8,13.74,7,1,3,47,22.3,60,10,10,15,8.0,Monthly,Fiber,Bank Transfer,1
35,11,118.87,1284.89,10,300,7,1,4,32,46.3,77,13,3,4,37.3,One Year,None,Credit Card,1
64,9,46.68,476.52,2,110.59,7,5,,10,17.9,6,9,4,9,14.7,Two Year,Fiber,Bank Transfer,1
49,66,143.09,10232.42,1,62.6,3,5,11,31,11.8,4,9,2,11,43.5,Two Year,None,Credit Card,1
68,24,99.35,2144.1,4,114.85,4,1,,8,49.4,83,7,10,13,,One Year,DSL,Bank Transfer,1
20,29,177.85,5788.14,,110.96,4,5,5,22,64.2,81,2,,4,11.1,One Year,None,Credit Card,1
50,21,140.41,2547.79,10,131.85,7,2,19,60,62.6,78,13,8,6,50.0,One Year,Fiber,Credit Card,1
46,2,119.59,233.23,0,77.37,1,2,8,1,42.2,84,12,6,5,36.0,Two Year,DSL,Debit Card,1
54,17,34.18,615.25,,50.24,6,1,3,16,25.8,77,12,8,15,34.4,Two Year,DSL,Credit Card,1
70,11,153.91,1706.54,8,800,5,3,11,18,60.8,74,,9,8,,One Year,DSL,Debit Card,1
66,8,62.66,463.79,4,148.75,6,1,14,54,,29,8,9,1,47.1,One Year,DSL,Credit Card,0
37,34,65.35,2351.06,5,73.01,5,1,25,19,67.1,20,10,2,12,44.4,Two Year,None,Digital Wallet,1
38,3,160.99,498.96,0,37.88,1,4,29,36,27.8,9,7,9,2,11.2,One Year,None,Digital Wallet,0
51,29,,3366.59,7,134.37,2,4,23,8,89.9,32,4,2,5,5.8,One Year,Fiber,Debit Card,0
,27,60.38,1433.62,4,71.48,2,2,27,55,42.1,18,1,7,5,45.7,Two Year,DSL,Bank Transfer,0
48,7,170.59,1033.62,6,35.81,2,5,29,60,55.2,,,7,,11.3,One Year,Fiber,Credit Card,0
51,44,166.15,6628.94,10,69.28,3,5,28,51,71.1,53,7,2,2,26.4,One Year,DSL,Credit Card,0
53,67,72.2,4848.14,11,103.52,5,1,16,8,82.2,77,8,2,9,6.0,Two Year,None,Debit Card,1
67,1,82.94,75.22,10,137.78,6,3,10,13,73.3,25,6,4,10,33.9,Two Year,Fiber,Digital Wallet,1
18,35,23.33,920.81,9,101.41,2,2,9,10,26.4,25,1,0,,32.3,Two Year,None,Digital Wallet,1
42,25,51.56,1209.1,3,1.07,5,4,24,11,28.9,61,7,9,12,1.4,One Year,Fiber,Debit Card,1
28,47,96.8,4974.32,9,65.04,5,1,1,10,28.7,14,5,7,13,8.1,One Year,DSL,Bank Transfer,1
20,57,78.34,4576.44,1,53.67,,5,6,6,9.9,,14,7,9,28.8,Monthly,DSL,Digital Wallet,1
,14,160.07,1937.32,5,41.77,1,2,14,29,36.3,14,4,3,2,19.4,One Year,DSL,Bank Transfer,1
20,3,50.58,168.14,12,80.85,4,3,7,38,70.5,60,7,8,5,42.9,One Year,None,Credit Card,0
52,35,147.32,4949.08,1,129.93,2,1,,12,11.4,75,2,,3,9.6,Monthly,DSL,Debit Card,1
25,12,37.99,478.28,0,111.72,2,1,1,,35.5,29,14,0,,1.9,One Year,None,Bank Transfer,1
29,45,41.41,2140.67,9,24.38,3,4,10,53,68.5,86,8,7,7,11.1,Monthly,DSL,Credit Card,1
40,7,49.04,326.63,5,149.86,7,,5,54,84.0,56,5,4,,21.2,One Year,None,Debit Card,1
62,62,79.32,4907.53,10,66.31,1,3,25,23,89.6,42,5,2,5,36.2,Monthly,None,,1
68,55,58.02,3657.87,5,43.7,4,5,1,25,25.9,61,2,9,14,47.1,Two Year,DSL,Credit Card,0
30,38,155.33,6440.15,9,73.13,2,1,3,28,6.1,44,12,5,4,44.4,Two Year,None,Bank Transfer,1
23,13,142.42,1928.77,10,48.03,7,2,8,1,10.2,2,8,3,14,32.0,Two Year,Fiber,Digital Wallet,0
19,68,147.76,9266.86,8,107.88,3,3,16,42,85.4,28,,4,6,13.1,Two Year,DSL,Bank Transfer,0
46,62,57.89,3427.07,4,138.34,6,5,20,4,66.3,38,6,6,9,8.4,One Year,DSL,Digital Wallet,1
55,64,161.22,10404.75,0,121.12,4,5,27,42,78.9,61,5,5,,2.8,Two Year,Fiber,Bank Transfer,0
52,52,173.96,9106.81,12,138.76,5,3,11,7,11.5,77,7,10,15,,One Year,DSL,Digital Wallet,1
63,20,,1651.04,7,135.01,1,1,23,10,66.1,79,11,9,11,19.3,One Year,Fiber,Digital Wallet,1
,47,48.65,2067.82,9,107.89,4,1,7,44,57.5,8,9,4,13,20.4,Monthly,None,Digital Wallet,1
54,37,26.71,857.03,6,,5,1,12,37,70.7,28,4,8,15,29.6,Monthly,Fiber,Credit Card,0
30,5,138.82,787.72,7,4.68,4,,16,17,38.3,58,1,8,8,23.8,Two Year,Fiber,Digital Wallet,1
58,,175.83,2684.61,12,21.91,3,5,5,32,,,2,0,1,,Two Year,None,Digital Wallet,0
21,1,113.08,111.79,1,77.29,2,3,20,44,62.6,50,12,1,9,0.4,Monthly,Fiber,Bank Transfer,0
69,59,21.77,1284.29,0,15.49,2,2,4,47,12.3,89,12,8,14,10.9,Two Year,Fiber,Bank Transfer,1
65,5,35.11,200.12,1,114.32,5,1,23,25,51.8,34,3,0,13,19.1,One Year,DSL,Digital Wallet,0
20,15,61.47,868.09,1,118.83,7,4,7,54,,19,4,5,2,28.4,One Year,Fiber,Bank Transfer,0
42,,86.39,1235.39,1,134.79,4,1,27,51,15.7,41,8,4,13,40.7,One Year,DSL,Bank Transfer,1
105,36,167.39,5405.38,11,13.0,5,2,29,21,75.4,33,1,5,12,23.3,One Year,None,Bank Transfer,1
28,38,38.37,1349.51,12,,2,2,30,24,17.8,14,14,10,6,14.4,One Year,DSL,Credit Card,0
30,20,15.39,263.17,1,103.69,5,2,0,16,11.3,67,,,7,41.6,One Year,DSL,Bank Transfer,1
28,23,99.2,2274.2,0,75.1,2,5,1,3,83.1,38,13,3,1,34.9,One Year,DSL,Digital Wallet,0
66,56,43.81,2363.82,10,23.92,7,5,27,28,85.2,39,2,10,1,12.9,Two Year,DSL,Credit Card,0
37,42,157.71,7592.41,5,95.87,7,3,23,20,82.0,44,14,7,12,47.3,Monthly,None,Digital Wallet,1
30,33,42.61,1406.97,9,32.18,,2,16,59,76.7,27,4,2,13,,One Year,DSL,Bank Transfer,1
64,69,119.21,7307.75,4,115.39,7,3,13,45,28.9,80,8,10,1,9.5,Two Year,Fiber,Credit Card,1
24,39,53.56,2036.02,12,127.75,5,3,11,58,82.6,70,5,3,3,49.0,One Year,DSL,Debit Card,1
42,54,99.92,4848.41,2,116.24,5,5,30,47,69.3,46,15,10,6,15.2,Two Year,Fiber,Credit Card,0
32,71,15.12,977.49,12,95.52,6,,2,51,55.8,46,14,7,1,5.0,One Year,Fiber,Credit Card,0
40,68,32.81,2151.06,2,32.17,3,2,19,18,,9,3,5,9,23.1,Two Year,DSL,Bank Transfer,1
67,9,77.1,776.83,7,132.13,3,1,11,57,40.6,77,4,1,14,40.1,Monthly,,Credit Card,1
,34,63.66,,2,69.18,2,2,24,1,61.6,42,12,9,5,7.3,Two Year,DSL,Debit Card,1
58,68,43.57,3285.85,2,130.76,7,4,13,48,21.9,82,3,1,5,12.3,Two Year,,Digital Wallet,0
56,65,157.66,11415.89,7,148.88,3,1,8,55,88.0,23,13,4,3,29.6,Monthly,DSL,Bank Transfer,0
25,37,170.18,6308.39,3,125.14,6,5,27,48,7.6,63,9,2,12,27.0,Two Year,DSL,Bank Transfer,0
40,69,61.92,4239.89,3,83.87,5,3,15,57,31.6,65,15,2,11,15.3,Two Year,DSL,Debit Card,1
69,37,71.08,2781.39,0,109.35,3,2,3,2,2.8,38,12,1,2,38.1,One Year,DSL,Bank Transfer,1
41,27,108.37,3221.12,0,108.33,4,5,17,25,35.8,16,13,9,3,42.5,Monthly,Fiber,Bank Transfer,0
64,2,20.37,42.84,2,98.33,6,3,30,13,54.3,84,5,10,6,20.0,Monthly,,,0
31,14,43.99,589.77,4,54.64,6,,25,3,12.8,12,3,1,8,17.6,One Year,Fiber,Debit Card,0
30,53,38.44,1911.4,9,94.98,1,3,2,22,39.7,39,9,3,9,24.8,Two Year,,Credit Card,0
22,30,68.4,2165.33,9,32.75,6,5,21,38,9.4,7,11,4,,44.8,Monthly,DSL,Digital Wallet,1
48,28,115.8,3520.65,3,101.16,2,1,13,6,69.5,0,4,8,7,33.0,Two Year,None,Digital Wallet,0
27,61,94.43,5074.01,3,59.85,4,2,1,45,53.9,45,1,6,7,30.8,Monthly,None,Debit Card,0
52,41,174.36,7659.68,8,49.78,7,3,9,6,39.0,73,7,3,2,38.3,Monthly,Fiber,Bank Transfer,1
,70,67.42,5376.78,2,58.33,7,2,3,34,180,,0,3,13,48.8,Monthly,Fiber,Debit Card,0
65,16,105.73,1877.92,2,89.41,1,4,26,,,25,1,7,12,40.6,Two Year,None,Digital Wallet,1
60,38,99.34,3980.59,4,46.53,7,2,0,1,42.9,37,10,10,13,44.9,One Year,None,Digital Wallet,1
36,16,121.96,1830.47,6,123.36,6,3,27,7,46.1,12,12,3,4,37.9,One Year,Fiber,Debit Card,1
30,6,69.87,448.72,7,103.28,7,4,12,56,6.9,7,5,,1,22.8,One Year,DSL,Digital Wallet,1
42,46,18.18,945.79,11,22.62,1,1,13,,56.2,47,,3,3,19.3,One Year,DSL,Bank Transfer,0
59,34,750,,0,101.32,7,3,6,37,40.4,36,6,5,10,39.4,One Year,Fiber,Credit Card,1
22,71,123.91,7888.06,8,73.5,4,2,16,57,50.5,,6,10,10,31.6,Monthly,DSL,Credit Card,1
50,29,107.24,,9,80.38,5,2,3,27,31.3,12,2,7,12,,One Year,None,Credit Card,1
20,67,86.12,5665.38,5,112.54,2,4,4,20,54.5,11,10,2,11,25.9,Monthly,Fiber,Credit Card,0
43,56,70.6,4249.49,7,142.24,2,,6,,76.4,58,9,9,,5.8,One Year,Fiber,Digital Wallet,1
45,24,144.26,3300.86,9,37.43,4,4,21,24,7.5,66,4,5,7,37.7,One Year,None,Bank Transfer,1
31,15,90.2,1340.34,12,49.79,5,2,13,12,49.1,24,9,1,4,39.2,Monthly,Fiber,Debit Card,1
18,61,66.34,4159.35,10,144.2,4,3,14,20,58.8,37,13,5,5,35.4,Two Year,Fiber,Credit Card,1
49,28,116.44,3316.78,2,16.31,2,3,28,21,46.9,62,15,4,14,2.0,One Year,Fiber,Debit Card,0
39,9,49.32,479.05,6,56.33,,4,10,45,38.8,72,13,3,9,24.5,One Year,DSL,Digital Wallet,0
23,30,65.81,1776.08,11,36.13,7,5,26,45,83.1,81,7,4,14,41.6,Monthly,DSL,Bank Transfer,0
70,18,115.79,2224.87,9,141.67,4,4,11,27,69.3,5,13,7,11,2.5,Monthly,None,Debit Card,1
42,57,156.07,8861.28,4,47.05,1,1,27,48,80.8,87,8,3,10,23.5,Monthly,None,Credit Card,1
63,,163.85,1199.84,4,5.76,6,2,10,48,68.5,23,15,10,2,46.0,One Year,Fiber,Debit Card,0
21,28,28.16,672.75,6,59.49,4,,3,54,85.3,34,15,8,13,25.4,Two Year,None,Digital Wallet,0
50,39,72.69,2835.4,11,108.94,5,3,14,45,53.1,10,3,4,14,29.9,One Year,None,,0
59,7,168.62,1211.82,2,120.09,6,5,25,23,10.5,68,6,2,13,24.7,Two Year,DSL,Digital Wallet,0
45,70,175.24,14042.47,9,79.01,2,1,0,15,18.5,49,10,0,11,11.4,Monthly,DSL,Debit Card,1
24,35,,4209.55,7,149.66,3,1,25,15,21.0,22,9,9,6,23.8,Monthly,Fiber,Digital Wallet,0
22,4,104.09,452.15,10,102.12,2,5,15,4,28.5,40,6,8,7,27.1,One Year,Fiber,Debit Card,1
54,58,82.84,4627.07,1,142.5,7,2,10,20,57.5,51,2,4,12,11.3,Monthly,DSL,Debit Card,0
50,25,127.85,3008.47,10,86.67,5,3,7,60,7.8,6,1,8,,16.6,Monthly,DSL,Credit Card,0
19,23,61.15,1607.74,7,5.29,4,3,5,57,23.4,62,,3,2,10.2,Two Year,Fiber,Bank Transfer,1
58,57,35.45,2028.27,7,130.73,4,2,27,5,68.8,60,9,,11,30.5,Monthly,Fiber,Credit Card,1
49,35,104.43,3253.05,11,51.43,1,4,24,22,88.6,62,13,3,2,11.2,One Year,None,Credit Card,0
64,36,111.82,4407.71,9,135.1,6,3,2,40,36.9,21,15,1,5,17.5,Monthly,DSL,Bank Transfer,0
52,56,143.51,7881.96,12,138.5,2,,16,24,63.3,57,14,1,11,44.2,One Year,Fiber,Debit Card,1
55,25,155.95,4080.9,9,118.27,4,,23,48,44.1,85,15,10,1,0.1,Monthly,None,Digital Wallet,1
45,21,136.53,2700.34,2,66.65,7,3,30,13,2.0,1,7,9,9,24.8,Two Year,Fiber,Digital Wallet,0
36,55,163.18,8545.41,9,46.47,5,1,21,49,77.3,53,9,9,11,25.6,Two Year,DSL,Debit Card,1
18,27,134.08,3230.51,6,83.16,,5,15,2,59.0,26,15,5,6,48.5,Two Year,DSL,Bank Transfer,0
36,42,94.88,4216.47,6,133.08,2,1,18,10,24.9,53,9,3,1,45.6,Monthly,Fiber,Debit Card,1
40,59,76.16,4168.14,2,24.96,4,3,24,16,62.9,47,0,9,5,41.9,One Year,DSL,Digital Wallet,1
36,20,123.82,2419.9,2,22.25,6,3,15,29,39.7,25,4,10,9,3.0,Monthly,Fiber,Credit Card,1
38,68,142.47,10315.88,10,,3,1,20,30,59.7,30,12,9,8,30.2,Two Year,None,Debit Card,1
57,26,55.55,1312.45,3,79.28,7,4,17,33,20.5,51,4,5,9,6.1,One Year,Fiber,Digital Wallet,0
24,49,72.52,3812.29,3,50.23,4,5,26,46,57.6,30,15,8,8,11.6,Two Year,DSL,Debit Card,1
56,67,19.14,1452.42,4,138.58,5,4,0,43,19.3,26,9,2,10,45.4,Two Year,None,Bank Transfer,0
43,60,,2583.7,6,99.57,4,2,17,6,81.0,57,12,7,8,37.1,One Year,None,Digital Wallet,0
60,30,130.7,3900.0,8,149.38,5,1,11,42,52.7,33,13,8,13,28.7,Two Year,Fiber,Debit Card,1
31,63,61.3,4057.27,2,146.2,2,4,3,4,64.4,30,4,4,9,34.6,One Year,Fiber,Digital Wallet,1
51,69,60.17,4283.32,9,80.71,4,4,2,14,14.4,38,0,6,4,47.2,One Year,Fiber,Bank Transfer,0
31,71,72.46,5554.4,12,59.81,6,5,10,3,3.0,17,9,3,9,32.4,Two Year,DSL,Credit Card,1
57,66,,,11,85.48,7,3,20,52,79.1,40,0,5,2,43.6,Two Year,Fiber,Bank Transfer,0
47,29,71.88,2151.66,5,41.35,7,3,30,51,30.3,48,9,9,10,19.6,Two Year,Fiber,Digital Wallet,0
54,57,90.33,4607.41,2,104.8,3,4,23,44,9.4,41,7,3,1,0.5,One Year,Fiber,Debit Card,0
41,,156.25,1241.1,6,120.84,5,4,24,58,63.0,88,7,8,12,1.9,One Year,Fiber,Bank Transfer,1
105,49,122.1,6301.47,1,139.63,5,1,4,49,86.2,4,15,,14,0.3,Monthly,DSL,Credit Card,0
41,68,160.96,10440.89,9,,5,2,27,10,78.3,32,10,5,7,16.9,Monthly,Fiber,Debit Card,1
65,69,177.63,11554.69,12,13.05,5,5,18,24,59.7,57,12,9,10,10.0,Monthly,Fiber,,1
55,42,111.9,4053.47,,52.71,6,4,19,24,64.3,1,13,3,7,45.2,Two Year,Fiber,Debit Card,0
49,38,21.77,903.43,10,17.4,4,2,0,44,35.1,76,7,8,3,3.5,One Year,Fiber,Digital Wallet,0
69,67,111.2,8026.41,9,59.78,5,5,30,,2.7,82,5,8,5,2.8,Monthly,Fiber,Bank Transfer,1
42,7,107.34,681.45,1,85.86,2,4,1,17,63.7,69,11,,10,21.1,One Year,None,Credit Card,0
35,35,173.62,6248.49,3,81.77,7,4,11,,42.4,79,5,7,11,42.2,Monthly,None,Bank Transfer,1
47,40,102.37,3525.95,6,57.39,2,1,27,51,83.5,6,11,6,1,29.2,One Year,DSL,Digital Wallet,0
41,2,156.75,279.5,12,101.08,6,2,29,22,6.6,50,11,6,7,41.8,One Year,Fiber,Bank Transfer,1
50,47,121.25,6034.24,6,300,5,5,6,53,,73,7,9,,46.3,One Year,DSL,Bank Transfer,1
27,6,131.32,746.7,2,12.86,7,5,23,60,84.0,2,3,0,3,,One Year,DSL,Credit Card,0
67,40,45.9,1932.71,3,25.67,1,1,26,41,53.1,16,13,10,7,38.1,Monthly,,Digital Wallet,0
,,33.0,2145.63,12,37.77,,5,7,7,89.7,47,5,3,8,26.7,,Fiber,Bank Transfer,1
69,26,,3214.65,7,40.01,2,3,13,21,,70,12,6,13,26.6,Two Year,None,Bank Transfer,0
20,5,23.19,111.09,8,86.58,3,2,17,8,30.8,47,1,1,14,15.7,Monthly,,Bank Transfer,1
24,,119.89,9826.88,7,93.34,6,3,19,60,65.7,13,9,8,9,43.6,Monthly,DSL,Credit Card,0
35,55,82.05,5038.85,10,89.29,,1,14,6,5.1,52,11,6,14,7.1,One Year,DSL,Digital Wallet,1
41,38,156.35,,5,35.62,7,4,7,32,83.9,63,13,6,6,30.2,One Year,None,Credit Card,1
32,36,61.46,2394.36,,35.33,7,5,3,54,39.7,23,12,6,5,25.5,One Year,None,Credit Card,0
43,13,66.49,964.59,8,77.75,4,2,22,22,49.3,7,11,3,4,4.3,One Year,Fiber,Debit Card,1
30,45,86.11,4241.4,7,134.56,2,4,16,19,43.8,38,9,7,14,28.9,Monthly,DSL,Debit Card,0
32,15,94.63,1368.46,9,104.99,7,4,17,11,79.5,44,10,10,9,49.5,One Year,None,,1
58,41,129.88,5613.92,4,2.76,4,3,14,18,4.4,57,6,9,8,7.6,Two Year,DSL,Credit Card,0
40,53,71.36,3765.18,9,121.6,1,4,3,33,81.0,37,8,2,6,6.2,Two Year,Fiber,Bank Transfer,0
38,10,111.53,1265.57,2,43.76,3,,16,28,22.8,70,8,,2,48.1,Monthly,None,Digital Wallet,1
59,49,,3112.98,4,46.24,2,2,15,45,86.5,,0,1,14,18.0,Two Year,Fiber,Bank Transfer,0
61,14,77.63,1231.94,1,52.93,4,2,6,31,39.4,66,8,0,12,31.0,Monthly,DSL,,1
50,9,17.57,134.68,1,86.29,4,1,21,20,81.5,13,9,9,,4.9,Two Year,None,Bank Transfer,1
67,25,104.53,2893.5,6,82.58,7,4,5,39,36.7,9,1,8,5,12.1,Two Year,None,Credit Card,0
52,40,102.36,4533.64,11,25.9,2,1,26,39,55.2,58,0,4,12,46.9,One Year,DSL,Bank Transfer,1
19,1,77.31,65.77,5,107.12,1,5,19,4,47.0,65,15,3,4,2.6,Monthly,DSL,Digital Wallet,1
,,45.25,2434.86,7,33.69,4,5,27,21,7.2,26,4,10,7,44.5,One Year,None,Credit Card,0
32,46,49.79,2526.26,2,63.04,7,3,8,,20.1,44,6,9,8,,One Year,DSL,Credit Card,1
60,,148.54,6859.57,4,22.19,,4,26,4,64.9,78,14,2,8,12.8,Monthly,None,Bank Transfer,1
59,32,33.88,1198.8,4,14.12,1,5,19,55,9.8,25,13,5,7,15.5,Monthly,None,Debit Card,0
36,23,85.62,1698.77,2,81.23,6,5,21,12,16.7,66,8,3,6,42.5,Two Year,None,Debit Card,0
56,41,167.43,6454.01,8,85.0,2,3,2,42,44.5,,10,2,10,13.5,One Year,DSL,Bank Transfer,1
38,14,41.79,645.79,12,77.21,5,3,13,13,49.2,54,15,6,7,17.4,One Year,Fiber,Debit Card,1
18,11,42.66,487.2,3,34.06,7,5,15,23,71.2,82,8,2,2,15.1,Two Year,,Debit Card,0
39,37,126.52,5043.35,12,117.73,3,5,16,34,64.7,29,13,8,4,28.1,Monthly,DSL,Debit Card,1
36,28,20.93,648.83,5,103.54,7,3,5,5,33.0,62,6,10,5,39.5,One Year,Fiber,Digital Wallet,0
64,20,175.4,3250.96,1,144.39,4,3,13,58,11.3,69,1,10,15,3.8,Monthly,Fiber,Debit Card,1
24,18,,849.31,5,16.44,,4,19,33,21.8,24,4,8,6,45.6,Monthly,DSL,Debit Card,0
44,30,118.61,3464.85,11,19.58,3,3,10,13,81.9,13,10,10,1,13.3,Monthly,None,Digital Wallet,0
46,64,105.82,7401.92,12,124.53,1,1,20,23,69.0,12,6,2,7,26.8,Monthly,Fiber,Debit Card,0
43,25,70.72,1923.46,6,91.82,1,2,6,46,36.0,72,6,,1,43.8,One Year,DSL,Credit Card,1
33,23,48.04,1120.89,5,44.35,3,2,14,36,66.2,55,5,10,7,0.3,Monthly,Fiber,Bank Transfer,1
19,30,17.4,539.53,9,80.34,5,5,2,39,65.7,1,15,8,7,24.8,Two Year,DSL,Debit Card,0
24,,161.34,2680.31,4,84.51,7,4,,25,12.4,30,,9,12,33.1,Monthly,Fiber,,1
39,15,96.58,1628.11,8,114.2,2,4,6,22,20.0,21,15,0,3,25.2,Two Year,None,Digital Wallet,0
45,65,86.41,6269.7,8,55.66,5,3,6,5,9.8,20,2,0,12,,One Year,DSL,Credit Card,1
57,33,153.99,4634.6,9,140.26,6,3,21,51,27.5,25,2,0,6,17.7,One Year,Fiber,Credit Card,0
61,,179.72,1555.31,7,49.92,4,1,17,59,57.4,74,10,8,7,30.5,Two Year,Fiber,Bank Transfer,1
37,,57.22,1387.87,1,39.63,3,3,5,48,10.9,44,13,0,7,6.9,Monthly,None,Credit Card,0
61,35,22.88,818.64,11,109.46,7,5,18,8,29.9,38,3,4,1,17.9,Monthly,None,Bank Transfer,1
23,,126.29,3890.56,4,107.42,5,4,29,15,71.0,32,2,2,3,40.2,One Year,DSL,Debit Card,1
35,29,750,4053.34,2,43.16,2,5,29,47,37.0,37,4,4,1,26.8,Monthly,DSL,Bank Transfer,0
35,18,75.62,1253.88,9,105.04,7,4,16,42,31.7,80,5,7,13,40.7,One Year,None,Debit Card,1
24,71,121.84,7618.03,2,46.35,7,4,12,8,84.3,20,1,9,13,24.4,Monthly,Fiber,Digital Wallet,0
18,,126.22,6767.1,1,124.74,6,3,19,5,8.6,43,6,3,2,,Monthly,None,Bank Transfer,0
33,64,113.76,6192.27,6,8.19,6,2,,49,44.1,44,14,2,13,18.4,One Year,Fiber,,1
61,15,68.35,945.32,0,1.61,7,2,10,25,52.6,53,8,7,13,12.6,Monthly,Fiber,Debit Card,1
24,46,30.09,1348.66,3,91.72,5,3,5,10,38.3,55,6,1,,15.1,Monthly,Fiber,Credit Card,0
59,40,129.08,4570.72,1,53.69,4,3,6,55,74.1,48,13,7,2,10.4,One Year,,Debit Card,1
65,,68.6,2421.57,12,96.02,2,2,28,21,62.5,39,10,2,14,35.8,One Year,None,Debit Card,1
56,53,73.62,3829.43,5,82.69,6,2,11,,12.5,77,15,,11,19.4,Monthly,DSL,Bank Transfer,1
30,10,68.37,589.54,4,39.56,4,5,6,1,250,57,10,0,2,20.0,Monthly,DSL,Credit Card,0
59,35,109.24,3539.73,0,101.53,2,4,30,39,57.3,25,13,4,3,23.2,Monthly,None,Credit Card,0
43,34,127.9,4924.11,3,58.43,4,5,20,50,44.3,55,15,10,5,19.5,Two Year,Fiber,Digital Wallet,0
44,25,15.79,428.85,11,35.25,2,2,15,40,70.2,70,4,1,14,22.6,,None,Digital Wallet,1
48,16,114.5,,4,128.58,3,5,3,55,49.5,15,9,7,6,21.1,Monthly,DSL,Credit Card,0
52,37,111.22,3900.68,11,22.96,1,4,16,,18.2,20,14,9,6,35.5,Monthly,DSL,,0
54,49,78.12,4025.87,,92.44,5,2,5,47,31.7,57,1,8,9,16.7,Monthly,DSL,Credit Card,1
70,29,62.12,1935.75,7,110.64,7,1,2,12,6.3,60,6,0,14,42.1,Monthly,Fiber,Bank Transfer,1
,13,129.55,1501.91,10,23.53,1,4,4,10,19.3,26,7,5,12,27.7,Monthly,Fiber,Bank Transfer,1
62,16,172.96,2872.36,9,87.59,7,4,29,51,23.4,84,14,9,3,,One Year,DSL,Digital Wallet,0
70,21,,994.62,8,107.28,2,2,,50,35.7,52,,1,5,12.8,One Year,None,Digital Wallet,1
35,26,18.9,477.09,0,57.63,1,3,21,44,87.7,71,9,9,10,31.3,Two Year,None,Digital Wallet,1
29,66,28.06,1690.0,12,1.2,3,2,29,42,,15,9,1,10,35.3,Monthly,Fiber,Digital Wallet,0
33,25,18.49,,0,149.8,7,3,18,22,6.6,36,9,3,14,43.7,One Year,Fiber,Debit Card,1
59,1,38.44,38.67,10,39.92,1,4,2,44,35.2,27,13,2,5,41.5,Two Year,None,Bank Transfer,0
25,55,53.39,2707.87,1,29.77,1,3,15,46,60.5,9,1,3,8,20.5,Monthly,Fiber,Digital Wallet,0
39,35,35.16,1166.47,5,,7,5,6,34,32.8,55,7,5,,25.9,Monthly,DSL,,0
35,56,82.74,4634.04,12,72.09,7,2,5,44,82.1,7,3,0,15,8.9,Two Year,None,Credit Card,0
51,44,128.05,6207.3,8,55.46,1,1,26,4,10.3,49,1,2,4,38.3,One Year,Fiber,Bank Transfer,1
55,51,99.05,5067.08,0,15.06,3,1,17,8,76.7,88,7,5,7,11.4,Monthly,DSL,Digital Wallet,1
43,7,38.57,237.19,8,87.66,4,5,28,41,50.8,35,14,8,13,34.3,One Year,Fiber,Credit Card,0
30,69,52.88,3647.24,7,112.2,3,,0,42,74.0,32,15,3,1,49.5,Two Year,Fiber,Debit Card,0
28,13,50.57,697.7,11,45.06,5,2,9,41,80.0,11,9,3,1,13.7,One Year,DSL,Digital Wallet,0
52,38,39.2,1412.58,6,33.55,5,1,24,2,83.8,75,14,6,9,36.0,Two Year,Fiber,Debit Card,1
18,8,57.62,477.34,1,100.16,2,1,6,2,41.0,49,12,1,8,0.2,Two Year,Fiber,Digital Wallet,1
43,72,136.06,,4,119.53,5,2,25,42,,76,15,2,9,15.5,Two Year,Fiber,Credit Card,0
54,51,114.72,5370.36,4,38.53,,1,10,24,40.7,39,15,7,3,4.1,Monthly,None,Digital Wallet,0
,52,40.2,2220.32,9,11.62,1,3,18,,83.1,,15,2,14,9.7,Two Year,Fiber,Credit Card,0
62,50,,4655.75,,36.8,4,2,3,45,50.0,46,6,5,9,47.0,Two Year,None,Credit Card,0
37,62,21.5,1478.74,5,104.23,1,2,26,27,30.0,44,12,,,34.0,One Year,DSL,Digital Wallet,1
24,43,90.63,4239.3,1,145.69,7,1,4,3,,2,3,8,12,32.9,Two Year,DSL,Debit Card,0
54,55,95.94,5418.67,2,120.7,4,2,11,47,78.7,17,11,7,7,3.9,Monthly,None,Debit Card,1
70,66,121.53,8106.43,,62.96,5,4,21,49,60.9,81,6,0,14,,One Year,Fiber,Debit Card,0
60,64,104.13,6098.31,1,,1,1,22,16,21.3,74,6,0,10,0.7,Monthly,Fiber,Debit Card,1
70,54,71.87,3658.92,11,138.02,6,5,21,54,3.4,38,1,5,7,16.6,Monthly,Fiber,Bank Transfer,0
49,5,125.97,689.72,9,7.44,3,5,1,10,62.0,59,0,4,7,9.6,Two Year,Fiber,Credit Card,0
30,67,84.3,5252.83,,81.35,4,2,13,38,82.0,53,2,6,12,9.7,One Year,None,Digital Wallet,0
47,59,67.52,4100.47,11,138.48,5,3,29,,71.4,88,12,9,2,17.9,,None,Digital Wallet,0
52,12,125.82,1403.3,11,21.17,3,2,25,29,68.2,60,1,5,1,39.6,One Year,DSL,Bank Transfer,1
45,21,58.81,1361.94,8,12.51,6,5,17,43,74.3,49,14,8,10,35.8,Monthly,Fiber,Debit Card,0
25,26,101.72,2297.39,4,125.77,1,3,28,11,3.9,30,8,9,14,32.8,Two Year,DSL,Debit Card,1
65,23,105.06,2607.95,1,140.37,3,1,9,25,17.6,,,10,12,,One Year,DSL,Debit Card,1
60,21,94.45,1821.15,0,75.48,5,1,7,20,30.0,37,9,6,11,25.0,Monthly,Fiber,Credit Card,0
20,42,63.83,2762.34,8,63.08,4,4,25,46,60.5,7,15,9,15,0.1,Two Year,Fiber,Bank Transfer,0
44,9,91.79,850.07,5,18.16,7,1,6,46,75.9,51,5,5,8,34.7,Monthly,Fiber,Credit Card,0
64,5,38.51,165.16,7,113.84,7,5,22,22,34.9,3,1,4,5,13.7,One Year,DSL,Digital Wallet,0
20,48,134.97,7248.17,7,56.26,2,2,0,11,12.0,40,5,8,4,28.2,Monthly,DSL,Debit Card,1
25,30,120.94,3855.54,11,111.27,6,4,,1,61.1,27,4,4,9,49.0,Monthly,Fiber,Debit Card,0
48,47,84.37,3936.67,4,140.36,4,5,10,14,250,35,3,4,9,14.1,One Year,None,Credit Card,0
46,46,93.58,4477.17,4,65.86,3,5,10,44,68.0,70,11,6,14,15.0,Monthly,None,Debit Card,0
46,31,58.79,1843.35,2,127.2,5,5,30,24,10.0,44,4,2,11,26.1,Monthly,DSL,Credit Card,1
47,62,102.5,5860.32,10,10.66,3,5,28,31,60.5,56,9,7,7,38.9,Two Year,DSL,Credit Card,0
19,25,26.11,659.97,12,149.68,7,2,15,32,78.9,53,1,6,11,27.0,Two Year,None,Digital Wallet,1
63,37,135.52,4524.93,0,49.91,6,1,21,53,76.0,60,9,6,3,7.2,Monthly,DSL,Debit Card,1
44,43,30.29,1388.91,5,115.9,3,2,2,9,7.6,9,7,8,3,31.4,Two Year,None,Digital Wallet,0
52,56,124.05,6795.1,12,,6,3,13,54,38.1,6,3,7,1,40.0,Two Year,DSL,Debit Card,0
47,5,32.66,182.77,11,50.55,6,2,5,,29.1,,8,6,15,18.7,Monthly,None,Bank Transfer,0
53,58,174.39,11534.99,3,137.98,1,4,17,16,,23,5,7,12,6.2,Monthly,None,Credit Card,0
21,,28.57,506.68,8,8.2,6,5,8,29,87.7,40,10,5,8,34.2,Monthly,DSL,Debit Card,1
29,30,160.77,4198.45,2,149.14,6,1,17,51,74.5,30,13,6,10,40.6,One Year,None,Debit Card,1
50,2,101.52,196.34,8,122.04,4,2,4,37,88.3,58,10,8,5,37.8,One Year,Fiber,Digital Wallet,1
59,25,,2384.52,4,137.26,4,5,16,,32.6,69,0,9,1,,Monthly,None,Bank Transfer,0
30,7,149.7,936.94,6,44.01,6,3,16,58,48.8,72,15,2,5,13.4,One Year,DSL,Debit Card,1
64,68,127.91,,10,139.37,5,2,14,20,53.6,87,1,9,9,4.6,Monthly,Fiber,Debit Card,1
66,10,71.3,626.66,2,96.99,5,3,2,14,35.7,,1,5,5,42.0,,DSL,Bank Transfer,1
32,63,16.3,1108.97,7,74.97,3,1,19,4,68.1,26,5,2,12,21.5,One Year,Fiber,Bank Transfer,0
47,66,138.25,8412.33,6,70.42,3,5,9,28,26.0,81,7,1,13,3.1,Monthly,Fiber,Debit Card,0
52,46,148.82,6317.31,11,65.48,4,2,,48,33.3,43,5,1,10,21.1,Two Year,DSL,Bank Transfer,0
57,54,105.01,5055.73,3,14.43,2,1,4,,85.8,46,6,,3,34.5,Monthly,DSL,Credit Card,1
90,43,92.12,4154.84,7,135.5,4,4,26,40,63.9,83,5,,5,44.9,One Year,DSL,Digital Wallet,1
56,57,26.45,1385.78,1,56.39,7,4,25,34,75.4,26,3,10,1,6.5,Monthly,DSL,,0
64,55,161.2,9057.22,4,144.98,5,3,11,33,20.8,12,0,,1,9.6,One Year,None,Bank Transfer,0
48,18,77.37,1468.39,11,120.53,,1,26,12,45.2,9,,6,5,9.2,Two Year,Fiber,Debit Card,1
67,57,149.33,9608.17,8,143.18,5,1,15,16,40.3,53,9,9,8,2.1,Two Year,None,Bank Transfer,1
57,,135.14,142.57,1,,4,3,7,48,,30,11,6,3,9.4,One Year,,Debit Card,1
22,16,160.64,2946.39,7,1.3,1,1,1,35,78.7,22,4,0,6,11.8,Two Year,Fiber,Credit Card,0
33,46,78.27,3888.1,8,85.9,1,3,13,25,8.2,57,3,0,14,4.6,One Year,None,Debit Card,1
47,46,162.99,7753.62,1,115.46,4,2,18,3,71.6,53,10,0,12,20.1,,None,Bank Transfer,1
45,5,45.16,256.16,3,18.61,1,2,26,23,6.7,88,9,5,1,19.7,Monthly,Fiber,Digital Wallet,1
21,45,40.49,2044.86,1,99.32,4,5,26,17,70.5,81,10,6,15,15.0,Two Year,DSL,Digital Wallet,0
67,33,82.94,3030.09,1,42.07,6,5,9,1,3.5,1,3,3,13,47.0,One Year,DSL,,0
35,63,135.72,7312.03,7,36.42,7,2,6,12,15.0,84,7,,8,21.4,Monthly,None,Debit Card,0
31,31,59.31,1587.31,5,41.75,4,4,12,24,,53,13,,1,34.9,Monthly,Fiber,Credit Card,0
56,12,155.65,1656.32,6,,6,3,15,39,68.2,79,6,,4,47.9,Two Year,None,Credit Card,1
26,51,,9313.04,6,144.59,2,1,30,21,87.4,44,11,10,9,2.4,Monthly,None,Digital Wallet,1
67,44,91.05,3523.67,11,32.19,5,2,23,47,50.5,24,15,0,11,37.1,One Year,DSL,Bank Transfer,1
58,41,500,763.49,10,81.48,2,5,11,46,88.9,86,9,1,9,47.0,Monthly,None,Debit Card,1
43,36,178.48,6335.78,1,70.76,7,4,7,15,76.0,,1,1,1,21.1,Monthly,DSL,Credit Card,0
68,63,28.68,1792.19,3,12.31,1,5,4,57,36.1,82,15,7,6,20.9,Two Year,None,Credit Card,0
19,39,34.11,1303.81,6,2.1,3,4,12,56,76.0,10,5,8,10,6.5,Monthly,,Credit Card,0
38,65,86.08,5124.15,8,121.43,1,5,15,21,21.6,25,12,3,2,47.9,Two Year,Fiber,Digital Wallet,0
24,67,128.2,7610.41,7,48.3,4,5,13,14,24.0,,8,9,7,46.8,Two Year,None,Debit Card,1
44,20,70.82,1349.74,12,36.47,1,2,25,54,32.8,7,14,5,7,31.3,Monthly,DSL,Bank Transfer,1
,6,98.65,564.91,3,43.89,5,5,7,59,9.5,77,5,7,12,49.4,One Year,DSL,Debit Card,0
49,25,37.72,1072.37,1,,1,4,21,31,9.6,62,14,10,,6.0,Monthly,DSL,Credit Card,1
49,29,87.06,2523.31,5,,3,1,15,41,56.0,64,,10,9,0.3,Monthly,Fiber,Credit Card,0
23,30,54.4,1795.29,10,95.91,6,1,8,53,50.2,2,8,0,2,4.7,Monthly,None,Debit Card,1
60,72,157.63,12642.66,9,22.92,7,4,30,10,25.5,31,14,6,5,16.1,Monthly,None,Bank Transfer,1
54,13,76.6,1052.05,8,111.78,2,2,29,26,85.1,79,14,4,8,44.2,Two Year,None,Credit Card,1
,16,114.54,1941.14,9,113.21,7,5,25,15,21.6,66,4,6,6,21.1,Two Year,DSL,Digital Wallet,0
22,18,77.2,1352.68,9,87.25,4,5,27,37,78.8,58,14,10,1,33.8,Two Year,None,Digital Wallet,0
42,46,90.23,4655.02,4,138.99,6,4,11,54,54.5,56,10,9,15,45.5,One Year,DSL,Digital Wallet,1
60,65,17.59,1281.39,5,5.58,7,4,16,9,18.9,31,15,3,14,45.0,Two Year,Fiber,Bank Transfer,1
36,12,167.89,2146.98,6,75.06,5,4,26,22,41.5,57,7,10,14,27.2,One Year,DSL,Digital Wallet,1
65,47,40.64,2181.15,3,20.73,2,2,0,41,31.2,56,5,10,9,26.3,Monthly,Fiber,Debit Card,0
70,45,70.06,3390.89,7,60.05,7,2,1,33,48.0,27,15,10,1,21.9,Two Year,None,Credit Card,0
61,2,,152.08,10,97.56,3,3,7,50,29.0,79,2,9,14,24.6,One Year,Fiber,Bank Transfer,0
43,63,35.47,2370.87,12,115.81,3,5,16,41,29.8,74,12,3,5,10.1,One Year,None,Credit Card,0
34,14,83.9,1048.19,11,,7,4,30,30,17.7,1,12,2,9,33.2,Monthly,Fiber,Debit Card,1
24,48,159.3,7412.73,7,9.75,6,5,2,33,42.9,59,3,0,5,39.3,Two Year,None,Debit Card,0
20,61,148.65,10183.12,9,82.77,6,1,4,12,8.9,13,12,0,6,1.7,One Year,DSL,Credit Card,0
58,12,,1049.29,7,134.92,3,1,8,27,75.5,44,11,4,6,4.3,Monthly,Fiber,Debit Card,0
39,47,111.86,5123.4,12,45.6,5,1,11,42,38.1,24,0,3,7,10.0,Two Year,DSL,Bank Transfer,0
39,,23.99,81.41,4,31.71,2,3,27,42,2.1,72,2,6,6,11.6,One Year,DSL,Credit Card,0
59,56,116.2,7179.08,,117.07,4,4,16,41,10.7,26,8,,5,39.8,Monthly,DSL,Bank Transfer,0
45,36,142.2,4450.88,5,32.8,1,5,0,43,25.4,44,2,8,5,2.0,One Year,Fiber,Debit Card,0
34,52,75.06,4230.58,3,22.14,4,1,1,3,,83,3,2,7,38.3,One Year,Fiber,Bank Transfer,0
63,4,135.93,553.66,9,120.23,6,1,11,4,83.8,12,12,3,4,28.3,Two Year,Fiber,Debit Card,0
69,51,35.97,1879.89,3,20.55,5,4,11,32,67.7,15,3,9,3,35.4,Two Year,None,,0
67,28,15.43,,2,130.71,7,5,3,,20.6,83,5,4,6,5.8,One Year,None,Credit Card,0
,16,127.53,2085.22,0,73.97,7,1,,31,14.4,19,,3,12,16.3,Monthly,Fiber,Debit Card,1
23,48,55.79,2623.11,11,113.28,7,4,23,9,65.2,45,0,4,12,46.5,Two Year,Fiber,Bank Transfer,1
68,58,124.75,6345.66,6,82.82,5,5,17,12,8.8,83,4,4,5,19.3,,Fiber,Digital Wallet,1
26,63,15.64,992.17,10,43.08,7,4,28,15,14.5,20,6,2,3,12.6,One Year,Fiber,Digital Wallet,0
53,28,79.8,2399.38,2,51.39,1,3,10,9,84.2,62,8,7,6,30.6,One Year,DSL,Digital Wallet,1
23,57,85.0,4430.51,4,12.16,3,4,18,20,60.8,4,,5,3,37.8,Monthly,Fiber,Debit Card,0
35,39,152.91,6254.67,12,35.17,6,3,,37,,47,10,0,13,27.5,Two Year,None,Digital Wallet,0
69,34,96.53,3495.68,12,18.57,3,4,0,59,39.7,,11,0,2,35.3,Monthly,Fiber,Credit Card,0
60,58,88.18,4538.93,9,129.95,,4,5,19,47.6,74,4,6,2,17.4,Two Year,None,Debit Card,1
66,55,105.67,6209.63,8,,5,2,0,47,43.7,64,0,9,9,25.7,Monthly,Fiber,Credit Card,0
26,46,44.19,,10,105.66,5,3,24,10,19.2,44,8,7,10,4.1,Monthly,None,Debit Card,1
67,17,,2165.01,0,25.55,1,1,0,51,61.2,21,5,7,10,28.1,Monthly,DSL,Digital Wallet,0
68,66,163.54,9976.45,12,92.05,7,3,29,14,16.9,4,7,2,14,8.5,Monthly,None,Credit Card,0
47,61,120.9,6296.43,7,115.94,1,4,3,51,32.6,48,10,2,5,19.1,Two Year,None,Bank Transfer,0
28,7,104.32,646.35,5,13.1,2,2,,56,46.9,49,1,0,10,29.2,Two Year,DSL,Bank Transfer,0
25,14,143.58,1774.92,9,134.76,2,4,9,54,83.1,62,7,7,3,34.8,Two Year,None,Credit Card,0
27,41,114.36,4584.77,4,78.41,2,3,24,15,63.5,72,14,8,15,33.0,Two Year,DSL,Credit Card,1
60,24,148.56,,9,103.64,3,5,29,57,54.4,41,15,1,13,29.1,One Year,None,Digital Wallet,1
47,12,114.03,1197.37,10,105.86,1,2,11,13,21.3,28,11,9,3,5.7,One Year,Fiber,Debit Card,1
39,12,76.52,927.35,11,139.67,6,4,13,16,74.0,14,8,30,4,27.1,Monthly,DSL,Credit Card,1
37,19,156.61,3420.44,1,126.69,6,5,24,33,56.6,43,8,9,,,Two Year,Fiber,Digital Wallet,1
55,43,34.4,1348.42,6,98.3,4,3,17,8,26.5,11,,7,15,13.2,Two Year,Fiber,Credit Card,0
21,15,151.25,1931.7,6,37.58,2,2,8,,25.9,20,12,5,13,13.3,Two Year,None,Bank Transfer,1
50,65,34.88,2321.12,8,98.26,3,3,2,29,54.6,44,9,3,7,29.0,Monthly,None,Debit Card,1
56,33,103.08,3498.06,0,146.21,3,5,8,4,48.2,77,2,0,1,20.8,One Year,DSL,Credit Card,0
62,28,46.05,,3,13.32,4,5,30,49,16.8,49,9,0,,45.8,Two Year,Fiber,Credit Card,0
18,44,108.05,4860.66,,98.49,4,3,0,34,12.1,48,14,1,1,28.8,One Year,None,Digital Wallet,1
19,42,114.88,5302.13,0,81.28,3,2,23,32,27.5,34,11,5,12,26.6,Two Year,,Credit Card,1
64,56,78.56,4685.51,4,132.72,2,3,29,30,86.1,13,4,6,9,27.4,Two Year,Fiber,Credit Card,0
69,72,159.08,13148.65,11,94.26,2,2,1,6,54.6,5,6,0,8,31.4,Two Year,Fiber,Digital Wallet,0
26,32,174.2,5027.22,5,137.7,5,1,2,42,67.2,79,3,2,,22.0,One Year,Fiber,Bank Transfer,0
52,4,89.22,357.19,4,47.0,3,4,14,28,70.9,2,1,4,14,32.9,Monthly,DSL,Digital Wallet,0
38,64,30.26,1842.87,4,131.24,5,3,25,,52.0,45,2,9,7,3.2,Two Year,None,Credit Card,0
22,34,19.63,743.19,0,50.54,6,3,9,55,52.3,21,11,2,,5.5,One Year,Fiber,Digital Wallet,0
69,28,146.04,4673.24,12,136.54,1,4,28,26,36.4,51,15,5,12,,One Year,None,Bank Transfer,1
33,14,153.23,2316.63,7,88.59,4,1,12,59,,71,2,1,3,13.9,Monthly,DSL,Digital Wallet,1
45,29,69.0,2106.42,9,63.52,5,1,27,7,52.1,18,14,1,13,38.8,One Year,Fiber,Debit Card,1
56,30,74.09,2491.87,,13.19,6,4,5,55,38.7,42,2,3,3,39.6,One Year,Fiber,Debit Card,0
68,34,169.73,6333.61,0,12.79,7,5,4,14,19.8,16,1,0,3,16.2,Two Year,Fiber,Credit Card,0
64,52,92.72,4544.98,12,,5,3,7,15,12.0,,10,6,5,34.9,Monthly,DSL,Digital Wallet,1
65,72,160.5,,10,16.42,5,3,17,60,84.1,30,,6,5,28.1,Monthly,DSL,Debit Card,0
55,54,,3483.03,7,112.88,4,4,6,42,55.8,6,6,2,3,4.8,Two Year,None,Credit Card,0
,66,40.73,3086.08,11,123.63,7,3,10,32,25.1,86,2,2,13,37.7,Monthly,Fiber,Credit Card,0
30,25,62.91,1740.19,1,70.64,6,,18,58,28.8,89,10,10,6,44.1,One Year,,Digital Wallet,0
66,49,39.84,1777.42,7,125.08,1,4,3,48,14.0,29,9,5,12,48.6,,DSL,,0
46,44,77.8,,12,92.99,2,2,0,4,84.3,,9,2,3,11.5,One Year,Fiber,Digital Wallet,0
37,30,178.03,5600.58,3,110.53,7,3,29,6,73.4,79,14,,12,8.0,Monthly,Fiber,Credit Card,1
57,21,87.92,2037.2,12,146.01,6,5,6,47,6.9,,13,10,5,6.3,Two Year,None,Credit Card,0
23,64,166.83,11750.01,,11.74,1,1,19,56,,87,8,6,1,2.4,One Year,Fiber,Credit Card,1
39,50,163.25,8247.82,6,106.65,1,1,6,36,76.1,45,6,7,11,31.6,Monthly,DSL,Debit Card,0
29,2,42.48,92.33,2,46.47,5,5,17,56,83.7,62,13,9,14,36.3,One Year,DSL,Digital Wallet,1
43,41,66.46,2783.54,9,143.27,5,5,,17,39.3,9,5,10,13,14.8,Two Year,Fiber,Bank Transfer,0
55,9,171.61,1501.03,11,76.64,6,4,17,44,85.5,71,5,2,3,,Two Year,DSL,Bank Transfer,0
69,38,60.94,2516.52,10,119.58,5,3,16,23,71.1,50,9,4,6,4.0,One Year,Fiber,Credit Card,1
47,18,117.41,2168.17,4,,6,1,15,5,21.3,74,2,4,4,45.2,Monthly,DSL,Digital Wallet,1
60,51,34.02,1873.53,3,110.14,3,3,8,24,,81,4,5,12,28.6,Monthly,Fiber,Digital Wallet,1
18,,146.01,7602.49,10,33.05,5,4,17,2,23.2,78,6,4,7,28.0,Monthly,Fiber,,1
31,15,149.76,,10,,5,2,17,60,15.9,87,2,8,14,,Two Year,DSL,Credit Card,1
57,65,65.06,4404.69,5,51.29,,1,12,33,12.5,12,2,4,7,6.7,Two Year,DSL,Digital Wallet,0
58,53,41.57,2183.04,11,,2,4,28,46,17.6,29,3,4,5,43.6,One Year,DSL,Credit Card,0
35,58,71.59,4339.31,1,44.76,4,2,7,35,25.0,41,9,,13,0.2,Monthly,,Debit Card,1
57,67,121.76,8164.74,8,15.47,1,2,1,23,79.1,31,1,8,10,26.0,Two Year,Fiber,Credit Card,0
62,20,122.86,2225.24,11,6.42,6,3,28,5,73.2,54,13,9,8,2.3,,DSL,Debit Card,1
28,71,42.16,3179.69,7,43.78,6,1,21,1,54.7,84,15,7,4,16.4,One Year,None,Digital Wallet,1
60,45,112.55,5415.32,2,,3,,29,13,6.6,20,10,3,5,34.2,Monthly,DSL,Bank Transfer,0
55,29,91.73,2601.27,10,49.57,4,3,9,2,20.5,11,8,8,3,9.2,Monthly,None,,0
39,64,44.79,3201.72,5,56.56,2,2,3,26,73.3,83,10,5,6,0.0,One Year,None,Bank Transfer,0
18,46,174.55,8791.43,11,59.08,4,,4,36,46.3,74,6,9,3,39.7,Two Year,None,Digital Wallet,0
50,68,17.4,1016.77,10,101.92,7,2,16,23,27.1,39,6,0,6,8.7,Monthly,None,Digital Wallet,1
34,13,86.31,1218.76,3,98.06,1,4,20,11,45.7,33,4,0,1,43.7,Two Year,,Bank Transfer,1
59,38,147.64,4776.61,7,85.73,2,5,29,29,43.7,71,2,0,15,13.1,One Year,,Credit Card,0
67,4,137.29,609.17,2,132.36,3,5,24,29,48.0,81,1,4,,38.4,One Year,Fiber,Bank Transfer,1
50,,91.39,6701.4,12,52.72,7,1,10,45,84.8,78,5,2,10,5.7,Two Year,Fiber,Digital Wallet,0
55,5,118.71,575.38,8,42.65,1,3,22,31,76.5,88,7,3,1,39.0,Two Year,None,Bank Transfer,1
59,13,65.29,951.58,10,149.12,5,2,24,57,46.1,17,14,6,8,41.1,One Year,DSL,,1
33,57,61.19,3391.69,6,114.62,4,5,10,53,38.9,87,14,1,7,14.8,One Year,Fiber,Credit Card,1
43,67,75.89,5558.82,2,46.95,4,1,13,34,45.5,62,,5,7,31.9,One Year,None,Debit Card,1
105,2,35.22,61.6,2,98.87,7,5,16,13,63.0,34,2,4,2,2.7,,None,Debit Card,1
23,59,149.02,8706.23,11,84.23,3,4,18,28,10.5,75,8,2,4,38.9,Monthly,Fiber,Credit Card,1
38,69,40.43,3087.47,7,112.55,5,1,23,32,5.8,23,14,8,11,39.3,One Year,DSL,Debit Card,1
36,21,69.46,1317.96,4,102.0,1,2,12,40,79.3,80,10,10,5,19.9,One Year,None,Debit Card,0
18,62,,7993.43,7,22.79,7,2,22,8,,66,14,0,9,44.0,Two Year,Fiber,Debit Card,1
,36,72.82,2686.14,5,131.18,1,5,5,37,80.6,2,6,8,12,49.9,One Year,None,Credit Card,0
53,39,60.95,2686.09,2,67.88,2,4,,9,60.0,70,8,9,15,14.8,Two Year,None,Bank Transfer,0
47,8,58.56,462.25,1,52.26,4,5,5,26,80.7,2,13,0,15,27.0,Monthly,Fiber,Debit Card,1
61,3,17.28,53.96,9,71.15,1,4,20,31,66.3,70,4,10,5,21.1,Two Year,DSL,Debit Card,1
27,20,44.86,808.39,2,77.35,1,4,19,2,20.0,40,6,2,12,44.8,Monthly,Fiber,,1
37,34,37.8,1119.95,12,132.2,7,1,16,14,50.9,82,2,4,13,27.2,Two Year,None,Bank Transfer,1
60,22,178.48,3530.86,10,143.36,2,,16,47,28.5,50,3,9,10,28.4,Monthly,,Credit Card,1
43,26,39.21,1146.63,1,36.36,2,,29,49,63.0,87,5,1,13,13.0,Two Year,DSL,Bank Transfer,0
26,20,93.88,1998.38,4,148.58,5,5,15,52,25.2,32,5,2,11,17.2,Two Year,DSL,Debit Card,1
49,33,99.99,3602.41,10,8.3,2,4,26,18,76.5,18,1,0,7,32.9,Two Year,None,Debit Card,1
47,63,55.12,3404.54,10,57.58,,3,30,33,33.3,66,14,7,,36.4,Two Year,DSL,Digital Wallet,0
32,30,69.85,1920.98,,75.07,5,,5,16,49.0,75,9,10,1,16.3,Two Year,None,Bank Transfer,0
47,49,140.74,7831.28,2,69.77,6,5,3,10,67.4,5,14,9,11,20.0,One Year,None,Credit Card,0
69,46,41.11,1756.14,2,113.28,3,4,3,56,41.6,,,2,1,3.9,Two Year,None,Credit Card,1
46,42,120.28,4798.58,6,68.47,7,3,,16,34.4,5,13,7,12,15.2,One Year,DSL,,0
49,16,130.66,2083.16,7,78.15,7,5,1,16,3.6,21,9,9,14,6.8,Two Year,None,Credit Card,0
18,72,50.38,3412.6,8,72.23,1,3,22,21,71.5,2,6,9,11,9.7,Monthly,None,Credit Card,1
41,35,48.96,1881.65,3,66.43,2,1,4,60,64.6,47,0,4,9,45.0,Two Year,None,Credit Card,0
52,64,130.79,8534.17,9,69.64,2,2,20,38,13.7,61,1,9,10,7.2,Two Year,Fiber,Digital Wallet,1
,13,118.8,1507.13,0,41.83,4,,17,27,82.1,5,7,8,2,42.6,Two Year,Fiber,Bank Transfer,0
48,6,92.17,533.08,9,142.37,6,4,27,56,74.1,34,8,9,2,6.0,One Year,Fiber,Credit Card,1
34,22,87.66,,5,50.47,4,2,0,48,11.0,64,1,8,8,6.8,Two Year,DSL,Debit Card,0
19,17,41.62,756.73,12,27.36,6,3,5,8,62.5,,15,10,3,12.1,Monthly,None,,1
22,50,78.31,4342.66,8,24.22,4,4,24,24,71.9,56,4,7,8,23.3,Two Year,None,Bank Transfer,0
40,25,130.91,3077.57,6,137.82,,4,9,58,68.8,7,12,8,4,13.0,Two Year,None,Digital Wallet,0
56,65,95.81,6091.45,4,113.62,4,2,19,9,51.7,63,,3,7,38.4,One Year,Fiber,Credit Card,0
52,9,29.09,223.55,0,72.58,6,4,17,16,87.6,14,5,6,4,23.8,One Year,Fiber,,0
21,27,165.41,4045.33,0,110.1,1,5,6,15,57.0,19,5,7,14,12.9,One Year,DSL,Bank Transfer,0
40,37,141.84,5897.03,2,66.83,4,5,26,12,27.5,56,14,1,8,15.6,,DSL,Digital Wallet,1
67,34,35.74,1034.98,,56.7,2,4,13,39,87.7,21,6,7,7,4.3,Two Year,Fiber,Bank Transfer,0
56,27,165.48,4527.75,8,129.0,4,5,0,39,8.2,64,2,2,2,47.1,One Year,Fiber,Bank Transfer,0
63,72,33.42,2358.83,1,5.52,4,2,5,46,30.6,13,6,3,6,21.0,Two Year,DSL,Bank Transfer,0
61,24,146.59,3184.21,8,38.49,,1,27,,33.2,89,4,0,1,13.3,Monthly,,Credit Card,1
50,16,,641.53,9,59.9,4,4,29,52,60.2,65,6,0,4,48.6,One Year,Fiber,Bank Transfer,1
57,28,,4432.44,1,32.36,4,5,30,52,24.7,14,9,10,2,35.6,Two Year,DSL,Digital Wallet,0
24,72,,4295.59,,23.43,5,3,19,48,39.5,31,10,1,15,28.5,Monthly,DSL,Digital Wallet,1
66,45,119.58,6048.4,3,104.25,1,1,1,54,42.6,22,14,9,10,23.7,Monthly,DSL,Digital Wallet,0
60,42,22.81,1075.64,5,92.74,6,1,21,11,80.0,23,15,2,6,13.5,One Year,None,Bank Transfer,0
58,2,55.8,95.31,9,47.92,2,3,8,51,39.7,56,4,3,10,18.8,Two Year,DSL,Debit Card,0
46,41,162.5,6476.84,,1.17,4,2,12,49,44.5,38,0,9,12,28.9,Monthly,DSL,Debit Card,1
26,22,116.85,2743.44,7,58.83,5,1,6,26,8.1,81,11,4,5,1.3,Two Year,Fiber,Credit Card,0
57,47,78.08,3140.58,5,112.24,3,5,9,5,88.3,34,5,2,9,11.2,One Year,None,Digital Wallet,1
26,18,153.17,2537.13,5,135.45,1,4,24,20,79.3,65,,3,7,31.1,Two Year,None,Credit Card,1
34,51,173.99,8805.8,10,141.87,7,3,7,22,61.0,13,15,5,,9.6,One Year,Fiber,Digital Wallet,0
22,5,104.28,572.07,5,59.86,6,1,24,57,24.1,87,12,1,13,9.0,One Year,Fiber,Digital Wallet,1
39,65,149.37,8819.27,7,88.77,6,4,17,60,47.0,10,13,,9,,Two Year,DSL,Bank Transfer,1
54,71,173.01,,8,67.09,6,3,22,31,19.1,23,2,7,11,22.6,Two Year,DSL,Bank Transfer,0
36,62,167.41,10261.56,6,6.43,7,3,,,50.6,64,6,4,9,39.6,One Year,DSL,Debit Card,0
47,47,65.85,3535.16,1,109.04,3,4,11,10,43.6,6,2,10,6,40.8,One Year,Fiber,Digital Wallet,0
66,69,28.41,1699.67,5,19.3,7,5,4,2,6.0,41,8,6,4,40.8,One Year,None,Bank Transfer,0
44,6,80.95,512.84,10,46.71,7,2,27,11,23.0,42,10,8,4,,Monthly,None,Debit Card,1
23,34,110.94,3942.67,5,127.72,,3,29,37,62.3,64,5,,15,40.3,One Year,DSL,Bank Transfer,1
49,58,166.16,10414.64,0,85.33,1,2,27,35,84.1,0,1,0,4,44.8,Two Year,DSL,Digital Wallet,0
23,60,107.52,6466.93,8,123.84,7,3,9,45,57.0,90,2,6,3,47.7,Two Year,DSL,Digital Wallet,0
27,38,169.08,5773.17,0,113.82,2,2,26,57,52.5,46,6,5,4,22.8,Two Year,Fiber,Digital Wallet,1
,60,157.61,10152.54,1,56.71,3,2,19,,71.2,27,0,1,14,33.5,One Year,None,Credit Card,1
47,38,65.9,2143.39,3,44.75,5,4,8,,12.3,41,0,7,9,38.0,Monthly,Fiber,Debit Card,0
32,15,156.37,2594.48,3,41.27,4,4,5,7,75.7,36,2,10,1,42.0,Two Year,Fiber,Digital Wallet,1
37,14,77.66,1107.18,11,61.55,4,5,21,37,51.3,24,14,10,14,43.9,Two Year,Fiber,Digital Wallet,0
20,21,149.02,2932.15,9,140.86,7,4,6,57,33.7,45,0,1,3,3.3,Two Year,None,Credit Card,0
61,45,36.32,1483.05,5,86.72,2,1,2,50,52.4,46,8,9,12,24.4,One Year,None,Bank Transfer,0
41,13,57.87,672.82,1,1.18,1,,16,35,60.6,0,14,1,4,41.9,Two Year,DSL,Credit Card,0
26,9,,387.9,12,131.78,1,3,13,35,44.7,60,11,2,2,2.0,Monthly,None,Bank Transfer,0
38,39,43.92,1804.2,5,106.29,6,5,,53,14.5,21,1,10,6,40.3,One Year,Fiber,Digital Wallet,0
,49,97.15,4903.96,2,93.2,6,4,24,37,75.5,59,0,6,5,34.0,Two Year,DSL,Debit Card,0
39,68,173.92,,12,109.45,5,5,21,57,60.1,42,2,7,15,18.2,Monthly,Fiber,Bank Transfer,0
19,6,65.52,357.19,0,103.22,4,4,4,30,,21,11,5,4,27.3,One Year,None,Bank Transfer,0
32,20,129.96,2517.06,12,,,3,1,28,78.7,26,9,8,4,22.8,Two Year,None,Debit Card,0
32,1,26.77,29.95,6,38.86,4,3,29,50,,31,1,9,6,37.0,Monthly,None,Bank Transfer,0
21,28,111.5,2752.16,0,122.2,1,1,8,49,25.8,27,1,5,13,2.2,,Fiber,Debit Card,0
20,53,129.98,5968.94,8,,4,5,9,43,48.4,47,10,8,11,15.2,Monthly,DSL,Debit Card,0
46,50,101.22,5011.75,5,104.12,7,3,9,10,53.2,63,15,5,1,4.3,Monthly,Fiber,Bank Transfer,1
44,57,66.5,3539.55,2,114.57,2,1,13,25,7.1,45,5,3,9,39.6,One Year,None,Digital Wallet,1
36,24,138.21,3547.08,11,33.75,3,4,28,32,41.5,28,,2,5,2.5,Two Year,Fiber,Digital Wallet,0
31,49,39.18,1763.76,1,138.02,3,3,6,14,66.4,25,9,7,8,32.5,Monthly,Fiber,Digital Wallet,0
52,46,99.03,4492.57,12,64.95,3,3,29,52,57.4,49,2,5,11,31.8,Two Year,None,Digital Wallet,1
19,32,132.55,4563.79,5,149.92,1,3,21,50,61.5,82,9,10,14,6.3,Two Year,None,Debit Card,1
47,53,33.89,1538.11,5,4.03,4,1,3,60,65.1,45,11,1,1,24.7,One Year,None,Credit Card,0
43,49,161.12,6915.27,8,79.4,1,1,,5,66.6,56,4,9,8,45.2,Monthly,None,Debit Card,1
50,28,120.89,3238.82,6,25.72,7,3,5,4,36.4,47,2,1,7,31.2,One Year,DSL,Credit Card,1
33,43,141.03,6708.99,8,118.19,6,1,19,53,79.9,90,14,1,10,36.7,Two Year,Fiber,Debit Card,1
63,14,20.31,311.27,7,117.36,2,3,30,29,34.2,17,3,30,4,40.6,Monthly,DSL,Credit Card,1
63,33,172.6,5190.61,1,66.71,7,1,23,4,58.9,35,12,3,13,40.7,Monthly,None,Digital Wallet,1
64,59,158.81,9796.91,9,80.84,5,2,11,2,62.1,38,9,5,10,9.5,Two Year,Fiber,Debit Card,0
27,46,63.23,2859.05,9,87.24,2,3,26,7,22.8,83,0,5,5,34.6,One Year,,,1
48,15,122.21,2017.99,6,103.92,6,,8,13,38.0,88,3,3,2,14.8,One Year,Fiber,Bank Transfer,0
18,60,152.06,9892.84,7,114.79,7,3,23,57,32.5,66,8,5,9,15.1,Monthly,Fiber,Debit Card,1
48,49,128.18,5582.95,8,147.54,4,4,27,32,13.1,22,14,9,4,37.6,,DSL,Bank Transfer,0
40,16,132.51,2176.61,6,66.29,3,2,2,47,75.4,71,6,0,7,10.4,One Year,DSL,Debit Card,0
49,14,18.2,267.81,4,25.48,4,,8,12,73.4,58,7,5,4,34.4,Two Year,DSL,Debit Card,0
51,54,100.83,6206.3,10,97.69,2,2,5,58,31.3,28,10,0,3,47.9,Monthly,DSL,Digital Wallet,1
43,1,46.76,47.01,7,131.21,2,4,28,1,31.9,63,15,5,3,8.1,Monthly,None,Debit Card,0
20,5,136.1,580.92,2,32.61,3,2,30,60,90.0,24,7,10,14,27.2,Two Year,Fiber,Bank Transfer,0
67,27,74.22,1723.12,0,19.23,3,4,7,35,19.4,48,13,9,5,32.0,Monthly,DSL,Bank Transfer,0
64,39,116.69,4695.3,7,81.53,3,1,26,15,64.5,39,9,5,12,16.0,Two Year,Fiber,Digital Wallet,1
30,63,155.82,10056.8,2,81.47,1,5,20,35,48.2,50,3,6,7,20.0,Monthly,DSL,Debit Card,0
69,5,114.53,503.49,4,109.88,4,5,5,19,55.3,59,14,0,13,17.8,One Year,None,Credit Card,1
61,34,160.83,6195.93,6,56.0,3,4,12,23,10.4,23,13,7,11,32.0,Two Year,None,Bank Transfer,0
19,59,,,1,30.45,2,3,29,24,38.4,72,6,3,5,33.3,One Year,DSL,Bank Transfer,1
62,69,,2953.87,3,126.96,5,3,15,26,5.2,72,13,7,7,49.0,One Year,None,Digital Wallet,1
35,71,127.76,8336.6,4,,3,4,15,52,53.0,49,6,8,10,7.5,Two Year,Fiber,Credit Card,0
59,29,167.75,5529.8,12,51.16,6,2,19,4,47.7,28,2,1,12,19.5,Two Year,None,Digital Wallet,1
34,34,143.48,4802.24,6,125.15,4,2,4,1,42.3,68,2,1,7,30.9,One Year,Fiber,Debit Card,1
56,64,170.44,11462.07,8,107.38,4,1,22,8,32.2,73,14,4,14,,One Year,Fiber,Credit Card,1
66,39,133.44,5513.71,,95.12,6,1,27,8,82.5,36,5,6,2,15.6,Monthly,DSL,Bank Transfer,1
40,11,177.6,2149.74,8,102.11,7,5,18,42,70.4,27,14,0,9,5.8,Two Year,Fiber,Bank Transfer,0
35,29,164.93,4864.13,,6.04,3,5,29,12,24.5,4,3,2,9,31.3,One Year,None,Digital Wallet,0
43,30,31.54,899.35,8,11.16,5,4,13,29,76.0,34,4,9,6,41.3,,None,Credit Card,0
38,36,125.67,4972.31,6,40.99,6,5,5,15,77.0,72,8,8,9,45.5,One Year,None,Credit Card,1
69,54,61.63,3592.61,8,104.25,3,1,5,6,15.1,36,12,0,6,30.1,Two Year,Fiber,Digital Wallet,1
43,19,,1596.19,2,59.01,6,2,12,6,11.8,66,15,0,12,16.0,Monthly,DSL,Debit Card,1
50,36,97.09,3362.84,4,75.81,1,1,18,28,24.4,15,,6,10,30.5,,Fiber,Bank Transfer,0
20,16,86.71,1355.19,5,83.31,7,4,14,51,40.7,,10,3,12,6.9,Two Year,DSL,Bank Transfer,0
57,27,21.8,613.57,1,131.24,5,5,6,9,35.3,2,7,8,15,46.4,,DSL,Credit Card,0
64,57,160.03,9925.74,4,147.65,7,2,27,26,49.1,57,0,10,4,22.6,One Year,Fiber,Digital Wallet,1
52,3,90.26,307.83,12,17.88,2,1,8,,38.4,,10,6,6,21.7,Monthly,None,Digital Wallet,1
31,51,47.18,2554.9,10,113.42,2,5,4,51,60.1,,5,3,14,2.9,,Fiber,Credit Card,0
49,71,149.49,11899.31,4,800,4,5,30,46,66.9,63,1,1,3,11.6,One Year,DSL,Debit Card,0
58,61,131.87,7674.92,,12.58,5,2,18,,61.8,16,4,0,2,11.7,One Year,Fiber,Bank Transfer,0
48,,132.72,4871.04,5,7.88,6,4,22,19,55.0,10,,3,10,7.8,Monthly,Fiber,Digital Wallet,0
65,40,117.83,4778.29,2,116.09,5,2,2,16,50.3,88,0,10,4,47.0,Two Year,Fiber,Debit Card,0
65,59,138.29,8975.92,,141.67,4,1,9,47,84.9,36,15,10,7,,One Year,DSL,,1
60,41,103.43,4247.15,10,11.68,4,5,19,19,60.2,19,5,2,15,11.8,Two Year,None,Digital Wallet,0
55,44,132.78,5881.97,9,31.95,6,2,1,5,81.8,4,2,0,8,,Monthly,None,Debit Card,0
61,64,64.5,4425.68,8,35.93,1,1,19,57,,34,3,0,9,47.3,Monthly,DSL,Bank Transfer,1
39,32,95.15,2714.74,9,,1,4,16,22,50.3,60,,0,3,10.8,Monthly,None,Debit Card,1
,9,76.74,776.19,9,129.98,1,3,20,16,,56,5,3,5,45.0,,None,Debit Card,0
37,19,72.45,1303.05,10,58.81,1,1,29,25,69.1,54,9,4,15,3.3,Two Year,DSL,Digital Wallet,0
61,70,115.81,7103.28,7,138.98,6,5,14,,18.5,53,4,0,,,Two Year,DSL,Bank Transfer,0
52,12,24.58,258.99,4,9.97,6,1,16,47,85.4,44,5,,1,19.3,Monthly,Fiber,Digital Wallet,1
28,42,162.86,6470.72,2,133.89,7,5,16,2,88.7,39,13,0,14,18.2,One Year,None,Credit Card,1
20,65,64.59,4379.17,11,50.47,1,4,23,59,3.3,33,4,0,13,14.1,Monthly,Fiber,Digital Wallet,0
70,,69.69,3527.68,3,24.58,7,5,27,17,28.0,29,7,10,4,16.1,Two Year,Fiber,Debit Card,0
22,8,50.61,435.03,0,4.7,2,2,10,35,14.3,42,0,6,3,23.4,Two Year,Fiber,Bank Transfer,0
21,66,169.9,12473.89,8,30.65,5,4,27,3,25.2,48,3,4,4,17.1,One Year,Fiber,Bank Transfer,1
25,,109.43,,5,99.82,4,3,20,27,57.1,29,6,3,1,,Monthly,Fiber,Credit Card,0
62,44,105.34,4052.81,1,54.37,5,3,7,22,2.3,55,40,9,3,18.0,Two Year,None,Credit Card,0
56,36,116.02,4759.5,10,127.95,3,2,14,60,19.2,27,2,2,14,49.5,Two Year,Fiber,Digital Wallet,0
40,44,81.49,3640.86,10,9.36,2,2,0,41,48.8,47,6,8,12,14.9,One Year,None,Debit Card,1
41,9,50.04,407.69,12,111.58,4,3,2,35,18.6,47,3,,7,5.7,Monthly,Fiber,Credit Card,0
20,59,,6637.92,3,41.54,1,4,26,29,71.4,87,13,10,1,,Monthly,None,Debit Card,0
46,31,65.98,2110.96,9,64.85,2,1,11,24,21.5,30,14,5,4,5.1,One Year,Fiber,Digital Wallet,1
29,21,57.14,1028.24,10,100.78,1,,10,37,19.4,90,10,,2,26.7,One Year,Fiber,Credit Card,1
53,61,172.27,9775.08,10,79.81,4,3,20,32,88.5,66,8,2,15,11.4,Monthly,None,Credit Card,1
28,56,66.28,3278.02,4,88.02,7,5,22,33,28.1,49,7,4,15,14.3,One Year,None,Debit Card,0
57,54,116.0,6901.73,11,127.75,5,2,,23,34.4,10,11,10,8,0.3,One Year,DSL,Debit Card,0
32,2,62.76,116.11,4,83.51,3,5,17,59,47.0,18,12,8,8,14.6,Monthly,,Digital Wallet,0
31,15,175.82,2740.68,0,21.85,1,2,0,4,50.0,87,0,3,,4.5,Monthly,None,Bank Transfer,1
40,48,175.77,8356.45,12,65.82,1,4,29,14,24.2,39,9,3,1,16.7,One Year,DSL,Digital Wallet,0
40,3,145.81,,3,83.41,5,5,17,7,83.3,10,7,7,11,4.3,One Year,None,Credit Card,1
68,19,165.07,2780.71,6,33.88,3,3,4,35,28.9,66,13,3,13,45.6,,None,Digital Wallet,1
31,22,47.9,966.2,2,112.94,4,1,9,40,25.0,17,,4,1,8.0,One Year,DSL,Bank Transfer,0
34,47,,4364.79,3,108.31,2,1,0,33,10.7,45,8,8,12,1.2,One Year,None,Credit Card,1
,67,101.12,6116.15,3,73.47,7,3,28,38,6.1,73,8,,5,24.9,Monthly,None,Credit Card,0
70,19,63.87,1045.4,2,132.59,6,3,13,7,22.4,44,8,7,4,39.8,Monthly,DSL,Credit Card,1
67,42,68.14,3080.75,12,103.6,2,3,20,36,12.5,33,3,10,6,23.2,One Year,None,Credit Card,0
21,58,166.01,9815.05,2,112.85,6,2,19,54,39.7,46,4,8,11,18.3,Monthly,None,Bank Transfer,1
18,66,139.97,10402.96,12,146.92,3,3,21,29,26.2,52,11,9,11,37.7,Monthly,DSL,Credit Card,1
30,30,93.38,2960.77,3,62.61,7,2,11,49,85.4,63,3,2,2,14.6,Monthly,Fiber,Digital Wallet,1
21,43,102.52,4812.73,4,26.17,7,5,29,57,36.5,19,7,1,1,8.9,One Year,None,Bank Transfer,0
49,37,93.72,3658.0,9,30.41,4,,7,21,85.2,12,12,0,9,12.4,Monthly,Fiber,Digital Wallet,0
67,1,116.92,126.21,10,87.98,3,5,22,57,62.6,35,15,,15,9.8,Monthly,None,Bank Transfer,0
28,14,137.41,1803.15,11,120.51,2,4,14,,9.1,67,5,6,12,23.9,Monthly,Fiber,Digital Wallet,1
23,53,78.93,3830.37,12,21.79,6,4,20,50,82.4,44,8,1,5,13.3,One Year,None,Debit Card,1
35,44,52.22,2107.33,7,109.84,4,5,25,30,54.6,89,13,2,8,19.9,One Year,,Digital Wallet,0
21,52,51.43,2304.19,7,88.63,2,2,22,14,58.3,71,2,7,,,Monthly,None,Bank Transfer,0
32,24,27.25,654.71,7,83.34,7,1,23,25,14.5,82,15,7,4,16.4,Two Year,Fiber,Credit Card,1
61,60,50.01,2820.65,6,78.74,7,1,,40,27.9,78,8,7,13,33.3,Two Year,Fiber,Debit Card,0
43,13,79.01,999.88,2,136.2,6,5,30,3,49.9,73,4,9,7,27.0,One Year,Fiber,,0
49,58,151.58,8081.28,6,58.16,7,3,4,31,23.0,1,0,7,6,18.4,One Year,Fiber,Bank Transfer,1
30,66,53.19,3511.07,0,15.11,4,3,29,10,71.9,82,4,0,13,49.3,Two Year,DSL,Credit Card,0
48,65,134.84,8861.98,6,18.98,5,2,11,27,,53,13,4,,44.4,Two Year,None,Credit Card,1
53,4,38.88,174.45,2,102.07,3,4,13,6,87.6,52,10,1,8,34.9,One Year,None,Digital Wallet,1
29,52,73.55,3822.16,0,45.16,,5,25,34,19.7,73,5,3,11,36.5,One Year,Fiber,Credit Card,1
43,10,90.11,973.07,9,83.89,4,4,28,,16.7,26,10,9,9,47.8,Monthly,None,Digital Wallet,1
70,42,64.49,2427.71,12,93.24,,3,27,56,36.2,41,4,9,7,23.0,Two Year,DSL,Digital Wallet,1
56,10,130.77,1272.31,0,73.77,6,1,23,3,4.5,10,14,9,8,23.5,One Year,None,Credit Card,1
28,2,19.11,43.03,11,105.19,3,2,6,33,16.7,31,10,5,3,7.1,,,Credit Card,1
34,44,123.01,5252.37,10,94.04,2,1,5,,24.7,82,0,9,5,5.3,Monthly,None,Digital Wallet,1
40,21,69.34,1374.51,7,116.57,3,4,22,40,51.3,53,9,9,6,1.3,Two Year,None,Debit Card,0
50,62,76.17,5392.29,2,9.38,6,2,22,58,10.7,88,6,0,7,5.1,Monthly,Fiber,Bank Transfer,0
54,38,89.71,3510.96,9,122.09,1,4,19,37,66.2,70,3,8,10,6.4,One Year,Fiber,Credit Card,1
55,8,,809.75,,99.11,3,4,17,40,6.7,49,14,8,6,26.9,Monthly,Fiber,Credit Card,1
,59,146.34,8592.48,12,,2,5,23,32,31.3,88,10,3,12,38.0,Monthly,None,Digital Wallet,1
21,30,108.78,,11,114.36,4,2,7,33,2.3,3,8,1,5,33.4,Monthly,Fiber,Digital Wallet,0
59,40,119.89,4253.46,0,123.46,7,2,30,14,73.6,1,1,10,9,48.9,,None,Digital Wallet,1
62,25,169.89,3940.86,7,78.82,5,2,9,,16.7,11,2,4,8,32.2,One Year,DSL,Bank Transfer,0
49,29,42.88,1175.14,11,94.4,1,3,28,27,8.2,24,2,,5,11.3,Monthly,None,Digital Wallet,0
27,33,176.9,6381.14,11,60.08,1,4,8,4,22.1,81,6,0,1,38.4,One Year,None,Bank Transfer,1
46,20,95.75,1783.45,6,84.96,4,3,8,8,22.0,23,12,3,12,35.5,Two Year,Fiber,Bank Transfer,0
53,17,36.7,624.72,0,88.77,2,1,24,15,20.2,59,0,4,11,,Two Year,Fiber,Debit Card,0
28,66,110.13,8157.9,10,29.16,6,2,24,54,42.4,83,13,8,1,23.9,Two Year,Fiber,Bank Transfer,1
50,25,22.38,633.72,0,94.31,4,3,3,15,5.5,9,0,9,13,7.7,Monthly,Fiber,,0
59,57,49.57,,0,108.1,2,3,16,54,86.6,54,10,3,4,38.5,Two Year,DSL,Digital Wallet,0
45,7,65.28,504.45,10,61.88,1,3,7,30,46.5,66,,4,4,,One Year,None,Digital Wallet,1
54,49,78.12,4025.87,,92.44,5,2,5,47,31.7,57,1,8,9,16.7,Monthly,DSL,Credit Card,1
24,,161.34,2680.31,4,84.51,7,4,,25,12.4,30,,9,12,33.1,Monthly,Fiber,,1
43,60,18.75,1072.81,9,42.5,5,4,12,44,55.2,17,7,3,12,23.1,Monthly,DSL,Credit Card,0
59,7,65.21,424.87,4,141.48,6,4,7,21,80.8,23,1,0,1,33.0,One Year,Fiber,Bank Transfer,0
67,17,,2165.01,0,25.55,1,1,0,51,61.2,21,5,7,10,28.1,Monthly,DSL,Digital Wallet,0
46,62,57.89,3427.07,4,138.34,6,5,20,4,66.3,38,6,6,9,8.4,One Year,DSL,Digital Wallet,1
44,30,118.61,3464.85,11,19.58,3,3,10,13,81.9,13,10,10,1,13.3,Monthly,None,Digital Wallet,0
47,10,108.94,1219.08,0,104.14,2,2,0,6,13.7,89,,,14,48.2,Two Year,None,Debit Card,1
67,40,45.9,1932.71,3,25.67,1,1,26,41,53.1,16,13,10,7,38.1,Monthly,,Digital Wallet,0
57,54,116.0,6901.73,11,127.75,5,2,,23,34.4,10,11,10,8,0.3,One Year,DSL,Debit Card,0
19,31,82.61,2502.27,9,81.28,7,2,24,30,40.3,39,8,8,3,32.1,Two Year,DSL,Debit Card,1
,23,22.26,510.52,3,21.39,7,2,22,41,9.9,18,14,1,7,36.0,Two Year,Fiber,Bank Transfer,0
31,39,141.55,6066.03,4,140.61,4,4,29,22,68.6,89,13,3,12,24.4,Monthly,DSL,Digital Wallet,1
60,30,70.78,2162.38,11,103.57,4,2,24,41,79.5,73,10,3,3,,Two Year,DSL,Digital Wallet,0
60,38,99.34,3980.59,4,46.53,7,2,0,1,42.9,37,10,10,13,44.9,One Year,None,Digital Wallet,1
50,47,121.25,6034.24,6,300,5,5,6,53,,73,7,9,,46.3,One Year,DSL,Bank Transfer,1
